accounting_date,fiscal_year,fiscal_month,calendar_year,calendar_month,calendar_day,company_code,customer_code,customer_district_code,item_code,business_area_code,item_group_code,item_class_code,item_type,bonus_group_code,environment_group_code,technology_group_code,commission_group_code,reporting_classification,light_source,warehouse_code,abc_class_code,abc_class_volume,business_chain_l1_code,business_chain_l1_name,contact_method_code,salesperson_code,order_type_code,market_segment,value_sales,value_cost,value_quantity,value_price_adjustment,currency,item_source_class,invoice_number,line_number,invoice_date,customer_order_number,order_date,dss_update_time
20120509,2012,11,2012,5,9,101,CUST_000001,410,ITEM_000001,LMP                           ,LMP01008                      ,LMP01                         ,5,Trade          ,S                             ,SYLV                                    ,NET_SALES                     ,Discontinuing,Traditional,Q1 ,J,J,ELC,ElectraCorp Ltd,NA                            ,SP_000001,NOR,Commercial & Industrial,218.4,178.1976,84,0,AUD,,INV_000001,LINE_000001,20120509,ORD_000001,20120509,49:58.7
20120216,2012,8,2012,2,16,101,CUST_000002,300,ITEM_000001,LMP                           ,LMP01008                      ,LMP01                         ,5,Trade          ,S                             ,SYLV                                    ,NET_SALES                     ,Discontinuing,Traditional,V0 ,J,J,BPS,BrightPower Solutions,NA                            ,SP_000002,NOR,Commercial & Industrial,38.28,25.4568,12,0,AUD,,INV_000002,LINE_000001,20120216,ORD_000002,20120216,49:58.7
20120509,2012,11,2012,5,9,101,CUST_000002,300,ITEM_000001,LMP                           ,LMP01008                      ,LMP01                         ,5,Trade          ,S                             ,SYLV                                    ,NET_SALES                     ,Discontinuing,Traditional,V0 ,J,J,BPS,BrightPower Solutions,NA                            ,SP_000002,NOR,Commercial & Industrial,40.2,25.4568,12,0,AUD,,INV_000003,LINE_000001,20120509,ORD_000003,20120508,49:58.7
20120109,2012,7,2012,1,9,101,CUST_000003,500,ITEM_000001,LMP                           ,LMP01008                      ,LMP01                         ,5,Trade          ,S                             ,SYLV                                    ,NET_SALES                     ,Discontinuing,Traditional,S0 ,J,J,GEW,Global Electric Wholesalers,NA                            ,SP_000003,EDI,Commercial & Industrial,19.14,12.7284,6,0,AUD,,INV_000004,LINE_000001,20120109,ORD_000004,20120109,49:58.7
20120504,2012,11,2012,5,4,101,CUST_000004,300,ITEM_000001,LMP                           ,LMP01008                      ,LMP01                         ,5,Trade          ,S                             ,SYLV                                    ,NET_SALES                     ,Discontinuing,Traditional,V0 ,J,J,BPS,BrightPower Solutions,NA                            ,SP_000004,NOR,Commercial & Industrial,20.1,12.7284,6,0,AUD,,INV_000005,LINE_000002,20120504,ORD_000005,20120503,49:58.7
20120626,2012,12,2012,6,26,101,CUST_000004,300,ITEM_000001,LMP                           ,LMP01008                      ,LMP01                         ,5,Trade          ,S                             ,SYLV                                    ,NET_SALES                     ,Discontinuing,Traditional,V0 ,J,J,BPS,BrightPower Solutions,NA                            ,SP_000004,NOR,Commercial & Industrial,20.1,12.7284,6,0,AUD,,INV_000006,LINE_000001,20120626,ORD_000006,20120626,49:58.7
20120605,2012,12,2012,6,5,101,CUST_000005,300,ITEM_000001,LMP                           ,LMP01008                      ,LMP01                         ,5,Trade          ,S                             ,SYLV                                    ,NET_SALES                     ,Discontinuing,Traditional,V0 ,J,J,BPS,BrightPower Solutions,NA                            ,SP_000004,NOR,Commercial & Industrial,20.1,12.7284,6,0,AUD,,INV_000007,LINE_000001,20120605,ORD_000007,20120605,49:58.7
20120622,2012,12,2012,6,22,101,CUST_000005,300,ITEM_000001,LMP                           ,LMP01008                      ,LMP01                         ,5,Trade          ,S                             ,SYLV                                    ,NET_SALES                     ,Discontinuing,Traditional,V0 ,J,J,BPS,BrightPower Solutions,NA                            ,SP_000004,NOR,Commercial & Industrial,80.4,50.9136,24,0,AUD,,INV_000008,LINE_000001,20120622,ORD_000008,20120622,49:58.7
20120418,2012,10,2012,4,18,101,CUST_000006,310,ITEM_000002,LMP                           ,LMP01008                      ,LMP01                         ,5,Trade          ,S                             ,SYLV                                    ,NET_SALES                     ,Discontinuing,Traditional,T0 ,J,J,MED,Metro Electrical Distributors,NA                            ,SP_000005,NOR,Commercial & Industrial,20.1,12.7284,6,0,AUD,,INV_000009,LINE_000001,20120418,ORD_000009,20120418,49:58.7
20120118,2012,7,2012,1,18,101,CUST_000007,400,ITEM_000003,LMP                           ,LMP01008                      ,LMP01                         ,5,Trade          ,S                             ,SYLV                                    ,NET_SALES                     ,Discontinuing,Traditional,Q0 ,J,J,MED,Metro Electrical Distributors,NA                            ,SP_000006,NOR,Commercial & Industrial,76.56,50.9136,24,0,AUD,,INV_000010,LINE_000002,20120118,ORD_000010,20120111,49:58.7
20120117,2012,7,2012,1,17,101,CUST_000008,400,ITEM_000002,LMP                           ,LMP01008                      ,LMP01                         ,5,Trade          ,S                             ,SYLV                                    ,NET_SALES                     ,Discontinuing,Traditional,Q0 ,J,J,MED,Metro Electrical Distributors,NA                            ,SP_000006,NOR,Commercial & Industrial,19.14,12.7284,6,0,AUD,,INV_000011,LINE_000001,20120117,ORD_000011,20120117,49:58.7
20120420,2012,10,2012,4,20,101,CUST_000009,200,ITEM_000004,FLD                           ,FLD03002                      ,FLD03                         ,1,Professional   ,S                             ,SYLV                                    ,NET_SALES                     ,Discontinuing,Traditional,N0 ,J,J,AEG,Aussie Energy Group,NA                            ,SP_000007,NOR,Commercial & Industrial,3992.0,2098.76,4,0,AUD,,INV_000012,LINE_000002,20120420,ORD_000012,20120329,49:58.7
20120423,2012,10,2012,4,23,101,CUST_000010,300,ITEM_000002,LMP                           ,LMP01008                      ,LMP01                         ,5,Trade          ,S                             ,SYLV                                    ,NET_SALES                     ,Discontinuing,Traditional,V0 ,J,J,BPS,BrightPower Solutions,NA                            ,SP_000008,NOR,Commercial & Industrial,40.2,25.4568,12,0,AUD,,INV_000013,LINE_000001,20120423,ORD_000013,20120423,49:58.7
20120125,2012,7,2012,1,25,101,CUST_000010,300,ITEM_000002,LMP                           ,LMP01008                      ,LMP01                         ,5,Trade          ,S                             ,SYLV                                    ,NET_SALES                     ,Discontinuing,Traditional,V0 ,J,J,BPS,BrightPower Solutions,NA                            ,SP_000008,NOR,Commercial & Industrial,38.28,25.4568,12,0,AUD,,INV_000014,LINE_000001,20120125,ORD_000014,20120125,49:58.7
20120427,2012,10,2012,4,27,101,CUST_000011,300,ITEM_000002,LMP                           ,LMP01008                      ,LMP01                         ,5,Trade          ,S                             ,SYLV                                    ,NET_SALES                     ,Discontinuing,Traditional,V0 ,J,J,BPS,BrightPower Solutions,NA                            ,SP_000004,NOR,Commercial & Industrial,1222.08,814.6176,384,0,AUD,,INV_000015,LINE_000001,20120427,ORD_000015,20120427,49:58.7
20120319,2012,9,2012,3,19,101,CUST_000012,200,ITEM_000005,LMP                           ,LMP01008                      ,LMP01                         ,5,Trade          ,S                             ,SYLV                                    ,NET_SALES                     ,Discontinuing,Traditional,N0 ,J,J,MED,Metro Electrical Distributors,NA                            ,SP_000009,NOR,Commercial & Industrial,40.2,25.4568,12,0,AUD,,INV_000016,LINE_000001,20120319,ORD_000016,20120319,49:58.7
20120227,2012,8,2012,2,27,101,CUST_000013,300,ITEM_000006,LMP                           ,LMP01008                      ,LMP01                         ,5,Trade          ,S                             ,SYLV                                    ,NET_SALES                     ,Discontinuing,Traditional,V0 ,J,J,BPS,BrightPower Solutions,NA                            ,SP_000002,NOR,Commercial & Industrial,19.14,12.7284,6,0,AUD,,INV_000017,LINE_000001,20120227,ORD_000017,20120227,49:58.7
20120521,2012,11,2012,5,21,101,CUST_000014,300,ITEM_000006,LMP                           ,LMP01008                      ,LMP01                         ,5,Trade          ,S                             ,SYLV                                    ,NET_SALES                     ,Discontinuing,Traditional,V0 ,J,J,BPS,BrightPower Solutions,NA                            ,SP_000004,NOR,Commercial & Industrial,80.4,50.9136,24,0,AUD,,INV_000018,LINE_000001,20120521,ORD_000018,20120521,49:58.7
20120123,2012,7,2012,1,23,101,CUST_000013,300,ITEM_000007,LMP                           ,LMP01008                      ,LMP01                         ,5,Trade          ,S                             ,SYLV                                    ,NET_SALES                     ,Discontinuing,Traditional,V0 ,J,J,BPS,BrightPower Solutions,NA                            ,SP_000002,NOR,Commercial & Industrial,38.28,25.4568,12,0,AUD,,INV_000019,LINE_000001,20120123,ORD_000019,20120123,49:58.7
20120111,2012,7,2012,1,11,101,CUST_000014,300,ITEM_000007,LMP                           ,LMP01008                      ,LMP01                         ,5,Trade          ,S                             ,SYLV                                    ,NET_SALES                     ,Discontinuing,Traditional,V0 ,J,J,BPS,BrightPower Solutions,NA                            ,SP_000004,NOR,Commercial & Industrial,19.14,12.7284,6,0,AUD,,INV_000020,LINE_000001,20120111,ORD_000020,20120110,49:58.7
20120508,2012,11,2012,5,8,101,CUST_000014,300,ITEM_000007,LMP                           ,LMP01008                      ,LMP01                         ,5,Trade          ,S                             ,SYLV                                    ,NET_SALES                     ,Discontinuing,Traditional,V0 ,J,J,BPS,BrightPower Solutions,NA                            ,SP_000004,NOR,Commercial & Industrial,18.9,12.7284,6,0,AUD,,INV_000021,LINE_000001,20120508,ORD_000021,20120507,49:58.7
20120210,2012,8,2012,2,10,101,CUST_000013,300,ITEM_000007,LMP                           ,LMP01008                      ,LMP01                         ,5,Trade          ,S                             ,SYLV                                    ,NET_SALES                     ,Discontinuing,Traditional,V0 ,J,J,BPS,BrightPower Solutions,NA                            ,SP_000002,NOR,Commercial & Industrial,38.28,25.4568,12,0,AUD,,INV_000022,LINE_000001,20120210,ORD_000022,20120210,49:58.7
20120123,2012,7,2012,1,23,101,CUST_000015,300,ITEM_000007,LMP                           ,LMP01008                      ,LMP01                         ,5,Trade          ,S                             ,SYLV                                    ,NET_SALES                     ,Discontinuing,Traditional,V0 ,J,J,BPS,BrightPower Solutions,NA                            ,SP_000008,NOR,Commercial & Industrial,114.84,76.3704,36,0,AUD,,INV_000023,LINE_000001,20120123,ORD_000023,20120120,49:58.7
20120522,2012,11,2012,5,22,101,CUST_000002,300,ITEM_000007,LMP                           ,LMP01008                      ,LMP01                         ,5,Trade          ,S                             ,SYLV                                    ,NET_SALES                     ,Discontinuing,Traditional,V0 ,J,J,BPS,BrightPower Solutions,NA                            ,SP_000002,NOR,Commercial & Industrial,40.2,25.4568,12,0,AUD,,INV_000024,LINE_000002,20120522,ORD_000024,20120521,49:58.7
20120109,2012,7,2012,1,9,101,CUST_000010,300,ITEM_000007,LMP                           ,LMP01008                      ,LMP01                         ,5,Trade          ,S                             ,SYLV                                    ,NET_SALES                     ,Discontinuing,Traditional,V0 ,J,J,BPS,BrightPower Solutions,NA                            ,SP_000008,NOR,Commercial & Industrial,38.28,25.4568,12,0,AUD,,INV_000025,LINE_000001,20120109,ORD_000025,20120109,49:58.7
20120130,2012,7,2012,1,30,101,CUST_000016,300,ITEM_000007,LMP                           ,LMP01008                      ,LMP01                         ,5,Trade          ,S                             ,SYLV                                    ,NET_SALES                     ,Discontinuing,Traditional,V0 ,J,J,BPS,BrightPower Solutions,NA                            ,SP_000008,NOR,Commercial & Industrial,31.9,21.214,10,0,AUD,,INV_000026,LINE_000001,20120130,ORD_000026,20120130,49:58.7
20120619,2012,12,2012,6,19,101,CUST_000017,200,ITEM_000008,LMP                           ,LMP01008                      ,LMP01                         ,5,Trade          ,S                             ,SYLV                                    ,NET_SALES                     ,Discontinuing,Traditional,N0 ,J,J,MED,Metro Electrical Distributors,NA                            ,SP_000010,EDI,Commercial & Industrial,536.0,339.424,160,0,AUD,,INV_000027,LINE_000001,20120619,ORD_000027,20120619,49:58.7
20120615,2012,12,2012,6,15,101,CUST_000017,200,ITEM_000008,LMP                           ,LMP01008                      ,LMP01                         ,5,Trade          ,S                             ,SYLV                                    ,NET_SALES                     ,Discontinuing,Traditional,N0 ,J,J,MED,Metro Electrical Distributors,NA                            ,SP_000010,EDI,Commercial & Industrial,80.4,50.9136,24,0,AUD,,INV_000028,LINE_000001,20120615,ORD_000028,20120614,49:58.7
20120621,2012,12,2012,6,21,101,CUST_000018,200,ITEM_000008,LMP                           ,LMP01008                      ,LMP01                         ,5,Trade          ,S                             ,SYLV                                    ,NET_SALES                     ,Discontinuing,Traditional,N0 ,J,J,AEG,Aussie Energy Group,NA                            ,SP_000010,NOR,Commercial & Industrial,80.4,50.9136,24,0,AUD,,INV_000029,LINE_000001,20120621,ORD_000029,20120621,49:58.7
20120206,2012,8,2012,2,6,101,CUST_000018,200,ITEM_000008,LMP                           ,LMP01008                      ,LMP01                         ,5,Trade          ,S                             ,SYLV                                    ,NET_SALES                     ,Discontinuing,Traditional,N0 ,J,J,AEG,Aussie Energy Group,NA                            ,SP_000010,NOR,Commercial & Industrial,287.1,190.926,90,0,AUD,,INV_000030,LINE_000001,20120206,ORD_000030,20120206,49:58.7
20120214,2012,8,2012,2,14,101,CUST_000019,200,ITEM_000008,LMP                           ,LMP01008                      ,LMP01                         ,5,Trade          ,S                             ,SYLV                                    ,NET_SALES                     ,Discontinuing,Traditional,N0 ,J,J,MED,Metro Electrical Distributors,NA                            ,SP_000011,EDI,Commercial & Industrial,19.14,12.7284,6,0,AUD,,INV_000031,LINE_000001,20120214,ORD_000031,20120214,49:58.7
20120208,2012,8,2012,2,8,101,CUST_000019,200,ITEM_000008,LMP                           ,LMP01008                      ,LMP01                         ,5,Trade          ,S                             ,SYLV                                    ,NET_SALES                     ,Discontinuing,Traditional,N0 ,J,J,MED,Metro Electrical Distributors,NA                            ,SP_000011,EDI,Commercial & Industrial,38.28,25.4568,12,0,AUD,,INV_000032,LINE_000001,20120208,ORD_000032,20120207,49:58.7
20120206,2012,8,2012,2,6,101,CUST_000020,300,ITEM_000008,LMP                           ,LMP01008                      ,LMP01                         ,5,Trade          ,S                             ,SYLV                                    ,NET_SALES                     ,Discontinuing,Traditional,V0 ,J,J,MED,Metro Electrical Distributors,NA                            ,SP_000005,NOR,Commercial & Industrial,57.42,38.1852,18,0,AUD,,INV_000033,LINE_000002,20120206,ORD_000033,20120203,49:58.7
20120521,2012,11,2012,5,21,101,CUST_000012,200,ITEM_000009,LMP                           ,LMP01008                      ,LMP01                         ,5,Trade          ,S                             ,SYLV                                    ,NET_SALES                     ,Discontinuing,Traditional,N0 ,J,J,MED,Metro Electrical Distributors,NA                            ,SP_000009,NOR,Commercial & Industrial,20.1,12.7284,6,0,AUD,,INV_000034,LINE_000001,20120521,ORD_000034,20120521,49:58.7
20120208,2012,8,2012,2,8,101,CUST_000021,200,ITEM_000009,LMP                           ,LMP01008                      ,LMP01                         ,5,Trade          ,S                             ,SYLV                                    ,NET_SALES                     ,Discontinuing,Traditional,N0 ,J,J,MED,Metro Electrical Distributors,NA                            ,SP_000012,NOR,Commercial & Industrial,31.9,21.214,10,0,AUD,,INV_000035,LINE_000001,20120208,ORD_000035,20120208,49:58.7
20120120,2012,7,2012,1,20,101,CUST_000002,300,ITEM_000009,LMP                           ,LMP01008                      ,LMP01                         ,5,Trade          ,S                             ,SYLV                                    ,NET_SALES                     ,Discontinuing,Traditional,V0 ,J,J,BPS,BrightPower Solutions,NA                            ,SP_000002,NOR,Commercial & Industrial,19.14,12.7284,6,0,AUD,,INV_000036,LINE_000001,20120120,ORD_000036,20120119,49:58.7
20120202,2012,8,2012,2,2,101,CUST_000022,300,ITEM_000009,LMP                           ,LMP01008                      ,LMP01                         ,5,Trade          ,S                             ,SYLV                                    ,NET_SALES                     ,Discontinuing,Traditional,V0 ,J,J,BPS,BrightPower Solutions,NA                            ,SP_000008,NOR,Commercial & Industrial,38.28,25.4568,12,0,AUD,,INV_000037,LINE_000001,20120202,ORD_000037,20120201,49:58.7
20120503,2012,11,2012,5,3,101,CUST_000016,300,ITEM_000009,LMP                           ,LMP01008                      ,LMP01                         ,5,Trade          ,S                             ,SYLV                                    ,NET_SALES                     ,Discontinuing,Traditional,V0 ,J,J,BPS,BrightPower Solutions,NA                            ,SP_000008,NOR,Commercial & Industrial,18.9,12.7284,6,0,AUD,,INV_000038,LINE_000003,20120503,ORD_000038,20120502,49:58.7
20120221,2012,8,2012,2,21,101,CUST_000018,200,ITEM_000009,LMP                           ,LMP01008                      ,LMP01                         ,5,Trade          ,S                             ,SYLV                                    ,NET_SALES                     ,Discontinuing,Traditional,N0 ,J,J,AEG,Aussie Energy Group,NA                            ,SP_000010,NOR,Commercial & Industrial,95.7,63.642,30,0,AUD,,INV_000039,LINE_000001,20120221,ORD_000039,20120221,49:58.7
20120523,2012,11,2012,5,23,101,CUST_000019,200,ITEM_000009,LMP                           ,LMP01008                      ,LMP01                         ,5,Trade          ,S                             ,SYLV                                    ,NET_SALES                     ,Discontinuing,Traditional,N0 ,J,J,MED,Metro Electrical Distributors,NA                            ,SP_000011,EDI,Commercial & Industrial,20.1,12.7284,6,0,AUD,,INV_000040,LINE_000001,20120523,ORD_000040,20120523,49:58.7
20120221,2012,8,2012,2,21,101,CUST_000018,200,ITEM_000005,LMP                           ,LMP01008                      ,LMP01                         ,5,Trade          ,S                             ,SYLV                                    ,NET_SALES                     ,Discontinuing,Traditional,N0 ,J,J,AEG,Aussie Energy Group,NA                            ,SP_000010,NOR,Commercial & Industrial,57.42,38.1852,18,0,AUD,,INV_000039,LINE_000001,20120221,ORD_000039,20120221,49:58.7
20120306,2012,9,2012,3,6,101,CUST_000018,200,ITEM_000005,LMP                           ,LMP01008                      ,LMP01                         ,5,Trade          ,S                             ,SYLV                                    ,NET_SALES                     ,Discontinuing,Traditional,N0 ,J,J,AEG,Aussie Energy Group,NA                            ,SP_000010,NOR,Commercial & Industrial,120.6,76.3704,36,0,AUD,,INV_000041,LINE_000001,20120306,ORD_000041,20120306,49:58.7
20120621,2012,12,2012,6,21,101,CUST_000018,200,ITEM_000005,LMP                           ,LMP01008                      ,LMP01                         ,5,Trade          ,S                             ,SYLV                                    ,NET_SALES                     ,Discontinuing,Traditional,N0 ,J,J,AEG,Aussie Energy Group,NA                            ,SP_000010,NOR,Commercial & Industrial,120.6,76.3704,36,0,AUD,,INV_000029,LINE_000001,20120621,ORD_000029,20120621,49:58.7
20120119,2012,7,2012,1,19,101,CUST_000018,200,ITEM_000005,LMP                           ,LMP01008                      ,LMP01                         ,5,Trade          ,S                             ,SYLV                                    ,NET_SALES                     ,Discontinuing,Traditional,N0 ,J,J,AEG,Aussie Energy Group,NA                            ,SP_000010,NOR,Commercial & Industrial,76.56,50.9136,24,0,AUD,,INV_000042,LINE_000001,20120119,ORD_000042,20120119,49:58.7
20120208,2012,8,2012,2,8,101,CUST_000018,200,ITEM_000005,LMP                           ,LMP01008                      ,LMP01                         ,5,Trade          ,S                             ,SYLV                                    ,NET_SALES                     ,Discontinuing,Traditional,N0 ,J,J,AEG,Aussie Energy Group,NA                            ,SP_000010,NOR,Commercial & Industrial,19.14,12.7284,6,0,AUD,,INV_000043,LINE_000001,20120208,ORD_000043,20120208,49:58.7
20120228,2012,8,2012,2,28,101,CUST_000018,200,ITEM_000005,LMP                           ,LMP01008                      ,LMP01                         ,5,Trade          ,S                             ,SYLV                                    ,NET_SALES                     ,Discontinuing,Traditional,N0 ,J,J,AEG,Aussie Energy Group,NA                            ,SP_000010,NOR,Commercial & Industrial,57.42,38.1852,18,0,AUD,,INV_000044,LINE_000001,20120228,ORD_000044,20120228,49:58.7
20120228,2012,8,2012,2,28,101,CUST_000018,200,ITEM_000005,LMP                           ,LMP01008                      ,LMP01                         ,5,Trade          ,S                             ,SYLV                                    ,NET_SALES                     ,Discontinuing,Traditional,N0 ,J,J,AEG,Aussie Energy Group,NA                            ,SP_000010,NOR,Commercial & Industrial,19.14,12.7284,6,0,AUD,,INV_000045,LINE_000002,20120228,ORD_000044,20120228,49:58.7
20120503,2012,11,2012,5,3,101,CUST_000011,300,ITEM_000002,LMP                           ,LMP01008                      ,LMP01                         ,5,Trade          ,S                             ,SYLV                                    ,NET_SALES                     ,Discontinuing,Traditional,V0 ,J,J,BPS,BrightPower Solutions,NA                            ,SP_000004,NOR,Commercial & Industrial,439.18,292.7532,138,0,AUD,,INV_000046,LINE_000003,20120503,ORD_000015,20120427,49:58.7
20120307,2012,9,2012,3,7,101,CUST_000023,300,ITEM_000004,FLD                           ,FLD03002                      ,FLD03                         ,1,Professional   ,S                             ,SYLV                                    ,NET_SALES                     ,Discontinuing,Traditional,V0 ,J,J,MED,Metro Electrical Distributors,NA                            ,SP_000013,PRO,Commercial & Industrial,3840.0,2098.76,4,0,AUD,,INV_000047,LINE_000001,20120307,ORD_000045,20120307,49:58.7
20120427,2012,10,2012,4,27,101,CUST_000004,300,ITEM_000002,LMP                           ,LMP01008                      ,LMP01                         ,5,Trade          ,S                             ,SYLV                                    ,NET_SALES                     ,Discontinuing,Traditional,V0 ,J,J,BPS,BrightPower Solutions,NA                            ,SP_000004,NOR,Commercial & Industrial,20.1,12.7284,6,0,AUD,,INV_000048,LINE_000001,20120427,ORD_000046,20120427,49:58.7
20120504,2012,11,2012,5,4,101,CUST_000020,300,ITEM_000002,LMP                           ,LMP01008                      ,LMP01                         ,5,Trade          ,S                             ,SYLV                                    ,NET_SALES                     ,Discontinuing,Traditional,V0 ,J,J,MED,Metro Electrical Distributors,NA                            ,SP_000005,NOR,Commercial & Industrial,20.1,12.7284,6,0,AUD,,INV_000049,LINE_000001,20120504,ORD_000047,20120504,49:58.7
20120131,2012,7,2012,1,31,101,CUST_000020,300,ITEM_000002,LMP                           ,LMP01008                      ,LMP01                         ,5,Trade          ,S                             ,SYLV                                    ,NET_SALES                     ,Discontinuing,Traditional,V0 ,J,J,MED,Metro Electrical Distributors,NA                            ,SP_000005,NOR,Commercial & Industrial,19.14,12.7284,6,0,AUD,,INV_000050,LINE_000001,20120131,ORD_000048,20120131,49:58.7
20120224,2012,8,2012,2,24,101,CUST_000024,300,ITEM_000007,LMP                           ,LMP01008                      ,LMP01                         ,5,Trade          ,S                             ,SYLV                                    ,NET_SALES                     ,Discontinuing,Traditional,V0 ,J,J,MED,Metro Electrical Distributors,NA                            ,SP_000014,NOR,Commercial & Industrial,19.14,12.7284,6,0,AUD,,INV_000051,LINE_000001,20120224,ORD_000049,20120224,49:58.7
20120525,2012,11,2012,5,25,101,CUST_000020,300,ITEM_000007,LMP                           ,LMP01008                      ,LMP01                         ,5,Trade          ,S                             ,SYLV                                    ,NET_SALES                     ,Discontinuing,Traditional,V0 ,J,J,MED,Metro Electrical Distributors,NA                            ,SP_000005,NOR,Commercial & Industrial,20.1,12.7284,6,0,AUD,,INV_000052,LINE_000001,20120525,ORD_000050,20120525,49:58.7
20120203,2012,8,2012,2,3,101,CUST_000020,300,ITEM_000007,LMP                           ,LMP01008                      ,LMP01                         ,5,Trade          ,S                             ,SYLV                                    ,NET_SALES                     ,Discontinuing,Traditional,V0 ,J,J,MED,Metro Electrical Distributors,NA                            ,SP_000005,NOR,Commercial & Industrial,114.84,76.3704,36,0,AUD,,INV_000053,LINE_000001,20120203,ORD_000033,20120203,49:58.7
20120504,2012,11,2012,5,4,101,CUST_000020,300,ITEM_000007,LMP                           ,LMP01008                      ,LMP01                         ,5,Trade          ,S                             ,SYLV                                    ,NET_SALES                     ,Discontinuing,Traditional,V0 ,J,J,MED,Metro Electrical Distributors,NA                            ,SP_000005,NOR,Commercial & Industrial,40.2,25.4568,12,0,AUD,,INV_000049,LINE_000001,20120504,ORD_000047,20120504,49:58.7
20120604,2012,12,2012,6,4,101,CUST_000025,300,ITEM_000007,LMP                           ,LMP01008                      ,LMP01                         ,5,Trade          ,S                             ,SYLV                                    ,NET_SALES                     ,Discontinuing,Traditional,V0 ,J,J,MED,Metro Electrical Distributors,NA                            ,SP_000004,EDI,Commercial & Industrial,20.1,12.7284,6,0,AUD,,INV_000054,LINE_000001,20120604,ORD_000051,20120601,49:58.7
20120404,2012,10,2012,4,4,101,CUST_000026,300,ITEM_000007,LMP                           ,LMP01008                      ,LMP01                         ,5,Trade          ,S                             ,SYLV                                    ,NET_SALES                     ,Discontinuing,Traditional,V0 ,J,J,BPS,BrightPower Solutions,NA                            ,SP_000008,NOR,Commercial & Industrial,40.2,25.4568,12,0,AUD,,INV_000055,LINE_000001,20120404,ORD_000052,20120403,49:58.7
20120202,2012,8,2012,2,2,101,CUST_000027,300,ITEM_000007,LMP                           ,LMP01008                      ,LMP01                         ,5,Trade          ,S                             ,SYLV                                    ,NET_SALES                     ,Discontinuing,Traditional,V0 ,J,J,MED,Metro Electrical Distributors,NA                            ,SP_000004,NOS,Commercial & Industrial,159.5,106.07,50,0,AUD,,INV_000056,LINE_000001,20120202,ORD_000053,20120201,49:58.7
20120504,2012,11,2012,5,4,101,CUST_000020,300,ITEM_000008,LMP                           ,LMP01008                      ,LMP01                         ,5,Trade          ,S                             ,SYLV                                    ,NET_SALES                     ,Discontinuing,Traditional,V0 ,J,J,MED,Metro Electrical Distributors,NA                            ,SP_000005,NOR,Commercial & Industrial,60.3,38.1852,18,0,AUD,,INV_000049,LINE_000001,20120504,ORD_000047,20120504,49:58.7
20120419,2012,10,2012,4,19,101,CUST_000020,300,ITEM_000008,LMP                           ,LMP01008                      ,LMP01                         ,5,Trade          ,S                             ,SYLV                                    ,NET_SALES                     ,Discontinuing,Traditional,V0 ,J,J,MED,Metro Electrical Distributors,NA                            ,SP_000005,EDI,Commercial & Industrial,60.3,38.1852,18,0,AUD,,INV_000057,LINE_000001,20120419,ORD_000054,20120419,49:58.7
20120319,2012,9,2012,3,19,101,CUST_000020,300,ITEM_000008,LMP                           ,LMP01008                      ,LMP01                         ,5,Trade          ,S                             ,SYLV                                    ,NET_SALES                     ,Discontinuing,Traditional,V0 ,J,J,MED,Metro Electrical Distributors,NA                            ,SP_000005,EDI,Commercial & Industrial,20.1,12.7284,6,0,AUD,,INV_000058,LINE_000001,20120319,ORD_000055,20120319,49:58.7
20120124,2012,7,2012,1,24,101,CUST_000020,300,ITEM_000008,LMP                           ,LMP01008                      ,LMP01                         ,5,Trade          ,S                             ,SYLV                                    ,NET_SALES                     ,Discontinuing,Traditional,V0 ,J,J,MED,Metro Electrical Distributors,NA                            ,SP_000005,EDI,Commercial & Industrial,19.14,12.7284,6,0,AUD,,INV_000059,LINE_000001,20120124,ORD_000056,20120124,49:58.7
20120510,2012,11,2012,5,10,101,CUST_000028,200,ITEM_000008,LMP                           ,LMP01008                      ,LMP01                         ,5,Trade          ,S                             ,SYLV                                    ,NET_SALES                     ,Discontinuing,Traditional,N0 ,J,J,AEG,Aussie Energy Group,NA                            ,SP_000009,NOR,Commercial & Industrial,40.2,25.4568,12,0,AUD,,INV_000060,LINE_000001,20120510,ORD_000057,20120510,49:58.7
20120210,2012,8,2012,2,10,101,CUST_000029,200,ITEM_000008,LMP                           ,LMP01008                      ,LMP01                         ,5,Trade          ,S                             ,SYLV                                    ,NET_SALES                     ,Discontinuing,Traditional,N0 ,J,J,MED,Metro Electrical Distributors,NA                            ,SP_000011,EDI,Commercial & Industrial,19.14,12.7284,6,0,AUD,,INV_000061,LINE_000001,20120210,ORD_000058,20120210,49:58.7
20120307,2012,9,2012,3,7,101,CUST_000030,200,ITEM_000005,LMP                           ,LMP01008                      ,LMP01                         ,5,Trade          ,S                             ,SYLV                                    ,NET_SALES                     ,Discontinuing,Traditional,N0 ,J,J,MED,Metro Electrical Distributors,NA                            ,SP_000011,EDI,Commercial & Industrial,40.2,25.4568,12,0,AUD,,INV_000062,LINE_000001,20120307,ORD_000059,20120307,49:58.7
20120313,2012,9,2012,3,13,101,CUST_000030,200,ITEM_000005,LMP                           ,LMP01008                      ,LMP01                         ,5,Trade          ,S                             ,SYLV                                    ,NET_SALES                     ,Discontinuing,Traditional,N0 ,J,J,MED,Metro Electrical Distributors,NA                            ,SP_000011,EDI,Commercial & Industrial,20.1,12.7284,6,0,AUD,,INV_000063,LINE_000001,20120313,ORD_000060,20120313,49:58.7
20120328,2012,9,2012,3,28,101,CUST_000030,200,ITEM_000005,LMP                           ,LMP01008                      ,LMP01                         ,5,Trade          ,S                             ,SYLV                                    ,NET_SALES                     ,Discontinuing,Traditional,N0 ,J,J,MED,Metro Electrical Distributors,NA                            ,SP_000011,NOR,Commercial & Industrial,60.3,38.1852,18,0,AUD,,INV_000064,LINE_000001,20120328,ORD_000061,20120328,49:58.7
20120305,2012,9,2012,3,5,101,CUST_000031,200,ITEM_000005,LMP                           ,LMP01008                      ,LMP01                         ,5,Trade          ,S                             ,SYLV                                    ,NET_SALES                     ,Discontinuing,Traditional,N0 ,J,J,MED,Metro Electrical Distributors,NA                            ,SP_000012,NOR,Commercial & Industrial,20.1,12.7284,6,0,AUD,,INV_000065,LINE_000001,20120305,ORD_000062,20120305,49:58.7
20120312,2012,9,2012,3,12,101,CUST_000032,200,ITEM_000005,LMP                           ,LMP01008                      ,LMP01                         ,5,Trade          ,S                             ,SYLV                                    ,NET_SALES                     ,Discontinuing,Traditional,N0 ,J,J,MED,Metro Electrical Distributors,NA                            ,SP_000010,NOR,Commercial & Industrial,74.16,50.9136,24,0,AUD,,INV_000066,LINE_000001,20120312,ORD_000063,20120312,49:58.7
20120502,2012,11,2012,5,2,101,CUST_000029,200,ITEM_000005,LMP                           ,LMP01008                      ,LMP01                         ,5,Trade          ,S                             ,SYLV                                    ,NET_SALES                     ,Discontinuing,Traditional,N0 ,J,J,MED,Metro Electrical Distributors,NA                            ,SP_000011,EDI,Commercial & Industrial,40.2,25.4568,12,0,AUD,,INV_000067,LINE_000001,20120502,ORD_000064,20120502,49:58.7
20120125,2012,7,2012,1,25,101,CUST_000032,200,ITEM_000005,LMP                           ,LMP01008                      ,LMP01                         ,5,Trade          ,S                             ,SYLV                                    ,NET_SALES                     ,Discontinuing,Traditional,N0 ,J,J,MED,Metro Electrical Distributors,NA                            ,SP_000010,EDI,Commercial & Industrial,76.56,50.9136,24,0,AUD,,INV_000068,LINE_000001,20120125,ORD_000065,20120124,49:58.7
20120504,2012,11,2012,5,4,101,CUST_000020,300,ITEM_000009,LMP                           ,LMP01008                      ,LMP01                         ,5,Trade          ,S                             ,SYLV                                    ,NET_SALES                     ,Discontinuing,Traditional,V0 ,J,J,MED,Metro Electrical Distributors,NA                            ,SP_000005,NOR,Commercial & Industrial,20.1,12.7284,6,0,AUD,,INV_000049,LINE_000001,20120504,ORD_000047,20120504,49:58.7
20120123,2012,7,2012,1,23,101,CUST_000013,300,ITEM_000009,LMP                           ,LMP01008                      ,LMP01                         ,5,Trade          ,S                             ,SYLV                                    ,NET_SALES                     ,Discontinuing,Traditional,V0 ,J,J,BPS,BrightPower Solutions,NA                            ,SP_000002,NOR,Commercial & Industrial,38.28,25.4568,12,0,AUD,,INV_000019,LINE_000001,20120123,ORD_000019,20120123,49:58.7
20120608,2012,12,2012,6,8,101,CUST_000033,200,ITEM_000009,LMP                           ,LMP01008                      ,LMP01                         ,5,Trade          ,S                             ,SYLV                                    ,NET_SALES                     ,Discontinuing,Traditional,N0 ,J,J,MED,Metro Electrical Distributors,NA                            ,SP_000010,NOR,Commercial & Industrial,18.0,12.7284,6,0,AUD,,INV_000069,LINE_000001,20120608,ORD_000066,20120608,49:58.7
20120626,2012,12,2012,6,26,101,CUST_000033,200,ITEM_000009,LMP                           ,LMP01008                      ,LMP01                         ,5,Trade          ,S                             ,SYLV                                    ,NET_SALES                     ,Discontinuing,Traditional,N0 ,J,J,MED,Metro Electrical Distributors,NA                            ,SP_000010,NOR,Commercial & Industrial,72.0,50.9136,24,0,AUD,,INV_000070,LINE_000002,20120626,ORD_000067,20120625,49:58.7
20120604,2012,12,2012,6,4,101,CUST_000034,200,ITEM_000009,LMP                           ,LMP01008                      ,LMP01                         ,5,Trade          ,S                             ,SYLV                                    ,NET_SALES                     ,Discontinuing,Traditional,N0 ,J,J,MED,Metro Electrical Distributors,NA                            ,SP_000010,NOR,Commercial & Industrial,120.6,76.3704,36,0,AUD,,INV_000071,LINE_000001,20120604,ORD_000068,20120604,49:58.7
20120404,2012,10,2012,4,4,101,CUST_000035,300,ITEM_000009,LMP                           ,LMP01008                      ,LMP01                         ,5,Trade          ,S                             ,SYLV                                    ,NET_SALES                     ,Discontinuing,Traditional,V0 ,J,J,MED,Metro Electrical Distributors,NA                            ,SP_000002,EDI,Commercial & Industrial,60.3,38.1852,18,0,AUD,,INV_000072,LINE_000001,20120404,ORD_000069,20120403,49:58.7
20120404,2012,10,2012,4,4,101,CUST_000026,300,ITEM_000009,LMP                           ,LMP01008                      ,LMP01                         ,5,Trade          ,S                             ,SYLV                                    ,NET_SALES                     ,Discontinuing,Traditional,V0 ,J,J,BPS,BrightPower Solutions,NA                            ,SP_000008,NOR,Commercial & Industrial,20.1,12.7284,6,0,AUD,,INV_000055,LINE_000001,20120404,ORD_000052,20120403,49:58.7
20120606,2012,12,2012,6,6,101,CUST_000036,200,ITEM_000009,LMP                           ,LMP01008                      ,LMP01                         ,5,Trade          ,S                             ,SYLV                                    ,NET_SALES                     ,Discontinuing,Traditional,N0 ,J,J,MED,Metro Electrical Distributors,NA                            ,SP_000011,EDI,Commercial & Industrial,80.4,50.9136,24,0,AUD,,INV_000073,LINE_000001,20120606,ORD_000070,20120606,49:58.7
20120220,2012,8,2012,2,20,101,CUST_000034,200,ITEM_000009,LMP                           ,LMP01008                      ,LMP01                         ,5,Trade          ,S                             ,SYLV                                    ,NET_SALES                     ,Discontinuing,Traditional,N0 ,J,J,MED,Metro Electrical Distributors,NA                            ,SP_000010,NOR,Commercial & Industrial,57.42,38.1852,18,0,AUD,,INV_000074,LINE_000001,20120220,ORD_000071,20120220,49:58.7
20120319,2012,9,2012,3,19,101,CUST_000037,300,ITEM_000002,LMP                           ,LMP01008                      ,LMP01                         ,5,Trade          ,S                             ,SYLV                                    ,NET_SALES                     ,Discontinuing,Traditional,V0 ,J,J,BPS,BrightPower Solutions,NA                            ,SP_000008,NOR,Commercial & Industrial,80.4,50.9136,24,0,AUD,,INV_000075,LINE_000001,20120319,ORD_000072,20120319,49:58.7
20120517,2012,11,2012,5,17,101,CUST_000025,300,ITEM_000002,LMP                           ,LMP01008                      ,LMP01                         ,5,Trade          ,S                             ,SYLV                                    ,NET_SALES                     ,Discontinuing,Traditional,V0 ,J,J,MED,Metro Electrical Distributors,NA                            ,SP_000004,EDI,Commercial & Industrial,20.1,12.7284,6,0,AUD,,INV_000076,LINE_000001,20120517,ORD_000073,20120517,49:58.7
20120604,2012,12,2012,6,4,101,CUST_000025,300,ITEM_000002,LMP                           ,LMP01008                      ,LMP01                         ,5,Trade          ,S                             ,SYLV                                    ,NET_SALES                     ,Discontinuing,Traditional,V0 ,J,J,MED,Metro Electrical Distributors,NA                            ,SP_000004,EDI,Commercial & Industrial,20.1,12.7284,6,0,AUD,,INV_000054,LINE_000001,20120604,ORD_000051,20120601,49:58.7
20120123,2012,7,2012,1,23,101,CUST_000001,410,ITEM_000002,LMP                           ,LMP01008                      ,LMP01                         ,5,Trade          ,S                             ,SYLV                                    ,NET_SALES                     ,Discontinuing,Traditional,Q1 ,J,J,ELC,ElectraCorp Ltd,NA                            ,SP_000001,NOR,Commercial & Industrial,153.12,101.8272,48,0,AUD,,INV_000077,LINE_000002,20120123,ORD_000074,20120116,49:58.7
20120120,2012,7,2012,1,20,101,CUST_000038,400,ITEM_000003,LMP                           ,LMP01008                      ,LMP01                         ,5,Trade          ,S                             ,SYLV                                    ,NET_SALES                     ,Discontinuing,Traditional,Q0 ,J,J,ELC,ElectraCorp Ltd,NA                            ,SP_000015,NOR,Commercial & Industrial,76.56,50.9136,24,0,AUD,,INV_000078,LINE_000001,20120120,ORD_000075,20120120,49:58.7
20120117,2012,7,2012,1,17,101,CUST_000039,400,ITEM_000003,LMP                           ,LMP01008                      ,LMP01                         ,5,Trade          ,S                             ,SYLV                                    ,NET_SALES                     ,Discontinuing,Traditional,Q0 ,J,J,MED,Metro Electrical Distributors,NA                            ,SP_000006,CDG,Commercial & Industrial,-95.7,-63.642,-30,0,AUD,,INV_000079,LINE_000001,20120117,ORD_000076,20120117,49:58.7
20120518,2012,11,2012,5,18,101,CUST_000040,200,ITEM_000010,LMP                           ,LMP01008                      ,LMP01                         ,5,Trade          ,S                             ,SYLV                                    ,NET_SALES                     ,Discontinuing,Traditional,N0 ,J,J,MED,Metro Electrical Distributors,NA                            ,SP_000007,EDI,Commercial & Industrial,20.1,12.7284,6,0,AUD,,INV_000080,LINE_000001,20120518,ORD_000077,20120517,49:58.7
20120202,2012,8,2012,2,2,101,CUST_000035,300,ITEM_000007,LMP                           ,LMP01008                      ,LMP01                         ,5,Trade          ,S                             ,SYLV                                    ,NET_SALES                     ,Discontinuing,Traditional,V0 ,J,J,MED,Metro Electrical Distributors,NA                            ,SP_000002,EDI,Commercial & Industrial,57.42,38.1852,18,0,AUD,,INV_000081,LINE_000001,20120202,ORD_000078,20120201,49:58.7
20120608,2012,12,2012,6,8,101,CUST_000033,200,ITEM_000007,LMP                           ,LMP01008                      ,LMP01                         ,5,Trade          ,S                             ,SYLV                                    ,NET_SALES                     ,Discontinuing,Traditional,N0 ,J,J,MED,Metro Electrical Distributors,NA                            ,SP_000010,NOR,Commercial & Industrial,54.0,38.1852,18,0,AUD,,INV_000069,LINE_000001,20120608,ORD_000066,20120608,49:58.7
20120524,2012,11,2012,5,24,101,CUST_000041,300,ITEM_000007,LMP                           ,LMP01008                      ,LMP01                         ,5,Trade          ,S                             ,SYLV                                    ,NET_SALES                     ,Discontinuing,Traditional,V0 ,J,J,BPS,BrightPower Solutions,NA                            ,SP_000005,NOR,Commercial & Industrial,20.1,12.7284,6,0,AUD,,INV_000082,LINE_000001,20120524,ORD_000079,20120523,49:58.7
20120412,2012,10,2012,4,12,101,CUST_000042,300,ITEM_000007,LMP                           ,LMP01008                      ,LMP01                         ,5,Trade          ,S                             ,SYLV                                    ,NET_SALES                     ,Discontinuing,Traditional,V0 ,J,J,MED,Metro Electrical Distributors,NA                            ,SP_000005,NOR,Commercial & Industrial,80.4,50.9136,24,0,AUD,,INV_000083,LINE_000001,20120412,ORD_000080,20120412,49:58.7
20120427,2012,10,2012,4,27,101,CUST_000043,300,ITEM_000007,LMP                           ,LMP01008                      ,LMP01                         ,5,Trade          ,S                             ,SYLV                                    ,NET_SALES                     ,Discontinuing,Traditional,V0 ,J,J,MED,Metro Electrical Distributors,NA                            ,SP_000008,EDI,Commercial & Industrial,76.38,50.9136,24,0,AUD,,INV_000084,LINE_000001,20120427,ORD_000081,20120427,49:58.7
20120118,2012,7,2012,1,18,101,CUST_000044,300,ITEM_000007,LMP                           ,LMP01008                      ,LMP01                         ,5,Trade          ,S                             ,SYLV                                    ,NET_SALES                     ,Discontinuing,Traditional,V0 ,J,J,MED,Metro Electrical Distributors,NA                            ,SP_000005,EDI,Commercial & Industrial,76.56,50.9136,24,0,AUD,,INV_000085,LINE_000001,20120118,ORD_000082,20120116,49:58.7
20120228,2012,8,2012,2,28,101,CUST_000044,300,ITEM_000007,LMP                           ,LMP01008                      ,LMP01                         ,5,Trade          ,S                             ,SYLV                                    ,NET_SALES                     ,Discontinuing,Traditional,V0 ,J,J,MED,Metro Electrical Distributors,NA                            ,SP_000005,EDI,Commercial & Industrial,57.42,38.1852,18,0,AUD,,INV_000086,LINE_000001,20120228,ORD_000083,20120228,49:58.7
20120504,2012,11,2012,5,4,101,CUST_000004,300,ITEM_000007,LMP                           ,LMP01008                      ,LMP01                         ,5,Trade          ,S                             ,SYLV                                    ,NET_SALES                     ,Discontinuing,Traditional,V0 ,J,J,BPS,BrightPower Solutions,NA                            ,SP_000004,NOR,Commercial & Industrial,18.9,12.7284,6,0,AUD,,INV_000005,LINE_000002,20120504,ORD_000005,20120503,49:58.7
20120210,2012,8,2012,2,10,101,CUST_000008,400,ITEM_000011,OTH                           ,999,14001,5,Trade          ,S                             ,NA                                      ,NET_SALES                     ,Discontinuing,Traditional,Q0 ,J,J,MED,Metro Electrical Distributors,NA                            ,SP_000006,NOR,Commercial & Industrial,38.28,25.4568,12,0,AUD,,INV_000087,LINE_000001,20120210,ORD_000084,20120210,49:58.7
20120614,2012,12,2012,6,14,101,CUST_000001,410,ITEM_000011,OTH                           ,999,14001,5,Trade          ,S                             ,NA                                      ,NET_SALES                     ,Discontinuing,Traditional,Q1 ,J,J,ELC,ElectraCorp Ltd,NA                            ,SP_000001,NOR,Commercial & Industrial,201.0,127.284,60,0,AUD,,INV_000088,LINE_000001,20120614,ORD_000085,20120614,49:58.7
20120221,2012,8,2012,2,21,101,CUST_000008,400,ITEM_000011,OTH                           ,999,14001,5,Trade          ,S                             ,NA                                      ,NET_SALES                     ,Discontinuing,Traditional,Q0 ,J,J,MED,Metro Electrical Distributors,NA                            ,SP_000006,NOR,Commercial & Industrial,38.28,25.4568,12,0,AUD,,INV_000089,LINE_000001,20120221,ORD_000086,20120221,49:58.7
20120515,2012,11,2012,5,15,101,CUST_000008,400,ITEM_000011,OTH                           ,999,14001,5,Trade          ,S                             ,NA                                      ,NET_SALES                     ,Discontinuing,Traditional,Q0 ,J,J,MED,Metro Electrical Distributors,NA                            ,SP_000006,NOR,Commercial & Industrial,20.1,12.7284,6,0,AUD,,INV_000090,LINE_000001,20120515,ORD_000087,20120515,49:58.7
20120515,2012,11,2012,5,15,101,CUST_000008,400,ITEM_000011,OTH                           ,999,14001,5,Trade          ,S                             ,NA                                      ,NET_SALES                     ,Discontinuing,Traditional,Q0 ,J,J,MED,Metro Electrical Distributors,NA                            ,SP_000006,NOR,Commercial & Industrial,100.5,63.642,30,0,AUD,,INV_000091,LINE_000001,20120515,ORD_000088,20120515,49:58.7
20120201,2012,8,2012,2,1,101,CUST_000001,410,ITEM_000011,OTH                           ,999,14001,5,Trade          ,S                             ,NA                                      ,NET_SALES                     ,Discontinuing,Traditional,Q1 ,J,J,ELC,ElectraCorp Ltd,NA                            ,SP_000001,NOR,Commercial & Industrial,191.4,127.284,60,0,AUD,,INV_000092,LINE_000001,20120201,ORD_000089,20120201,49:58.7
20120424,2012,10,2012,4,24,101,CUST_000001,410,ITEM_000011,OTH                           ,999,14001,5,Trade          ,S                             ,NA                                      ,NET_SALES                     ,Discontinuing,Traditional,Q1 ,J,J,ELC,ElectraCorp Ltd,NA                            ,SP_000001,NOR,Commercial & Industrial,402.0,254.568,120,0,AUD,,INV_000093,LINE_000001,20120424,ORD_000090,20120423,49:58.7
20120131,2012,7,2012,1,31,101,CUST_000008,400,ITEM_000011,OTH                           ,999,14001,5,Trade          ,S                             ,NA                                      ,NET_SALES                     ,Discontinuing,Traditional,Q0 ,J,J,MED,Metro Electrical Distributors,NA                            ,SP_000006,NOR,Commercial & Industrial,38.28,25.4568,12,0,AUD,,INV_000094,LINE_000001,20120131,ORD_000091,20120131,49:58.7
20120112,2012,7,2012,1,12,101,CUST_000004,300,ITEM_000007,LMP                           ,LMP01008                      ,LMP01                         ,5,Trade          ,S                             ,SYLV                                    ,NET_SALES                     ,Discontinuing,Traditional,V0 ,J,J,BPS,BrightPower Solutions,NA                            ,SP_000004,NOR,Commercial & Industrial,38.28,25.4568,12,0,AUD,,INV_000095,LINE_000001,20120112,ORD_000092,20120112,49:58.7
20120522,2012,11,2012,5,22,101,CUST_000020,300,ITEM_000007,LMP                           ,LMP01008                      ,LMP01                         ,5,Trade          ,S                             ,SYLV                                    ,NET_SALES                     ,Discontinuing,Traditional,V0 ,J,J,MED,Metro Electrical Distributors,NA                            ,SP_000005,EDI,Commercial & Industrial,20.1,12.7284,6,0,AUD,,INV_000096,LINE_000002,20120522,ORD_000093,20120521,49:58.7
20120207,2012,8,2012,2,7,101,CUST_000045,210,ITEM_000007,LMP                           ,LMP01008                      ,LMP01                         ,5,Trade          ,S                             ,SYLV                                    ,NET_SALES                     ,Discontinuing,Traditional,N0 ,J,J,UES,Unified Electrical Suppliers,NA                            ,SP_000012,NOR,Commercial & Industrial,159.5,106.07,50,0,AUD,,INV_000097,LINE_000001,20120207,ORD_000094,20120207,49:58.7
20120221,2012,8,2012,2,21,100,CUST_000046,720,ITEM_000012,SUR                           ,SUR08001                      ,SUR08                         ,1,Professional   ,P                             ,PIER                                    ,NET_SALES                     ,Continuing,LED,KN0,J,J,INTERCO   ,InterGlobal Trading,NA                            ,SP_000016,NOR,Commercial & Industrial,1396.62,1066.3749,9,0,AUD,,INV_000098,LINE_000004,20120221,ORD_000095,20120221,49:58.7
20120221,2012,8,2012,2,21,100,CUST_000046,720,ITEM_000012,SUR                           ,SUR08001                      ,SUR08                         ,1,Professional   ,P                             ,PIER                                    ,NET_SALES                     ,Continuing,LED,KN0,J,J,INTERCO   ,InterGlobal Trading,NA                            ,SP_000016,NOR,Commercial & Industrial,155.18,118.4861,1,0,AUD,,INV_000098,LINE_000004,20120221,ORD_000096,20120221,49:58.7
20120221,2012,8,2012,2,21,100,CUST_000046,720,ITEM_000012,SUR                           ,SUR08001                      ,SUR08                         ,1,Professional   ,P                             ,PIER                                    ,NET_SALES                     ,Continuing,LED,KN0,J,J,INTERCO   ,InterGlobal Trading,NA                            ,SP_000016,NOR,Commercial & Industrial,155.18,118.4861,1,0,AUD,,INV_000098,LINE_000005,20120221,ORD_000096,20120221,49:58.7
20120202,2012,8,2012,2,2,101,CUST_000038,400,ITEM_000007,LMP                           ,LMP01008                      ,LMP01                         ,5,Trade          ,S                             ,SYLV                                    ,NET_SALES                     ,Discontinuing,Traditional,Q0 ,J,J,ELC,ElectraCorp Ltd,NA                            ,SP_000015,NOR,Commercial & Industrial,19.14,12.7284,6,0,AUD,,INV_000099,LINE_000001,20120202,ORD_000097,20120201,49:58.7
20120221,2012,8,2012,2,21,101,CUST_000038,400,ITEM_000007,LMP                           ,LMP01008                      ,LMP01                         ,5,Trade          ,S                             ,SYLV                                    ,NET_SALES                     ,Discontinuing,Traditional,Q0 ,J,J,ELC,ElectraCorp Ltd,NA                            ,SP_000015,NOR,Commercial & Industrial,19.14,12.7284,6,0,AUD,,INV_000100,LINE_000001,20120221,ORD_000098,20120220,49:58.7
20120203,2012,8,2012,2,3,101,CUST_000038,400,ITEM_000007,LMP                           ,LMP01008                      ,LMP01                         ,5,Trade          ,S                             ,SYLV                                    ,NET_SALES                     ,Discontinuing,Traditional,Q0 ,J,J,ELC,ElectraCorp Ltd,NA                            ,SP_000015,NOR,Commercial & Industrial,19.14,12.7284,6,0,AUD,,INV_000101,LINE_000001,20120203,ORD_000099,20120203,49:58.7
20120222,2012,8,2012,2,22,101,CUST_000047,400,ITEM_000007,LMP                           ,LMP01008                      ,LMP01                         ,5,Trade          ,S                             ,SYLV                                    ,NET_SALES                     ,Discontinuing,Traditional,Q0 ,J,J,MED,Metro Electrical Distributors,NA                            ,SP_000015,EDI,Commercial & Industrial,38.28,25.4568,12,0,AUD,,INV_000102,LINE_000002,20120222,ORD_000100,20120222,49:58.7
20120405,2012,10,2012,4,5,101,CUST_000048,300,ITEM_000007,LMP                           ,LMP01008                      ,LMP01                         ,5,Trade          ,S                             ,SYLV                                    ,NET_SALES                     ,Discontinuing,Traditional,V0 ,J,J,BPS,BrightPower Solutions,NA                            ,SP_000002,NOR,Commercial & Industrial,20.1,12.7284,6,0,AUD,,INV_000103,LINE_000001,20120405,ORD_000101,20120405,49:58.7
20120503,2012,11,2012,5,3,101,CUST_000048,300,ITEM_000007,LMP                           ,LMP01008                      ,LMP01                         ,5,Trade          ,S                             ,SYLV                                    ,NET_SALES                     ,Discontinuing,Traditional,V0 ,J,J,BPS,BrightPower Solutions,NA                            ,SP_000002,NOR,Commercial & Industrial,37.8,25.4568,12,0,AUD,,INV_000104,LINE_000001,20120503,ORD_000102,20120502,49:58.7
20120412,2012,10,2012,4,12,101,CUST_000049,300,ITEM_000007,LMP                           ,LMP01008                      ,LMP01                         ,5,Trade          ,S                             ,SYLV                                    ,NET_SALES                     ,Discontinuing,Traditional,V0 ,J,J,BPS,BrightPower Solutions,NA                            ,SP_000008,NOR,Commercial & Industrial,26.8,16.9712,8,0,AUD,,INV_000105,LINE_000001,20120412,ORD_000103,20120411,49:58.7
20120501,2012,11,2012,5,1,101,CUST_000038,400,ITEM_000007,LMP                           ,LMP01008                      ,LMP01                         ,5,Trade          ,S                             ,SYLV                                    ,NET_SALES                     ,Discontinuing,Traditional,Q0 ,J,J,ELC,ElectraCorp Ltd,NA                            ,SP_000015,NOR,Commercial & Industrial,20.1,12.7284,6,0,AUD,,INV_000106,LINE_000001,20120501,ORD_000104,20120426,49:58.7
20120416,2012,10,2012,4,16,101,CUST_000050,210,ITEM_000007,LMP                           ,LMP01008                      ,LMP01                         ,5,Trade          ,S                             ,SYLV                                    ,NET_SALES                     ,Discontinuing,Traditional,N0 ,J,J,MED,Metro Electrical Distributors,NA                            ,SP_000012,EDI,Commercial & Industrial,20.1,12.7284,6,0,AUD,,INV_000107,LINE_000001,20120416,ORD_000105,20120416,49:58.7
20120510,2012,11,2012,5,10,101,CUST_000051,300,ITEM_000007,LMP                           ,LMP01008                      ,LMP01                         ,5,Trade          ,S                             ,SYLV                                    ,NET_SALES                     ,Discontinuing,Traditional,V0 ,J,J,MED,Metro Electrical Distributors,NA                            ,SP_000008,EDI,Commercial & Industrial,60.3,38.1852,18,0,AUD,,INV_000108,LINE_000001,20120510,ORD_000106,20120510,49:58.7
20120203,2012,8,2012,2,3,101,CUST_000052,300,ITEM_000007,LMP                           ,LMP01008                      ,LMP01                         ,5,Trade          ,S                             ,SYLV                                    ,NET_SALES                     ,Discontinuing,Traditional,V0 ,J,J,BPS,BrightPower Solutions,NA                            ,SP_000005,NOR,Commercial & Industrial,38.28,25.4568,12,0,AUD,,INV_000109,LINE_000001,20120203,ORD_000107,20120203,49:58.7
20120111,2012,7,2012,1,11,101,CUST_000051,300,ITEM_000007,LMP                           ,LMP01008                      ,LMP01                         ,5,Trade          ,S                             ,SYLV                                    ,NET_SALES                     ,Discontinuing,Traditional,V0 ,J,J,MED,Metro Electrical Distributors,NA                            ,SP_000008,EDI,Commercial & Industrial,57.42,38.1852,18,0,AUD,,INV_000110,LINE_000001,20120111,ORD_000108,20120110,49:58.7
20120111,2012,7,2012,1,11,101,CUST_000053,300,ITEM_000007,LMP                           ,LMP01008                      ,LMP01                         ,5,Trade          ,S                             ,SYLV                                    ,NET_SALES                     ,Discontinuing,Traditional,V0 ,J,J,BPS,BrightPower Solutions,NA                            ,SP_000004,NOR,Commercial & Industrial,19.14,12.7284,6,0,AUD,,INV_000111,LINE_000001,20120111,ORD_000109,20120110,49:58.7
20120402,2012,10,2012,4,2,101,CUST_000054,300,ITEM_000007,LMP                           ,LMP01008                      ,LMP01                         ,5,Trade          ,S                             ,SYLV                                    ,NET_SALES                     ,Discontinuing,Traditional,V0 ,J,J,BPS,BrightPower Solutions,NA                            ,SP_000004,NOR,Commercial & Industrial,40.2,25.4568,12,0,AUD,,INV_000112,LINE_000001,20120402,ORD_000110,20120402,49:58.7
20120501,2012,11,2012,5,1,101,CUST_000055,300,ITEM_000007,LMP                           ,LMP01008                      ,LMP01                         ,5,Trade          ,S                             ,SYLV                                    ,NET_SALES                     ,Discontinuing,Traditional,V0 ,J,J,MED,Metro Electrical Distributors,NA                            ,SP_000004,EDI,Commercial & Industrial,20.1,12.7284,6,0,AUD,,INV_000113,LINE_000001,20120501,ORD_000111,20120501,49:58.7
20120216,2012,8,2012,2,16,101,CUST_000055,300,ITEM_000007,LMP                           ,LMP01008                      ,LMP01                         ,5,Trade          ,S                             ,SYLV                                    ,NET_SALES                     ,Discontinuing,Traditional,V0 ,J,J,MED,Metro Electrical Distributors,NA                            ,SP_000004,EDI,Commercial & Industrial,19.14,12.7284,6,0,AUD,,INV_000114,LINE_000001,20120216,ORD_000112,20120215,49:58.7
20120221,2012,8,2012,2,21,100,CUST_000046,720,ITEM_000012,SUR                           ,SUR08001                      ,SUR08                         ,1,Professional   ,P                             ,PIER                                    ,NET_SALES                     ,Continuing,LED,KN0,J,J,INTERCO   ,InterGlobal Trading,NA                            ,SP_000016,NOR,Commercial & Industrial,775.9,592.4305,5,0,AUD,,INV_000098,LINE_000006,20120221,ORD_000113,20120221,49:58.7
20120302,2012,9,2012,3,2,101,CUST_000056,200,ITEM_000008,LMP                           ,LMP01008                      ,LMP01                         ,5,Trade          ,S                             ,SYLV                                    ,NET_SALES                     ,Discontinuing,Traditional,N0 ,J,J,PTD,PowerTools Direct,NA                            ,SP_000017,NOR,Commercial & Industrial,19.14,12.7284,6,0,AUD,,INV_000115,LINE_000001,20120302,ORD_000114,20120302,49:58.7
20120604,2012,12,2012,6,4,101,CUST_000034,200,ITEM_000008,LMP                           ,LMP01008                      ,LMP01                         ,5,Trade          ,S                             ,SYLV                                    ,NET_SALES                     ,Discontinuing,Traditional,N0 ,J,J,MED,Metro Electrical Distributors,NA                            ,SP_000010,NOR,Commercial & Industrial,100.5,63.642,30,0,AUD,,INV_000071,LINE_000001,20120604,ORD_000068,20120604,49:58.7
20120220,2012,8,2012,2,20,101,CUST_000034,200,ITEM_000008,LMP                           ,LMP01008                      ,LMP01                         ,5,Trade          ,S                             ,SYLV                                    ,NET_SALES                     ,Discontinuing,Traditional,N0 ,J,J,MED,Metro Electrical Distributors,NA                            ,SP_000010,NOR,Commercial & Industrial,76.56,50.9136,24,0,AUD,,INV_000074,LINE_000001,20120220,ORD_000071,20120220,49:58.7
20120220,2012,8,2012,2,20,101,CUST_000057,200,ITEM_000008,LMP                           ,LMP01008                      ,LMP01                         ,5,Trade          ,S                             ,SYLV                                    ,NET_SALES                     ,Discontinuing,Traditional,N0 ,J,J,MED,Metro Electrical Distributors,NA                            ,SP_000011,EDI,Commercial & Industrial,95.7,63.642,30,0,AUD,,INV_000116,LINE_000001,20120220,ORD_000115,20120220,49:58.7
20120217,2012,8,2012,2,17,101,CUST_000040,200,ITEM_000008,LMP                           ,LMP01008                      ,LMP01                         ,5,Trade          ,S                             ,SYLV                                    ,NET_SALES                     ,Discontinuing,Traditional,N0 ,J,J,MED,Metro Electrical Distributors,NA                            ,SP_000007,NOR,Commercial & Industrial,19.14,12.7284,6,0,AUD,,INV_000117,LINE_000001,20120217,ORD_000116,20120217,49:58.7
20120524,2012,11,2012,5,24,101,CUST_000035,300,ITEM_000013,OTH                           ,999,14001,5,Trade          ,S                             ,NA                                      ,NET_SALES                     ,Discontinuing,Traditional,V0 ,J,J,MED,Metro Electrical Distributors,NA                            ,SP_000002,EDI,Commercial & Industrial,245.4,88.0005,15,0,AUD,,INV_000118,LINE_000003,20120524,ORD_000117,20120503,49:58.7
20120203,2012,8,2012,2,3,101,CUST_000039,400,ITEM_000002,LMP                           ,LMP01008                      ,LMP01                         ,5,Trade          ,S                             ,SYLV                                    ,NET_SALES                     ,Discontinuing,Traditional,Q0 ,J,J,MED,Metro Electrical Distributors,NA                            ,SP_000006,EDI,Commercial & Industrial,76.56,50.9136,24,0,AUD,,INV_000119,LINE_000001,20120203,ORD_000118,20120202,49:58.7
20120308,2012,9,2012,3,8,101,CUST_000039,400,ITEM_000002,LMP                           ,LMP01008                      ,LMP01                         ,5,Trade          ,S                             ,SYLV                                    ,NET_SALES                     ,Discontinuing,Traditional,Q0 ,J,J,MED,Metro Electrical Distributors,NA                            ,SP_000006,NOR,Commercial & Industrial,36.85,23.3354,11,0,AUD,,INV_000120,LINE_000001,20120308,ORD_000119,20120308,49:58.7
20120404,2012,10,2012,4,4,101,CUST_000026,300,ITEM_000002,LMP                           ,LMP01008                      ,LMP01                         ,5,Trade          ,S                             ,SYLV                                    ,NET_SALES                     ,Discontinuing,Traditional,V0 ,J,J,BPS,BrightPower Solutions,NA                            ,SP_000008,NOR,Commercial & Industrial,20.1,12.7284,6,0,AUD,,INV_000055,LINE_000001,20120404,ORD_000052,20120403,49:58.7
20120123,2012,7,2012,1,23,101,CUST_000035,300,ITEM_000002,LMP                           ,LMP01008                      ,LMP01                         ,5,Trade          ,S                             ,SYLV                                    ,NET_SALES                     ,Discontinuing,Traditional,V0 ,J,J,MED,Metro Electrical Distributors,NA                            ,SP_000002,EDI,Commercial & Industrial,38.28,25.4568,12,0,AUD,,INV_000121,LINE_000001,20120123,ORD_000120,20120123,49:58.7
20120323,2012,9,2012,3,23,101,CUST_000035,300,ITEM_000002,LMP                           ,LMP01008                      ,LMP01                         ,5,Trade          ,S                             ,SYLV                                    ,NET_SALES                     ,Discontinuing,Traditional,V0 ,J,J,MED,Metro Electrical Distributors,NA                            ,SP_000002,EDI,Commercial & Industrial,20.1,12.7284,6,0,AUD,,INV_000122,LINE_000001,20120323,ORD_000121,20120322,49:58.7
20120417,2012,10,2012,4,17,101,CUST_000058,400,ITEM_000002,LMP                           ,LMP01008                      ,LMP01                         ,5,Trade          ,S                             ,SYLV                                    ,NET_SALES                     ,Discontinuing,Traditional,Q0 ,J,J,MED,Metro Electrical Distributors,NA                            ,SP_000001,CRR,Commercial & Industrial,-3.28,-1.93,-1,0,AUD,,INV_000123,LINE_000001,20120417,ORD_000122,20120417,49:58.7
20120117,2012,7,2012,1,17,101,CUST_000059,400,ITEM_000002,LMP                           ,LMP01008                      ,LMP01                         ,5,Trade          ,S                             ,SYLV                                    ,NET_SALES                     ,Discontinuing,Traditional,Q0 ,J,J,MED,Metro Electrical Distributors,NA                            ,SP_000015,EDI,Commercial & Industrial,38.28,25.4568,12,0,AUD,,INV_000124,LINE_000001,20120117,ORD_000123,20120117,49:58.7
20120202,2012,8,2012,2,2,101,CUST_000060,400,ITEM_000006,LMP                           ,LMP01008                      ,LMP01                         ,5,Trade          ,S                             ,SYLV                                    ,NET_SALES                     ,Discontinuing,Traditional,Q0 ,J,J,MED,Metro Electrical Distributors,NA                            ,SP_000006,CDG,Commercial & Industrial,-77.56,-59.3992,-28,0,AUD,,INV_000125,LINE_000001,20120202,ORD_000124,20120202,49:58.7
20120604,2012,12,2012,6,4,101,CUST_000034,200,ITEM_000005,LMP                           ,LMP01008                      ,LMP01                         ,5,Trade          ,S                             ,SYLV                                    ,NET_SALES                     ,Discontinuing,Traditional,N0 ,J,J,MED,Metro Electrical Distributors,NA                            ,SP_000010,NOR,Commercial & Industrial,40.2,25.4568,12,0,AUD,,INV_000071,LINE_000001,20120604,ORD_000068,20120604,49:58.7
20120210,2012,8,2012,2,10,101,CUST_000039,400,ITEM_000006,LMP                           ,LMP01008                      ,LMP01                         ,5,Trade          ,S                             ,SYLV                                    ,NET_SALES                     ,Discontinuing,Traditional,Q0 ,J,J,MED,Metro Electrical Distributors,NA                            ,SP_000006,EDI,Commercial & Industrial,76.56,50.9136,24,0,AUD,,INV_000126,LINE_000001,20120210,ORD_000125,20120209,49:58.7
20120614,2012,12,2012,6,14,101,CUST_000039,400,ITEM_000006,LMP                           ,LMP01008                      ,LMP01                         ,5,Trade          ,S                             ,SYLV                                    ,NET_SALES                     ,Discontinuing,Traditional,Q0 ,J,J,MED,Metro Electrical Distributors,NA                            ,SP_000006,NOR,Commercial & Industrial,80.4,50.9136,24,0,AUD,,INV_000127,LINE_000001,20120614,ORD_000126,20120613,49:58.7
20120118,2012,7,2012,1,18,101,CUST_000039,400,ITEM_000006,LMP                           ,LMP01008                      ,LMP01                         ,5,Trade          ,S                             ,SYLV                                    ,NET_SALES                     ,Discontinuing,Traditional,Q0 ,J,J,MED,Metro Electrical Distributors,NA                            ,SP_000006,EDI,Commercial & Industrial,153.12,101.8272,48,0,AUD,,INV_000128,LINE_000002,20120118,ORD_000127,20120109,49:58.7
20120402,2012,10,2012,4,2,101,CUST_000001,410,ITEM_000011,OTH                           ,999,14001,5,Trade          ,S                             ,NA                                      ,NET_SALES                     ,Discontinuing,Traditional,Q1 ,J,J,ELC,ElectraCorp Ltd,NA                            ,SP_000001,EDI,Commercial & Industrial,196.98,127.284,60,0,AUD,,INV_000129,LINE_000001,20120402,ORD_000128,20120330,49:58.7
20120404,2012,10,2012,4,4,101,CUST_000061,410,ITEM_000011,OTH                           ,999,14001,5,Trade          ,S                             ,NA                                      ,NET_SALES                     ,Discontinuing,Traditional,Q1 ,J,J,ELC,ElectraCorp Ltd,NA                            ,SP_000018,NOR,Commercial & Industrial,80.4,50.9136,24,0,AUD,,INV_000130,LINE_000001,20120404,ORD_000129,20120404,49:58.7
20120124,2012,7,2012,1,24,101,CUST_000061,410,ITEM_000011,OTH                           ,999,14001,5,Trade          ,S                             ,NA                                      ,NET_SALES                     ,Discontinuing,Traditional,Q1 ,J,J,ELC,ElectraCorp Ltd,NA                            ,SP_000018,NOR,Commercial & Industrial,76.56,50.9136,24,0,AUD,,INV_000131,LINE_000001,20120124,ORD_000130,20120124,49:58.7
20120319,2012,9,2012,3,19,101,CUST_000061,410,ITEM_000011,OTH                           ,999,14001,5,Trade          ,S                             ,NA                                      ,NET_SALES                     ,Discontinuing,Traditional,Q1 ,J,J,ELC,ElectraCorp Ltd,NA                            ,SP_000018,EDI,Commercial & Industrial,39.4,25.4568,12,0,AUD,,INV_000132,LINE_000001,20120319,ORD_000131,20120319,49:58.7
20120216,2012,8,2012,2,16,101,CUST_000062,400,ITEM_000011,OTH                           ,999,14001,5,Trade          ,S                             ,NA                                      ,NET_SALES                     ,Discontinuing,Traditional,Q0 ,J,J,MED,Metro Electrical Distributors,NA                            ,SP_000018,EDI,Commercial & Industrial,95.7,63.642,30,0,AUD,,INV_000133,LINE_000001,20120216,ORD_000132,20120216,49:58.7
20120621,2012,12,2012,6,21,101,CUST_000063,410,ITEM_000011,OTH                           ,999,14001,5,Trade          ,S                             ,NA                                      ,NET_SALES                     ,Discontinuing,Traditional,Q1 ,J,J,MED,Metro Electrical Distributors,NA                            ,SP_000001,EDI,Commercial & Industrial,40.2,25.4568,12,0,AUD,,INV_000134,LINE_000001,20120621,ORD_000133,20120621,49:58.7
20120626,2012,12,2012,6,26,101,CUST_000064,410,ITEM_000011,OTH                           ,999,14001,5,Trade          ,S                             ,NA                                      ,NET_SALES                     ,Discontinuing,Traditional,Q1 ,J,J,MED,Metro Electrical Distributors,NA                            ,SP_000018,NOR,Commercial & Industrial,104.4,76.3704,36,0,AUD,,INV_000135,LINE_000001,20120626,ORD_000134,20120626,49:58.7
20120607,2012,12,2012,6,7,101,CUST_000064,410,ITEM_000011,OTH                           ,999,14001,5,Trade          ,S                             ,NA                                      ,NET_SALES                     ,Discontinuing,Traditional,Q1 ,J,J,MED,Metro Electrical Distributors,NA                            ,SP_000018,NOR,Commercial & Industrial,104.4,76.3704,36,0,AUD,,INV_000136,LINE_000001,20120607,ORD_000135,20120607,49:58.7
20120604,2012,12,2012,6,4,101,CUST_000025,300,ITEM_000014,OTH                           ,999,14001,5,Trade          ,S                             ,NA                                      ,NET_SALES                     ,Discontinuing,Traditional,V0 ,J,J,MED,Metro Electrical Distributors,NA                            ,SP_000004,EDI,Commercial & Industrial,20.1,12.7284,6,0,AUD,,INV_000054,LINE_000001,20120604,ORD_000051,20120601,49:58.7
20120229,2012,8,2012,2,29,101,CUST_000001,410,ITEM_000011,OTH                           ,999,14001,5,Trade          ,S                             ,NA                                      ,NET_SALES                     ,Discontinuing,Traditional,Q1 ,J,J,ELC,ElectraCorp Ltd,NA                            ,SP_000001,NOR,Commercial & Industrial,287.1,190.926,90,0,AUD,,INV_000137,LINE_000001,20120229,ORD_000136,20120229,49:58.7
20120503,2012,11,2012,5,3,101,CUST_000038,400,ITEM_000011,OTH                           ,999,14001,5,Trade          ,S                             ,NA                                      ,NET_SALES                     ,Discontinuing,Traditional,Q0 ,J,J,ELC,ElectraCorp Ltd,NA                            ,SP_000015,NOR,Commercial & Industrial,201.0,127.284,60,0,AUD,,INV_000138,LINE_000001,20120503,ORD_000137,20120502,49:58.7
20120302,2012,9,2012,3,2,101,CUST_000065,200,ITEM_000008,LMP                           ,LMP01008                      ,LMP01                         ,5,Trade          ,S                             ,SYLV                                    ,NET_SALES                     ,Discontinuing,Traditional,N0 ,J,J,MED,Metro Electrical Distributors,NA                            ,SP_000010,NOR,Commercial & Industrial,38.28,25.4568,12,0,AUD,,INV_000139,LINE_000001,20120302,ORD_000138,20120302,49:58.7
20120613,2012,12,2012,6,13,101,CUST_000066,300,ITEM_000008,LMP                           ,LMP01008                      ,LMP01                         ,5,Trade          ,S                             ,SYLV                                    ,NET_SALES                     ,Discontinuing,Traditional,V0 ,J,J,ELC,ElectraCorp Ltd,NA                            ,SP_000004,EDI,Commercial & Industrial,13.4,8.4856,4,0,AUD,,INV_000140,LINE_000001,20120613,ORD_000139,20120612,49:58.7
20120524,2012,11,2012,5,24,101,CUST_000041,300,ITEM_000008,LMP                           ,LMP01008                      ,LMP01                         ,5,Trade          ,S                             ,SYLV                                    ,NET_SALES                     ,Discontinuing,Traditional,V0 ,J,J,BPS,BrightPower Solutions,NA                            ,SP_000005,NOR,Commercial & Industrial,20.1,12.7284,6,0,AUD,,INV_000082,LINE_000001,20120524,ORD_000079,20120523,49:58.7
20120604,2012,12,2012,6,4,101,CUST_000067,210,ITEM_000008,LMP                           ,LMP01008                      ,LMP01                         ,5,Trade          ,S                             ,SYLV                                    ,NET_SALES                     ,Discontinuing,Traditional,N0 ,J,J,MED,Metro Electrical Distributors,NA                            ,SP_000012,EDI,Commercial & Industrial,120.6,76.3704,36,0,AUD,,INV_000141,LINE_000001,20120604,ORD_000140,20120604,49:58.7
20120626,2012,12,2012,6,26,101,CUST_000050,210,ITEM_000008,LMP                           ,LMP01008                      ,LMP01                         ,5,Trade          ,S                             ,SYLV                                    ,NET_SALES                     ,Discontinuing,Traditional,N0 ,J,J,MED,Metro Electrical Distributors,NA                            ,SP_000012,EDI,Commercial & Industrial,13.4,8.4856,4,0,AUD,,INV_000142,LINE_000001,20120626,ORD_000141,20120625,49:58.7
20120504,2012,11,2012,5,4,101,CUST_000004,300,ITEM_000008,LMP                           ,LMP01008                      ,LMP01                         ,5,Trade          ,S                             ,SYLV                                    ,NET_SALES                     ,Discontinuing,Traditional,V0 ,J,J,BPS,BrightPower Solutions,NA                            ,SP_000004,NOR,Commercial & Industrial,18.9,12.7284,6,0,AUD,,INV_000005,LINE_000002,20120504,ORD_000005,20120503,49:58.7
20120313,2012,9,2012,3,13,101,CUST_000068,400,ITEM_000011,OTH                           ,999,14001,5,Trade          ,S                             ,NA                                      ,NET_SALES                     ,Discontinuing,Traditional,Q0 ,J,J,ELC,ElectraCorp Ltd,NA                            ,SP_000019,EDI,Commercial & Industrial,39.4,25.4568,12,0,AUD,,INV_000143,LINE_000002,20120313,ORD_000142,20120313,49:58.7
20120313,2012,9,2012,3,13,101,CUST_000068,400,ITEM_000011,OTH                           ,999,14001,5,Trade          ,S                             ,NA                                      ,NET_SALES                     ,Discontinuing,Traditional,Q0 ,J,J,ELC,ElectraCorp Ltd,NA                            ,SP_000019,EDI,Commercial & Industrial,39.4,25.4568,12,0,AUD,,INV_000144,LINE_000002,20120313,ORD_000143,20120313,49:58.7
20120302,2012,9,2012,3,2,101,CUST_000038,400,ITEM_000011,OTH                           ,999,14001,5,Trade          ,S                             ,NA                                      ,NET_SALES                     ,Discontinuing,Traditional,Q0 ,J,J,ELC,ElectraCorp Ltd,NA                            ,SP_000015,EDI,Commercial & Industrial,39.4,25.4568,12,0,AUD,,INV_000145,LINE_000001,20120302,ORD_000144,20120301,49:58.7
20120416,2012,10,2012,4,16,101,CUST_000061,410,ITEM_000011,OTH                           ,999,14001,5,Trade          ,S                             ,NA                                      ,NET_SALES                     ,Discontinuing,Traditional,Q1 ,J,J,ELC,ElectraCorp Ltd,NA                            ,SP_000018,NOR,Commercial & Industrial,80.4,50.9136,24,0,AUD,,INV_000146,LINE_000001,20120416,ORD_000145,20120416,49:58.7
20120120,2012,7,2012,1,20,101,CUST_000069,410,ITEM_000011,OTH                           ,999,14001,5,Trade          ,S                             ,NA                                      ,NET_SALES                     ,Discontinuing,Traditional,Q1 ,J,J,MED,Metro Electrical Distributors,NA                            ,SP_000001,CRR,Commercial & Industrial,-2.9,-1.93,-1,0,AUD,,INV_000147,LINE_000001,20120120,ORD_000146,20120120,49:58.7
20120503,2012,11,2012,5,3,101,CUST_000039,400,ITEM_000011,OTH                           ,999,14001,5,Trade          ,S                             ,NA                                      ,NET_SALES                     ,Discontinuing,Traditional,Q0 ,J,J,MED,Metro Electrical Distributors,NA                            ,SP_000006,EDI,Commercial & Industrial,160.8,101.8272,48,0,AUD,,INV_000148,LINE_000001,20120503,ORD_000147,20120503,49:58.7
20120227,2012,8,2012,2,27,101,CUST_000070,400,ITEM_000011,OTH                           ,999,14001,5,Trade          ,S                             ,NA                                      ,NET_SALES                     ,Discontinuing,Traditional,Q0 ,J,J,MED,Metro Electrical Distributors,NA                            ,SP_000020,NOR,Commercial & Industrial,55.62,38.1852,18,0,AUD,,INV_000149,LINE_000001,20120227,ORD_000148,20120227,49:58.7
20120601,2012,12,2012,6,1,101,CUST_000039,400,ITEM_000011,OTH                           ,999,14001,5,Trade          ,S                             ,NA                                      ,NET_SALES                     ,Discontinuing,Traditional,Q0 ,J,J,MED,Metro Electrical Distributors,NA                            ,SP_000006,EDI,Commercial & Industrial,201.0,127.284,60,0,AUD,,INV_000150,LINE_000001,20120601,ORD_000149,20120601,49:58.7
20120330,2012,9,2012,3,30,101,CUST_000039,400,ITEM_000011,OTH                           ,999,14001,5,Trade          ,S                             ,NA                                      ,NET_SALES                     ,Discontinuing,Traditional,Q0 ,J,J,MED,Metro Electrical Distributors,NA                            ,SP_000006,EDI,Commercial & Industrial,60.3,38.1852,18,0,AUD,,INV_000151,LINE_000001,20120330,ORD_000150,20120330,49:58.7
20120213,2012,8,2012,2,13,101,CUST_000071,410,ITEM_000011,OTH                           ,999,14001,5,Trade          ,S                             ,NA                                      ,NET_SALES                     ,Discontinuing,Traditional,Q1 ,J,J,MED,Metro Electrical Distributors,NA                            ,SP_000015,NOR,Commercial & Industrial,34.8,25.4568,12,0,AUD,,INV_000152,LINE_000001,20120213,ORD_000151,20120213,49:58.7
20120605,2012,12,2012,6,5,101,CUST_000072,400,ITEM_000011,OTH                           ,999,14001,5,Trade          ,S                             ,NA                                      ,NET_SALES                     ,Discontinuing,Traditional,Q0 ,J,J,ELC,ElectraCorp Ltd,NA                            ,SP_000015,NOR,Commercial & Industrial,60.3,38.1852,18,0,AUD,,INV_000153,LINE_000001,20120605,ORD_000152,20120605,49:58.7
20120308,2012,9,2012,3,8,101,CUST_000072,400,ITEM_000011,OTH                           ,999,14001,5,Trade          ,S                             ,NA                                      ,NET_SALES                     ,Discontinuing,Traditional,Q0 ,J,J,ELC,ElectraCorp Ltd,NA                            ,SP_000015,NOR,Commercial & Industrial,80.4,50.9136,24,0,AUD,,INV_000154,LINE_000001,20120308,ORD_000153,20120307,49:58.7
20120223,2012,8,2012,2,23,101,CUST_000073,200,ITEM_000005,LMP                           ,LMP01008                      ,LMP01                         ,5,Trade          ,S                             ,SYLV                                    ,NET_SALES                     ,Discontinuing,Traditional,N0 ,J,J,MED,Metro Electrical Distributors,NA                            ,SP_000021,EDI,Commercial & Industrial,76.56,50.9136,24,0,AUD,,INV_000155,LINE_000001,20120223,ORD_000154,20120223,49:58.7
20120502,2012,11,2012,5,2,101,CUST_000036,200,ITEM_000005,LMP                           ,LMP01008                      ,LMP01                         ,5,Trade          ,S                             ,SYLV                                    ,NET_SALES                     ,Discontinuing,Traditional,N0 ,J,J,MED,Metro Electrical Distributors,NA                            ,SP_000011,EDI,Commercial & Industrial,502.5,318.21,150,0,AUD,,INV_000156,LINE_000001,20120502,ORD_000155,20120501,49:58.7
20120620,2012,12,2012,6,20,101,CUST_000073,200,ITEM_000005,LMP                           ,LMP01008                      ,LMP01                         ,5,Trade          ,S                             ,SYLV                                    ,NET_SALES                     ,Discontinuing,Traditional,N0 ,J,J,MED,Metro Electrical Distributors,NA                            ,SP_000021,EDI,Commercial & Industrial,160.8,101.8272,48,0,AUD,,INV_000157,LINE_000001,20120620,ORD_000156,20120620,49:58.7
20120120,2012,7,2012,1,20,101,CUST_000041,300,ITEM_000005,LMP                           ,LMP01008                      ,LMP01                         ,5,Trade          ,S                             ,SYLV                                    ,NET_SALES                     ,Discontinuing,Traditional,V0 ,J,J,BPS,BrightPower Solutions,NA                            ,SP_000005,NOR,Commercial & Industrial,38.28,25.4568,12,0,AUD,,INV_000158,LINE_000003,20120120,ORD_000157,20120112,49:58.7
20120605,2012,12,2012,6,5,101,CUST_000041,300,ITEM_000006,LMP                           ,LMP01008                      ,LMP01                         ,5,Trade          ,S                             ,SYLV                                    ,NET_SALES                     ,Discontinuing,Traditional,V0 ,J,J,BPS,BrightPower Solutions,NA                            ,SP_000005,NOR,Commercial & Industrial,40.2,25.4568,12,0,AUD,,INV_000159,LINE_000001,20120605,ORD_000158,20120605,49:58.7
20120223,2012,8,2012,2,23,101,CUST_000050,210,ITEM_000005,LMP                           ,LMP01008                      ,LMP01                         ,5,Trade          ,S                             ,SYLV                                    ,NET_SALES                     ,Discontinuing,Traditional,N0 ,J,J,MED,Metro Electrical Distributors,NA                            ,SP_000012,NOR,Commercial & Industrial,22.33,14.8498,7,0,AUD,,INV_000160,LINE_000001,20120223,ORD_000159,20120223,49:58.7
20120131,2012,7,2012,1,31,101,CUST_000059,400,ITEM_000002,LMP                           ,LMP01008                      ,LMP01                         ,5,Trade          ,S                             ,SYLV                                    ,NET_SALES                     ,Discontinuing,Traditional,Q0 ,J,J,MED,Metro Electrical Distributors,NA                            ,SP_000015,EDI,Commercial & Industrial,38.28,25.4568,12,0,AUD,,INV_000161,LINE_000001,20120131,ORD_000160,20120131,49:58.7
20120503,2012,11,2012,5,3,101,CUST_000074,300,ITEM_000003,LMP                           ,LMP01008                      ,LMP01                         ,5,Trade          ,S                             ,SYLV                                    ,NET_SALES                     ,Discontinuing,Traditional,V0 ,J,J,MED,Metro Electrical Distributors,NA                            ,SP_000005,EDI,Commercial & Industrial,80.4,50.9136,24,0,AUD,,INV_000162,LINE_000001,20120503,ORD_000161,20120502,49:58.7
20120123,2012,7,2012,1,23,101,CUST_000075,300,ITEM_000003,LMP                           ,LMP01008                      ,LMP01                         ,5,Trade          ,S                             ,SYLV                                    ,NET_SALES                     ,Discontinuing,Traditional,V0 ,J,J,BPS,BrightPower Solutions,NA                            ,SP_000008,NOR,Commercial & Industrial,95.7,63.642,30,0,AUD,,INV_000163,LINE_000001,20120123,ORD_000162,20120123,49:58.7
20120507,2012,11,2012,5,7,101,CUST_000075,300,ITEM_000003,LMP                           ,LMP01008                      ,LMP01                         ,5,Trade          ,S                             ,SYLV                                    ,NET_SALES                     ,Discontinuing,Traditional,V0 ,J,J,BPS,BrightPower Solutions,NA                            ,SP_000008,NOR,Commercial & Industrial,18.9,12.7284,6,0,AUD,,INV_000164,LINE_000002,20120507,ORD_000163,20120504,49:58.7
20120111,2012,7,2012,1,11,101,CUST_000076,500,ITEM_000002,LMP                           ,LMP01008                      ,LMP01                         ,5,Trade          ,S                             ,SYLV                                    ,NET_SALES                     ,Discontinuing,Traditional,S0 ,J,J,MED,Metro Electrical Distributors,NA                            ,SP_000022,NOR,Commercial & Industrial,63.8,42.428,20,0,AUD,,INV_000165,LINE_000001,20120111,ORD_000164,20120111,49:58.7
20120404,2012,10,2012,4,4,101,CUST_000077,300,ITEM_000002,LMP                           ,LMP01008                      ,LMP01                         ,5,Trade          ,S                             ,SYLV                                    ,NET_SALES                     ,Discontinuing,Traditional,V0 ,J,J,BPS,BrightPower Solutions,NA                            ,SP_000005,NOR,Commercial & Industrial,80.4,50.9136,24,0,AUD,,INV_000166,LINE_000001,20120404,ORD_000165,20120403,49:58.7
20120427,2012,10,2012,4,27,101,CUST_000077,300,ITEM_000002,LMP                           ,LMP01008                      ,LMP01                         ,5,Trade          ,S                             ,SYLV                                    ,NET_SALES                     ,Discontinuing,Traditional,V0 ,J,J,BPS,BrightPower Solutions,NA                            ,SP_000005,NOR,Commercial & Industrial,19.09,12.7284,6,0,AUD,,INV_000167,LINE_000002,20120427,ORD_000166,20120427,49:58.7
20120412,2012,10,2012,4,12,101,CUST_000078,300,ITEM_000007,LMP                           ,LMP01008                      ,LMP01                         ,5,Trade          ,S                             ,SYLV                                    ,NET_SALES                     ,Discontinuing,Traditional,V0 ,J,J,BPS,BrightPower Solutions,NA                            ,SP_000008,NOR,Commercial & Industrial,40.2,25.4568,12,0,AUD,,INV_000168,LINE_000001,20120412,ORD_000167,20120412,49:58.7
20120208,2012,8,2012,2,8,101,CUST_000078,300,ITEM_000007,LMP                           ,LMP01008                      ,LMP01                         ,5,Trade          ,S                             ,SYLV                                    ,NET_SALES                     ,Discontinuing,Traditional,V0 ,J,J,BPS,BrightPower Solutions,NA                            ,SP_000008,CRR,Commercial & Industrial,-2.9,-1.93,-1,0,AUD,,INV_000169,LINE_000001,20120208,ORD_000168,20120208,49:58.7
20120215,2012,8,2012,2,15,101,CUST_000079,300,ITEM_000007,LMP                           ,LMP01008                      ,LMP01                         ,5,Trade          ,S                             ,SYLV                                    ,NET_SALES                     ,Discontinuing,Traditional,V0 ,J,J,BPS,BrightPower Solutions,NA                            ,SP_000004,NOR,Commercial & Industrial,19.14,12.7284,6,0,AUD,,INV_000170,LINE_000001,20120215,ORD_000169,20120215,49:58.7
20120412,2012,10,2012,4,12,101,CUST_000080,300,ITEM_000007,LMP                           ,LMP01008                      ,LMP01                         ,5,Trade          ,S                             ,SYLV                                    ,NET_SALES                     ,Discontinuing,Traditional,V0 ,J,J,MED,Metro Electrical Distributors,NA                            ,SP_000008,EDI,Commercial & Industrial,40.2,25.4568,12,0,AUD,,INV_000171,LINE_000002,20120412,ORD_000170,20120411,49:58.7
20120419,2012,10,2012,4,19,101,CUST_000081,300,ITEM_000007,LMP                           ,LMP01008                      ,LMP01                         ,5,Trade          ,S                             ,SYLV                                    ,NET_SALES                     ,Discontinuing,Traditional,V0 ,J,J,BPS,BrightPower Solutions,NA                            ,SP_000004,NOR,Commercial & Industrial,40.2,25.4568,12,0,AUD,,INV_000172,LINE_000001,20120419,ORD_000171,20120419,49:58.7
20120504,2012,11,2012,5,4,101,CUST_000081,300,ITEM_000007,LMP                           ,LMP01008                      ,LMP01                         ,5,Trade          ,S                             ,SYLV                                    ,NET_SALES                     ,Discontinuing,Traditional,V0 ,J,J,BPS,BrightPower Solutions,NA                            ,SP_000004,NOR,Commercial & Industrial,157.5,106.07,50,0,AUD,,INV_000173,LINE_000001,20120504,ORD_000172,20120504,49:58.7
20120522,2012,11,2012,5,22,101,CUST_000081,300,ITEM_000007,LMP                           ,LMP01008                      ,LMP01                         ,5,Trade          ,S                             ,SYLV                                    ,NET_SALES                     ,Discontinuing,Traditional,V0 ,J,J,BPS,BrightPower Solutions,NA                            ,SP_000004,NOR,Commercial & Industrial,40.2,25.4568,12,0,AUD,,INV_000174,LINE_000001,20120522,ORD_000173,20120522,49:58.7
20120412,2012,10,2012,4,12,101,CUST_000081,300,ITEM_000007,LMP                           ,LMP01008                      ,LMP01                         ,5,Trade          ,S                             ,SYLV                                    ,NET_SALES                     ,Discontinuing,Traditional,V0 ,J,J,BPS,BrightPower Solutions,NA                            ,SP_000004,NOR,Commercial & Industrial,40.2,25.4568,12,0,AUD,,INV_000175,LINE_000001,20120412,ORD_000174,20120412,49:58.7
20120605,2012,12,2012,6,5,101,CUST_000082,200,ITEM_000008,LMP                           ,LMP01008                      ,LMP01                         ,5,Trade          ,S                             ,SYLV                                    ,NET_SALES                     ,Discontinuing,Traditional,N0 ,J,J,MED,Metro Electrical Distributors,NA                            ,SP_000011,EDI,Commercial & Industrial,40.2,25.4568,12,0,AUD,,INV_000176,LINE_000001,20120605,ORD_000175,20120604,49:58.7
20120525,2012,11,2012,5,25,101,CUST_000083,200,ITEM_000008,LMP                           ,LMP01008                      ,LMP01                         ,5,Trade          ,S                             ,SYLV                                    ,NET_SALES                     ,Discontinuing,Traditional,N0 ,J,J,MED,Metro Electrical Distributors,NA                            ,SP_000010,NOR,Commercial & Industrial,155.98,101.8272,48,0,AUD,,INV_000177,LINE_000001,20120525,ORD_000176,20120525,49:58.7
20120202,2012,8,2012,2,2,101,CUST_000034,200,ITEM_000008,LMP                           ,LMP01008                      ,LMP01                         ,5,Trade          ,S                             ,SYLV                                    ,NET_SALES                     ,Discontinuing,Traditional,N0 ,J,J,MED,Metro Electrical Distributors,NA                            ,SP_000010,NOR,Commercial & Industrial,76.56,50.9136,24,0,AUD,,INV_000178,LINE_000001,20120202,ORD_000177,20120202,49:58.7
20120215,2012,8,2012,2,15,101,CUST_000057,200,ITEM_000008,LMP                           ,LMP01008                      ,LMP01                         ,5,Trade          ,S                             ,SYLV                                    ,NET_SALES                     ,Discontinuing,Traditional,N0 ,J,J,MED,Metro Electrical Distributors,NA                            ,SP_000011,EDI,Commercial & Industrial,76.56,50.9136,24,0,AUD,,INV_000179,LINE_000001,20120215,ORD_000178,20120215,49:58.7
20120308,2012,9,2012,3,8,101,CUST_000084,200,ITEM_000008,LMP                           ,LMP01008                      ,LMP01                         ,5,Trade          ,S                             ,SYLV                                    ,NET_SALES                     ,Discontinuing,Traditional,N0 ,J,J,MED,Metro Electrical Distributors,NA                            ,SP_000007,EDI,Commercial & Industrial,20.1,12.7284,6,0,AUD,,INV_000180,LINE_000002,20120308,ORD_000179,20120308,49:58.7
20120403,2012,10,2012,4,3,101,CUST_000085,710,ITEM_000015,FLD                           ,FLD02002                      ,FLD02                         ,1,Professional   ,P                             ,PIER                                    ,NET_SALES                     ,Discontinuing,Traditional,N0 ,J,J,ZZZ       ,General Suppliers Pty,NA                            ,SP_000023,EXP,Commercial & Industrial,36865.0,24389.3,146,0,AUD,,INV_000181,LINE_000007,20120403,ORD_000180,20120220,49:58.7
20120504,2012,11,2012,5,4,101,CUST_000086,600,ITEM_000011,OTH                           ,999,14001,5,Trade          ,S                             ,NA                                      ,NET_SALES                     ,Discontinuing,Traditional,W0 ,J,J,MED,Metro Electrical Distributors,NA                            ,SP_000024,EDI,Commercial & Industrial,134.0,84.856,40,0,AUD,,INV_000182,LINE_000001,20120504,ORD_000181,20120504,49:58.7
20120301,2012,9,2012,3,1,101,CUST_000059,400,ITEM_000011,OTH                           ,999,14001,5,Trade          ,S                             ,NA                                      ,NET_SALES                     ,Discontinuing,Traditional,Q0 ,J,J,MED,Metro Electrical Distributors,NA                            ,SP_000015,NOR,Commercial & Industrial,159.5,106.07,50,0,AUD,,INV_000183,LINE_000001,20120301,ORD_000182,20120229,49:58.7
20120627,2012,12,2012,6,27,101,CUST_000059,400,ITEM_000011,OTH                           ,999,14001,5,Trade          ,S                             ,NA                                      ,NET_SALES                     ,Discontinuing,Traditional,Q0 ,J,J,MED,Metro Electrical Distributors,NA                            ,SP_000015,NOR,Commercial & Industrial,100.5,63.642,30,0,AUD,,INV_000184,LINE_000001,20120627,ORD_000183,20120627,49:58.7
20120601,2012,12,2012,6,1,101,CUST_000059,400,ITEM_000011,OTH                           ,999,14001,5,Trade          ,S                             ,NA                                      ,NET_SALES                     ,Discontinuing,Traditional,Q0 ,J,J,MED,Metro Electrical Distributors,NA                            ,SP_000015,EDI,Commercial & Industrial,120.6,76.3704,36,0,AUD,,INV_000185,LINE_000001,20120601,ORD_000184,20120531,49:58.7
20120620,2012,12,2012,6,20,101,CUST_000047,400,ITEM_000011,OTH                           ,999,14001,5,Trade          ,S                             ,NA                                      ,NET_SALES                     ,Discontinuing,Traditional,Q0 ,J,J,MED,Metro Electrical Distributors,NA                            ,SP_000015,EDI,Commercial & Industrial,201.0,127.284,60,0,AUD,,INV_000186,LINE_000001,20120620,ORD_000185,20120620,49:58.7
20120517,2012,11,2012,5,17,101,CUST_000047,400,ITEM_000011,OTH                           ,999,14001,5,Trade          ,S                             ,NA                                      ,NET_SALES                     ,Discontinuing,Traditional,Q0 ,J,J,MED,Metro Electrical Distributors,NA                            ,SP_000015,EDI,Commercial & Industrial,40.2,25.4568,12,0,AUD,,INV_000187,LINE_000001,20120517,ORD_000186,20120517,49:58.7
20120604,2012,12,2012,6,4,101,CUST_000077,300,ITEM_000002,LMP                           ,LMP01008                      ,LMP01                         ,5,Trade          ,S                             ,SYLV                                    ,NET_SALES                     ,Discontinuing,Traditional,V0 ,J,J,BPS,BrightPower Solutions,NA                            ,SP_000005,NOR,Commercial & Industrial,281.4,178.1976,84,0,AUD,,INV_000188,LINE_000001,20120604,ORD_000187,20120604,49:58.7
20120119,2012,7,2012,1,19,101,CUST_000087,400,ITEM_000002,LMP                           ,LMP01008                      ,LMP01                         ,5,Trade          ,S                             ,SYLV                                    ,NET_SALES                     ,Discontinuing,Traditional,Q0 ,J,J,MED,Metro Electrical Distributors,NA                            ,SP_000025,EDI,Commercial & Industrial,95.7,63.642,30,0,AUD,,INV_000189,LINE_000002,20120119,ORD_000188,20120118,49:58.7
20120402,2012,10,2012,4,2,101,CUST_000088,400,ITEM_000003,LMP                           ,LMP01008                      ,LMP01                         ,5,Trade          ,S                             ,SYLV                                    ,NET_SALES                     ,Discontinuing,Traditional,Q0 ,J,J,MED,Metro Electrical Distributors,NA                            ,SP_000019,NOR,Commercial & Industrial,74.16,50.9136,24,0,AUD,,INV_000190,LINE_000001,20120402,ORD_000189,20120402,49:58.7
20120402,2012,10,2012,4,2,101,CUST_000001,410,ITEM_000002,LMP                           ,LMP01008                      ,LMP01                         ,5,Trade          ,S                             ,SYLV                                    ,NET_SALES                     ,Discontinuing,Traditional,Q1 ,J,J,ELC,ElectraCorp Ltd,NA                            ,SP_000001,EDI,Commercial & Industrial,196.98,127.284,60,0,AUD,,INV_000129,LINE_000001,20120402,ORD_000128,20120330,49:58.7
20120522,2012,11,2012,5,22,101,CUST_000089,300,ITEM_000006,LMP                           ,LMP01008                      ,LMP01                         ,5,Trade          ,S                             ,SYLV                                    ,NET_SALES                     ,Discontinuing,Traditional,V0 ,J,J,BPS,BrightPower Solutions,NA                            ,SP_000002,NOR,Commercial & Industrial,335.0,212.14,100,0,AUD,,INV_000191,LINE_000001,20120522,ORD_000190,20120521,49:58.7
20120323,2012,9,2012,3,23,101,CUST_000090,200,ITEM_000005,LMP                           ,LMP01008                      ,LMP01                         ,5,Trade          ,S                             ,SYLV                                    ,NET_SALES                     ,Discontinuing,Traditional,N0 ,J,J,MED,Metro Electrical Distributors,NA                            ,SP_000007,EDI,Commercial & Industrial,40.2,25.4568,12,0,AUD,,INV_000192,LINE_000001,20120323,ORD_000191,20120323,49:58.7
20120403,2012,10,2012,4,3,101,CUST_000091,300,ITEM_000006,LMP                           ,LMP01008                      ,LMP01                         ,5,Trade          ,S                             ,SYLV                                    ,NET_SALES                     ,Discontinuing,Traditional,V0 ,J,J,BPS,BrightPower Solutions,NA                            ,SP_000005,NOR,Commercial & Industrial,301.5,190.926,90,0,AUD,,INV_000193,LINE_000001,20120403,ORD_000192,20120402,49:58.7
20120420,2012,10,2012,4,20,101,CUST_000092,300,ITEM_000006,LMP                           ,LMP01008                      ,LMP01                         ,5,Trade          ,S                             ,SYLV                                    ,NET_SALES                     ,Discontinuing,Traditional,V0 ,J,J,BPS,BrightPower Solutions,NA                            ,SP_000005,NOR,Commercial & Industrial,80.4,50.9136,24,0,AUD,,INV_000194,LINE_000001,20120420,ORD_000193,20120420,49:58.7
20120315,2012,9,2012,3,15,101,CUST_000090,200,ITEM_000005,LMP                           ,LMP01008                      ,LMP01                         ,5,Trade          ,S                             ,SYLV                                    ,NET_SALES                     ,Discontinuing,Traditional,N0 ,J,J,MED,Metro Electrical Distributors,NA                            ,SP_000007,EDI,Commercial & Industrial,20.1,12.7284,6,0,AUD,,INV_000195,LINE_000001,20120315,ORD_000194,20120315,49:58.7
20120315,2012,9,2012,3,15,101,CUST_000086,600,ITEM_000005,LMP                           ,LMP01008                      ,LMP01                         ,5,Trade          ,S                             ,SYLV                                    ,NET_SALES                     ,Discontinuing,Traditional,W0 ,J,J,MED,Metro Electrical Distributors,NA                            ,SP_000024,EDI,Commercial & Industrial,40.2,25.4568,12,0,AUD,,INV_000196,LINE_000001,20120315,ORD_000195,20120315,49:58.7
20120305,2012,9,2012,3,5,101,CUST_000093,200,ITEM_000005,LMP                           ,LMP01008                      ,LMP01                         ,5,Trade          ,S                             ,SYLV                                    ,NET_SALES                     ,Discontinuing,Traditional,N0 ,J,J,ELC,ElectraCorp Ltd,NA                            ,SP_000007,EDI,Commercial & Industrial,39.4,25.4568,12,0,AUD,,INV_000197,LINE_000003,20120305,ORD_000196,20120302,49:58.7
20120221,2012,8,2012,2,21,101,CUST_000082,200,ITEM_000005,LMP                           ,LMP01008                      ,LMP01                         ,5,Trade          ,S                             ,SYLV                                    ,NET_SALES                     ,Discontinuing,Traditional,N0 ,J,J,MED,Metro Electrical Distributors,NA                            ,SP_000011,EDI,Commercial & Industrial,19.14,12.7284,6,0,AUD,,INV_000198,LINE_000001,20120221,ORD_000197,20120220,49:58.7
20120412,2012,10,2012,4,12,101,CUST_000037,300,ITEM_000007,LMP                           ,LMP01008                      ,LMP01                         ,5,Trade          ,S                             ,SYLV                                    ,NET_SALES                     ,Discontinuing,Traditional,V0 ,J,J,BPS,BrightPower Solutions,NA                            ,SP_000008,NOR,Commercial & Industrial,20.1,12.7284,6,0,AUD,,INV_000199,LINE_000001,20120412,ORD_000198,20120411,49:58.7
20120208,2012,8,2012,2,8,101,CUST_000020,300,ITEM_000007,LMP                           ,LMP01008                      ,LMP01                         ,5,Trade          ,S                             ,SYLV                                    ,NET_SALES                     ,Discontinuing,Traditional,V0 ,J,J,MED,Metro Electrical Distributors,NA                            ,SP_000005,CRR,Commercial & Industrial,-3.19,-2.12,-1,0,AUD,,INV_000200,LINE_000001,20120208,ORD_000199,20120208,49:58.7
20120110,2012,7,2012,1,10,101,CUST_000020,300,ITEM_000007,LMP                           ,LMP01008                      ,LMP01                         ,5,Trade          ,S                             ,SYLV                                    ,NET_SALES                     ,Discontinuing,Traditional,V0 ,J,J,MED,Metro Electrical Distributors,NA                            ,SP_000005,NOR,Commercial & Industrial,38.28,25.4568,12,0,AUD,,INV_000201,LINE_000001,20120110,ORD_000200,20120109,49:58.7
20120604,2012,12,2012,6,4,101,CUST_000094,200,ITEM_000007,LMP                           ,LMP01008                      ,LMP01                         ,5,Trade          ,S                             ,SYLV                                    ,NET_SALES                     ,Discontinuing,Traditional,N0 ,J,J,AEG,Aussie Energy Group,NA                            ,SP_000026,PRO,Commercial & Industrial,40.2,25.4568,12,0,AUD,,INV_000202,LINE_000001,20120604,ORD_000201,20120604,49:58.7
20120222,2012,8,2012,2,22,101,CUST_000095,210,ITEM_000007,LMP                           ,LMP01008                      ,LMP01                         ,5,Trade          ,S                             ,SYLV                                    ,NET_SALES                     ,Discontinuing,Traditional,N0 ,J,J,MED,Metro Electrical Distributors,NA                            ,SP_000021,EDI,Commercial & Industrial,95.7,63.642,30,0,AUD,,INV_000203,LINE_000002,20120222,ORD_000202,20120222,49:58.7
20120524,2012,11,2012,5,24,101,CUST_000096,200,ITEM_000007,LMP                           ,LMP01008                      ,LMP01                         ,5,Trade          ,S                             ,SYLV                                    ,NET_SALES                     ,Discontinuing,Traditional,N0 ,J,J,MED,Metro Electrical Distributors,NA                            ,SP_000007,EDI,Commercial & Industrial,20.1,12.7284,6,0,AUD,,INV_000204,LINE_000001,20120524,ORD_000203,20120523,49:58.7
20120528,2012,11,2012,5,28,101,CUST_000081,300,ITEM_000007,LMP                           ,LMP01008                      ,LMP01                         ,5,Trade          ,S                             ,SYLV                                    ,NET_SALES                     ,Discontinuing,Traditional,V0 ,J,J,BPS,BrightPower Solutions,NA                            ,SP_000004,NOR,Commercial & Industrial,60.3,38.1852,18,0,AUD,,INV_000205,LINE_000001,20120528,ORD_000204,20120528,49:58.7
20120622,2012,12,2012,6,22,101,CUST_000081,300,ITEM_000007,LMP                           ,LMP01008                      ,LMP01                         ,5,Trade          ,S                             ,SYLV                                    ,NET_SALES                     ,Discontinuing,Traditional,V0 ,J,J,BPS,BrightPower Solutions,NA                            ,SP_000004,NOR,Commercial & Industrial,33.5,21.214,10,0,AUD,,INV_000206,LINE_000001,20120622,ORD_000205,20120622,49:58.7
20120507,2012,11,2012,5,7,101,CUST_000083,200,ITEM_000008,LMP                           ,LMP01008                      ,LMP01                         ,5,Trade          ,S                             ,SYLV                                    ,NET_SALES                     ,Discontinuing,Traditional,N0 ,J,J,MED,Metro Electrical Distributors,NA                            ,SP_000010,NOR,Commercial & Industrial,402.0,254.568,120,0,AUD,,INV_000207,LINE_000001,20120507,ORD_000206,20120507,49:58.7
20120501,2012,11,2012,5,1,101,CUST_000083,200,ITEM_000008,LMP                           ,LMP01008                      ,LMP01                         ,5,Trade          ,S                             ,SYLV                                    ,NET_SALES                     ,Discontinuing,Traditional,N0 ,J,J,MED,Metro Electrical Distributors,NA                            ,SP_000010,NOR,Commercial & Industrial,120.6,76.3704,36,0,AUD,,INV_000208,LINE_000001,20120501,ORD_000207,20120501,49:58.7
20120314,2012,9,2012,3,14,101,CUST_000057,200,ITEM_000008,LMP                           ,LMP01008                      ,LMP01                         ,5,Trade          ,S                             ,SYLV                                    ,NET_SALES                     ,Discontinuing,Traditional,N0 ,J,J,MED,Metro Electrical Distributors,NA                            ,SP_000011,EDI,Commercial & Industrial,100.5,63.642,30,0,AUD,,INV_000209,LINE_000001,20120314,ORD_000208,20120314,49:58.7
20120120,2012,7,2012,1,20,101,CUST_000097,200,ITEM_000016,OTH                           ,999,14001,5,Trade          ,S                             ,NA                                      ,NET_SALES                     ,Discontinuing,Traditional,N0 ,J,J,UES,Unified Electrical Suppliers,NA                            ,SP_000010,CDG,Commercial & Industrial,-3.28,-2.1214,-1,0,AUD,,INV_000210,LINE_000001,20120120,ORD_000209,20120120,49:58.7
20120403,2012,10,2012,4,3,101,CUST_000001,410,ITEM_000008,LMP                           ,LMP01008                      ,LMP01                         ,5,Trade          ,S                             ,SYLV                                    ,NET_SALES                     ,Discontinuing,Traditional,Q1 ,J,J,ELC,ElectraCorp Ltd,NA                            ,SP_000001,EDI,Commercial & Industrial,201.0,127.284,60,0,AUD,,INV_000211,LINE_000001,20120403,ORD_000210,20120403,49:58.7
20120521,2012,11,2012,5,21,101,CUST_000098,300,ITEM_000008,LMP                           ,LMP01008                      ,LMP01                         ,5,Trade          ,S                             ,SYLV                                    ,NET_SALES                     ,Discontinuing,Traditional,V0 ,J,J,BPS,BrightPower Solutions,NA                            ,SP_000002,NOR,Commercial & Industrial,20.1,12.7284,6,0,AUD,,INV_000212,LINE_000001,20120521,ORD_000211,20120521,49:58.7
20120606,2012,12,2012,6,6,101,CUST_000038,400,ITEM_000011,OTH                           ,999,14001,5,Trade          ,S                             ,NA                                      ,NET_SALES                     ,Discontinuing,Traditional,Q0 ,J,J,ELC,ElectraCorp Ltd,NA                            ,SP_000015,NOR,Commercial & Industrial,120.6,76.3704,36,0,AUD,,INV_000213,LINE_000001,20120606,ORD_000212,20120606,49:58.7
20120315,2012,9,2012,3,15,101,CUST_000038,400,ITEM_000011,OTH                           ,999,14001,5,Trade          ,S                             ,NA                                      ,NET_SALES                     ,Discontinuing,Traditional,Q0 ,J,J,ELC,ElectraCorp Ltd,NA                            ,SP_000015,EDI,Commercial & Industrial,78.79,50.9136,24,0,AUD,,INV_000214,LINE_000001,20120315,ORD_000213,20120314,49:58.7
20120601,2012,12,2012,6,1,101,CUST_000088,400,ITEM_000011,OTH                           ,999,14001,5,Trade          ,S                             ,NA                                      ,NET_SALES                     ,Discontinuing,Traditional,Q0 ,J,J,MED,Metro Electrical Distributors,NA                            ,SP_000019,NOR,Commercial & Industrial,37.08,25.4568,12,0,AUD,,INV_000215,LINE_000001,20120601,ORD_000214,20120601,49:58.7
20120217,2012,8,2012,2,17,100,CUST_000046,720,ITEM_000017,SUR                           ,SUR08001                      ,SUR08                         ,7,Trade          ,P                             ,96,REBATE_EXEMPT_EOL             ,Discontinuing,Traditional,KN0,J,J,INTERCO   ,InterGlobal Trading,NA                            ,SP_000016,NOR,Commercial & Industrial,18050.0,16245.5,1000,0,AUD,,INV_000216,LINE_000008,20120217,ORD_000215,20120217,49:58.7
20120607,2012,12,2012,6,7,101,CUST_000038,400,ITEM_000011,OTH                           ,999,14001,5,Trade          ,S                             ,NA                                      ,NET_SALES                     ,Discontinuing,Traditional,Q0 ,J,J,ELC,ElectraCorp Ltd,NA                            ,SP_000015,NOR,Commercial & Industrial,80.4,50.9136,24,0,AUD,,INV_000217,LINE_000001,20120607,ORD_000216,20120607,49:58.7
20120228,2012,8,2012,2,28,101,CUST_000099,400,ITEM_000011,OTH                           ,999,14001,5,Trade          ,S                             ,NA                                      ,NET_SALES                     ,Discontinuing,Traditional,Q0 ,J,J,MED,Metro Electrical Distributors,NA                            ,SP_000001,CRR,Commercial & Industrial,-31.9,-17.37,-9,0,AUD,,INV_000218,LINE_000001,20120228,ORD_000217,20120227,49:58.7
20120215,2012,8,2012,2,15,101,CUST_000100,400,ITEM_000011,OTH                           ,999,14001,5,Trade          ,S                             ,NA                                      ,NET_SALES                     ,Discontinuing,Traditional,Q0 ,J,J,BPS,BrightPower Solutions,NA                            ,SP_000006,NOR,Commercial & Industrial,38.28,25.4568,12,0,AUD,,INV_000219,LINE_000001,20120215,ORD_000218,20120215,49:58.7
20120301,2012,9,2012,3,1,101,CUST_000101,400,ITEM_000011,OTH                           ,999,14001,5,Trade          ,S                             ,NA                                      ,NET_SALES                     ,Discontinuing,Traditional,Q0 ,J,J,BPS,BrightPower Solutions,NA                            ,SP_000020,NOR,Commercial & Industrial,19.14,12.7284,6,0,AUD,,INV_000220,LINE_000001,20120301,ORD_000219,20120301,49:58.7
20120323,2012,9,2012,3,23,101,CUST_000101,400,ITEM_000011,OTH                           ,999,14001,5,Trade          ,S                             ,NA                                      ,NET_SALES                     ,Discontinuing,Traditional,Q0 ,J,J,BPS,BrightPower Solutions,NA                            ,SP_000020,NOR,Commercial & Industrial,20.1,12.7284,6,0,AUD,,INV_000221,LINE_000001,20120323,ORD_000220,20120323,49:58.7
20120628,2012,12,2012,6,28,101,CUST_000101,400,ITEM_000011,OTH                           ,999,14001,5,Trade          ,S                             ,NA                                      ,NET_SALES                     ,Discontinuing,Traditional,Q0 ,J,J,BPS,BrightPower Solutions,NA                            ,SP_000020,NOR,Commercial & Industrial,40.2,25.4568,12,0,AUD,,INV_000222,LINE_000001,20120628,ORD_000221,20120628,49:58.7
20120522,2012,11,2012,5,22,101,CUST_000102,200,ITEM_000018,COM                           ,COM90001                      ,COM90                         ,1,Professional   ,P                             ,PIER                                    ,NET_SALES                     ,Continuing,Accessories,N0 ,J,J,MED,Metro Electrical Distributors,NA                            ,SP_000007,NOR,Commercial & Industrial,187.02,67.05,15,0,AUD,,INV_000223,LINE_000002,20120522,ORD_000222,20120510,49:58.7
20120606,2012,12,2012,6,6,101,CUST_000103,400,ITEM_000011,OTH                           ,999,14001,5,Trade          ,S                             ,NA                                      ,NET_SALES                     ,Discontinuing,Traditional,Q0 ,J,J,ELC,ElectraCorp Ltd,NA                            ,SP_000006,EDI,Commercial & Industrial,134.0,84.856,40,0,AUD,,INV_000224,LINE_000001,20120606,ORD_000223,20120605,49:58.7
20120608,2012,12,2012,6,8,101,CUST_000077,300,ITEM_000014,OTH                           ,999,14001,5,Trade          ,S                             ,NA                                      ,NET_SALES                     ,Discontinuing,Traditional,V0 ,J,J,BPS,BrightPower Solutions,NA                            ,SP_000005,NOR,Commercial & Industrial,20.1,12.7284,6,0,AUD,,INV_000225,LINE_000001,20120608,ORD_000224,20120608,49:58.7
20120418,2012,10,2012,4,18,101,CUST_000077,300,ITEM_000014,OTH                           ,999,14001,5,Trade          ,S                             ,NA                                      ,NET_SALES                     ,Discontinuing,Traditional,V0 ,J,J,BPS,BrightPower Solutions,NA                            ,SP_000005,NOR,Commercial & Industrial,20.1,12.7284,6,0,AUD,,INV_000226,LINE_000001,20120418,ORD_000225,20120418,49:58.7
20120528,2012,11,2012,5,28,101,CUST_000049,300,ITEM_000014,OTH                           ,999,14001,5,Trade          ,S                             ,NA                                      ,NET_SALES                     ,Discontinuing,Traditional,V0 ,J,J,BPS,BrightPower Solutions,NA                            ,SP_000008,NOR,Commercial & Industrial,20.1,12.7284,6,0,AUD,,INV_000227,LINE_000001,20120528,ORD_000226,20120528,49:58.7
20120614,2012,12,2012,6,14,101,CUST_000079,300,ITEM_000014,OTH                           ,999,14001,5,Trade          ,S                             ,NA                                      ,NET_SALES                     ,Discontinuing,Traditional,V0 ,J,J,BPS,BrightPower Solutions,NA                            ,SP_000004,NOR,Commercial & Industrial,20.1,12.7284,6,0,AUD,,INV_000228,LINE_000001,20120614,ORD_000227,20120613,49:58.7
20120607,2012,12,2012,6,7,101,CUST_000008,400,ITEM_000011,OTH                           ,999,14001,5,Trade          ,S                             ,NA                                      ,NET_SALES                     ,Discontinuing,Traditional,Q0 ,J,J,MED,Metro Electrical Distributors,NA                            ,SP_000006,NOR,Commercial & Industrial,20.1,12.7284,6,0,AUD,,INV_000229,LINE_000001,20120607,ORD_000228,20120606,49:58.7
20120523,2012,11,2012,5,23,101,CUST_000007,400,ITEM_000011,OTH                           ,999,14001,5,Trade          ,S                             ,NA                                      ,NET_SALES                     ,Discontinuing,Traditional,Q0 ,J,J,MED,Metro Electrical Distributors,NA                            ,SP_000006,EDI,Commercial & Industrial,40.2,25.4568,12,0,AUD,,INV_000230,LINE_000001,20120523,ORD_000229,20120523,49:58.7
20120531,2012,11,2012,5,31,101,CUST_000001,410,ITEM_000014,OTH                           ,999,14001,5,Trade          ,S                             ,NA                                      ,NET_SALES                     ,Discontinuing,Traditional,Q1 ,J,J,ELC,ElectraCorp Ltd,NA                            ,SP_000001,EDI,Commercial & Industrial,120.6,76.3704,36,0,AUD,,INV_000231,LINE_000001,20120531,ORD_000230,20120531,49:58.7
20120531,2012,11,2012,5,31,101,CUST_000001,410,ITEM_000014,OTH                           ,999,14001,5,Trade          ,S                             ,NA                                      ,NET_SALES                     ,Discontinuing,Traditional,Q1 ,J,J,ELC,ElectraCorp Ltd,NA                            ,SP_000001,EDI,Commercial & Industrial,120.6,76.3704,36,0,AUD,,INV_000231,LINE_000001,20120531,ORD_000230,20120531,49:58.7
20120605,2012,12,2012,6,5,101,CUST_000104,310,ITEM_000011,OTH                           ,999,14001,5,Trade          ,S                             ,NA                                      ,NET_SALES                     ,Discontinuing,Traditional,T0 ,J,J,MED,Metro Electrical Distributors,NA                            ,SP_000005,EDS,Commercial & Industrial,78.79,50.9136,24,0,AUD,,INV_000232,LINE_000002,20120605,ORD_000231,20120604,49:58.7
20120601,2012,12,2012,6,1,101,CUST_000105,400,ITEM_000011,OTH                           ,999,14001,5,Trade          ,S                             ,NA                                      ,NET_SALES                     ,Discontinuing,Traditional,Q0 ,J,J,MED,Metro Electrical Distributors,NA                            ,SP_000020,NOR,Commercial & Industrial,80.4,50.9136,24,0,AUD,,INV_000233,LINE_000001,20120601,ORD_000232,20120601,49:58.7
20120509,2012,11,2012,5,9,101,CUST_000105,400,ITEM_000011,OTH                           ,999,14001,5,Trade          ,S                             ,NA                                      ,NET_SALES                     ,Discontinuing,Traditional,Q0 ,J,J,MED,Metro Electrical Distributors,NA                            ,SP_000020,NOR,Commercial & Industrial,60.3,38.1852,18,0,AUD,,INV_000234,LINE_000001,20120509,ORD_000233,20120509,49:58.7
20120615,2012,12,2012,6,15,101,CUST_000105,400,ITEM_000011,OTH                           ,999,14001,5,Trade          ,S                             ,NA                                      ,NET_SALES                     ,Discontinuing,Traditional,Q0 ,J,J,MED,Metro Electrical Distributors,NA                            ,SP_000020,EDI,Commercial & Industrial,40.2,25.4568,12,0,AUD,,INV_000235,LINE_000001,20120615,ORD_000234,20120614,49:58.7
20120418,2012,10,2012,4,18,101,CUST_000015,300,ITEM_000002,LMP                           ,LMP01008                      ,LMP01                         ,5,Trade          ,S                             ,SYLV                                    ,NET_SALES                     ,Discontinuing,Traditional,V0 ,J,J,BPS,BrightPower Solutions,NA                            ,SP_000008,CDG,Commercial & Industrial,-3.28,-2.1214,-1,0,AUD,,INV_000236,LINE_000001,20120418,ORD_000235,20120418,49:58.7
20120419,2012,10,2012,4,19,101,CUST_000051,300,ITEM_000002,LMP                           ,LMP01008                      ,LMP01                         ,5,Trade          ,S                             ,SYLV                                    ,NET_SALES                     ,Discontinuing,Traditional,V0 ,J,J,MED,Metro Electrical Distributors,NA                            ,SP_000008,EDI,Commercial & Industrial,40.2,25.4568,12,0,AUD,,INV_000237,LINE_000001,20120419,ORD_000236,20120419,49:58.7
20120503,2012,11,2012,5,3,101,CUST_000052,300,ITEM_000002,LMP                           ,LMP01008                      ,LMP01                         ,5,Trade          ,S                             ,SYLV                                    ,NET_SALES                     ,Discontinuing,Traditional,V0 ,J,J,BPS,BrightPower Solutions,NA                            ,SP_000005,NOR,Commercial & Industrial,18.9,12.7284,6,0,AUD,,INV_000238,LINE_000003,20120503,ORD_000237,20120502,49:58.7
20120103,2012,7,2012,1,3,101,CUST_000106,500,ITEM_000002,LMP                           ,LMP01008                      ,LMP01                         ,5,Trade          ,S                             ,SYLV                                    ,NET_SALES                     ,Discontinuing,Traditional,S0 ,J,J,BPS,BrightPower Solutions,NA                            ,SP_000022,NOR,Commercial & Industrial,19.14,12.7284,6,0,AUD,,INV_000239,LINE_000001,20120103,ORD_000238,20120103,49:58.7
20120112,2012,7,2012,1,12,101,CUST_000106,500,ITEM_000002,LMP                           ,LMP01008                      ,LMP01                         ,5,Trade          ,S                             ,SYLV                                    ,NET_SALES                     ,Discontinuing,Traditional,S0 ,J,J,BPS,BrightPower Solutions,NA                            ,SP_000022,NOR,Commercial & Industrial,19.14,12.7284,6,0,AUD,,INV_000240,LINE_000001,20120112,ORD_000239,20120112,49:58.7
20120504,2012,11,2012,5,4,101,CUST_000107,300,ITEM_000010,LMP                           ,LMP01008                      ,LMP01                         ,5,Trade          ,S                             ,SYLV                                    ,NET_SALES                     ,Discontinuing,Traditional,V0 ,J,J,BPS,BrightPower Solutions,NA                            ,SP_000008,NOR,Commercial & Industrial,9.45,6.3642,3,0,AUD,,INV_000241,LINE_000001,20120504,ORD_000240,20120504,49:58.7
20120604,2012,12,2012,6,4,101,CUST_000108,300,ITEM_000014,OTH                           ,999,14001,5,Trade          ,S                             ,NA                                      ,NET_SALES                     ,Discontinuing,Traditional,V0 ,J,J,BPS,BrightPower Solutions,NA                            ,SP_000004,NOR,Commercial & Industrial,80.4,50.9136,24,0,AUD,,INV_000242,LINE_000001,20120604,ORD_000241,20120604,49:58.7
20120608,2012,12,2012,6,8,101,CUST_000108,300,ITEM_000014,OTH                           ,999,14001,5,Trade          ,S                             ,NA                                      ,NET_SALES                     ,Discontinuing,Traditional,V0 ,J,J,BPS,BrightPower Solutions,NA                            ,SP_000004,NOR,Commercial & Industrial,100.5,63.642,30,0,AUD,,INV_000243,LINE_000001,20120608,ORD_000242,20120608,49:58.7
20120208,2012,8,2012,2,8,101,CUST_000109,200,ITEM_000019,DLT                           ,DLT01002                      ,DLT01                         ,7,Trade          ,P                             ,PIER                                    ,NET_SALES                     ,Discontinuing,Traditional,N0 ,J,J,NES,NextGen Electrical Solutions,NA                            ,SP_000007,CRR,Commercial & Industrial,-91.74,-39.66,-3,0,AUD,,INV_000244,LINE_000001,20120208,ORD_000243,20120208,49:58.7
20120618,2012,12,2012,6,18,101,CUST_000108,300,ITEM_000014,OTH                           ,999,14001,5,Trade          ,S                             ,NA                                      ,NET_SALES                     ,Discontinuing,Traditional,V0 ,J,J,BPS,BrightPower Solutions,NA                            ,SP_000004,NOR,Commercial & Industrial,80.4,50.9136,24,0,AUD,,INV_000245,LINE_000001,20120618,ORD_000244,20120615,49:58.7
20120314,2012,9,2012,3,14,101,CUST_000110,310,ITEM_000011,OTH                           ,999,14001,5,Trade          ,S                             ,NA                                      ,NET_SALES                     ,Discontinuing,Traditional,T0 ,J,J,ELC,ElectraCorp Ltd,NA                            ,SP_000027,NOR,Commercial & Industrial,40.2,25.4568,12,0,AUD,,INV_000246,LINE_000002,20120314,ORD_000245,20120307,49:58.7
20120625,2012,12,2012,6,25,101,CUST_000111,710,ITEM_000011,OTH                           ,999,14001,5,Trade          ,S                             ,NA                                      ,NET_SALES                     ,Discontinuing,Traditional,N0 ,J,J,ZZZ       ,General Suppliers Pty,NA                            ,SP_000023,CSH,Commercial & Industrial,25.44,25.4568,12,0,AUD,,INV_000247,LINE_000001,20120625,ORD_000246,20120625,49:58.7
20120220,2012,8,2012,2,20,101,CUST_000112,410,ITEM_000011,OTH                           ,999,14001,5,Trade          ,S                             ,NA                                      ,NET_SALES                     ,Discontinuing,Traditional,Q1 ,J,J,ZZ2       ,Independent Retailers Association,NA                            ,SP_000001,NOR,Commercial & Industrial,38.28,25.4568,12,0,AUD,,INV_000248,LINE_000001,20120220,ORD_000247,20120220,49:58.7
20120328,2012,9,2012,3,28,101,CUST_000112,410,ITEM_000011,OTH                           ,999,14001,5,Trade          ,S                             ,NA                                      ,NET_SALES                     ,Discontinuing,Traditional,Q1 ,J,J,ZZ2       ,Independent Retailers Association,NA                            ,SP_000001,NOR,Commercial & Industrial,20.1,12.7284,6,0,AUD,,INV_000249,LINE_000001,20120328,ORD_000248,20120326,49:58.7
20120618,2012,12,2012,6,18,101,CUST_000112,410,ITEM_000011,OTH                           ,999,14001,5,Trade          ,S                             ,NA                                      ,NET_SALES                     ,Discontinuing,Traditional,Q1 ,J,J,ZZ2       ,Independent Retailers Association,NA                            ,SP_000001,NOR,Commercial & Industrial,60.3,38.1852,18,0,AUD,,INV_000250,LINE_000001,20120618,ORD_000249,20120618,49:58.7
20120314,2012,9,2012,3,14,101,CUST_000110,310,ITEM_000011,OTH                           ,999,14001,5,Trade          ,S                             ,NA                                      ,NET_SALES                     ,Discontinuing,Traditional,T0 ,J,J,ELC,ElectraCorp Ltd,NA                            ,SP_000027,NOR,Commercial & Industrial,40.2,25.4568,12,0,AUD,,INV_000251,LINE_000002,20120314,ORD_000250,20120313,49:58.7
20120413,2012,10,2012,4,13,101,CUST_000113,410,ITEM_000011,OTH                           ,999,14001,5,Trade          ,S                             ,NA                                      ,NET_SALES                     ,Discontinuing,Traditional,Q1 ,J,J,MED,Metro Electrical Distributors,NA                            ,SP_000001,EDI,Commercial & Industrial,60.3,38.1852,18,0,AUD,,INV_000252,LINE_000001,20120413,ORD_000251,20120413,49:58.7
20120604,2012,12,2012,6,4,101,CUST_000113,410,ITEM_000011,OTH                           ,999,14001,5,Trade          ,S                             ,NA                                      ,NET_SALES                     ,Discontinuing,Traditional,Q1 ,J,J,MED,Metro Electrical Distributors,NA                            ,SP_000001,EDI,Commercial & Industrial,80.4,50.9136,24,0,AUD,,INV_000253,LINE_000001,20120604,ORD_000252,20120604,49:58.7
20120424,2012,10,2012,4,24,101,CUST_000114,300,ITEM_000007,LMP                           ,LMP01008                      ,LMP01                         ,5,Trade          ,S                             ,SYLV                                    ,NET_SALES                     ,Discontinuing,Traditional,V0 ,J,J,BPS,BrightPower Solutions,NA                            ,SP_000002,NOR,Commercial & Industrial,20.1,12.7284,6,0,AUD,,INV_000254,LINE_000001,20120424,ORD_000253,20120423,49:58.7
20120531,2012,11,2012,5,31,101,CUST_000115,210,ITEM_000007,LMP                           ,LMP01008                      ,LMP01                         ,5,Trade          ,S                             ,SYLV                                    ,NET_SALES                     ,Discontinuing,Traditional,N0 ,J,J,BPS,BrightPower Solutions,NA                            ,SP_000012,NOR,Commercial & Industrial,40.2,25.4568,12,0,AUD,,INV_000255,LINE_000001,20120531,ORD_000254,20120530,49:58.7
20120501,2012,11,2012,5,1,101,CUST_000097,200,ITEM_000007,LMP                           ,LMP01008                      ,LMP01                         ,5,Trade          ,S                             ,SYLV                                    ,NET_SALES                     ,Discontinuing,Traditional,N0 ,J,J,UES,Unified Electrical Suppliers,NA                            ,SP_000028,PRO,Commercial & Industrial,115.2,76.3704,36,0,AUD,,INV_000256,LINE_000001,20120501,ORD_000255,20120501,49:58.7
20120118,2012,7,2012,1,18,101,CUST_000116,300,ITEM_000007,LMP                           ,LMP01008                      ,LMP01                         ,5,Trade          ,S                             ,SYLV                                    ,NET_SALES                     ,Discontinuing,Traditional,V0 ,J,J,MED,Metro Electrical Distributors,NA                            ,SP_000008,EDI,Commercial & Industrial,38.28,25.4568,12,0,AUD,,INV_000257,LINE_000002,20120118,ORD_000256,20120116,49:58.7
20120619,2012,12,2012,6,19,101,CUST_000050,210,ITEM_000007,LMP                           ,LMP01008                      ,LMP01                         ,5,Trade          ,S                             ,SYLV                                    ,NET_SALES                     ,Discontinuing,Traditional,N0 ,J,J,MED,Metro Electrical Distributors,NA                            ,SP_000012,NOR,Commercial & Industrial,40.2,25.4568,12,0,AUD,,INV_000258,LINE_000001,20120619,ORD_000257,20120619,49:58.7
20120411,2012,10,2012,4,11,101,CUST_000052,300,ITEM_000007,LMP                           ,LMP01008                      ,LMP01                         ,5,Trade          ,S                             ,SYLV                                    ,NET_SALES                     ,Discontinuing,Traditional,V0 ,J,J,BPS,BrightPower Solutions,NA                            ,SP_000005,NOR,Commercial & Industrial,40.2,25.4568,12,0,AUD,,INV_000259,LINE_000001,20120411,ORD_000258,20120411,49:58.7
20120503,2012,11,2012,5,3,101,CUST_000005,300,ITEM_000002,LMP                           ,LMP01008                      ,LMP01                         ,5,Trade          ,S                             ,SYLV                                    ,NET_SALES                     ,Discontinuing,Traditional,V0 ,J,J,BPS,BrightPower Solutions,NA                            ,SP_000004,NOR,Commercial & Industrial,57.28,38.1852,18,0,AUD,,INV_000260,LINE_000002,20120503,ORD_000259,20120427,49:58.7
20120503,2012,11,2012,5,3,101,CUST_000053,300,ITEM_000002,LMP                           ,LMP01008                      ,LMP01                         ,5,Trade          ,S                             ,SYLV                                    ,NET_SALES                     ,Discontinuing,Traditional,V0 ,J,J,BPS,BrightPower Solutions,NA                            ,SP_000004,NOR,Commercial & Industrial,40.2,25.4568,12,0,AUD,,INV_000261,LINE_000002,20120503,ORD_000260,20120430,49:58.7
20120404,2012,10,2012,4,4,101,CUST_000005,300,ITEM_000002,LMP                           ,LMP01008                      ,LMP01                         ,5,Trade          ,S                             ,SYLV                                    ,NET_SALES                     ,Discontinuing,Traditional,V0 ,J,J,BPS,BrightPower Solutions,NA                            ,SP_000004,NOR,Commercial & Industrial,120.6,76.3704,36,0,AUD,,INV_000262,LINE_000001,20120404,ORD_000261,20120404,49:58.7
20120323,2012,9,2012,3,23,101,CUST_000005,300,ITEM_000002,LMP                           ,LMP01008                      ,LMP01                         ,5,Trade          ,S                             ,SYLV                                    ,NET_SALES                     ,Discontinuing,Traditional,V0 ,J,J,BPS,BrightPower Solutions,NA                            ,SP_000004,NOR,Commercial & Industrial,40.2,25.4568,12,0,AUD,,INV_000263,LINE_000002,20120323,ORD_000262,20120322,49:58.7
20120510,2012,11,2012,5,10,101,CUST_000005,300,ITEM_000002,LMP                           ,LMP01008                      ,LMP01                         ,5,Trade          ,S                             ,SYLV                                    ,NET_SALES                     ,Discontinuing,Traditional,V0 ,J,J,BPS,BrightPower Solutions,NA                            ,SP_000004,NOR,Commercial & Industrial,56.7,38.1852,18,0,AUD,,INV_000264,LINE_000002,20120510,ORD_000263,20120509,49:58.7
20120524,2012,11,2012,5,24,101,CUST_000117,300,ITEM_000002,LMP                           ,LMP01008                      ,LMP01                         ,5,Trade          ,S                             ,SYLV                                    ,NET_SALES                     ,Discontinuing,Traditional,V0 ,J,J,AEG,Aussie Energy Group,NA                            ,SP_000002,NOR,Commercial & Industrial,20.1,12.7284,6,0,AUD,,INV_000265,LINE_000001,20120524,ORD_000264,20120524,49:58.7
20120402,2012,10,2012,4,2,101,CUST_000118,300,ITEM_000002,LMP                           ,LMP01008                      ,LMP01                         ,5,Trade          ,S                             ,SYLV                                    ,NET_SALES                     ,Discontinuing,Traditional,V0 ,J,J,MED,Metro Electrical Distributors,NA                            ,SP_000004,EDI,Commercial & Industrial,40.2,25.4568,12,0,AUD,,INV_000266,LINE_000001,20120402,ORD_000265,20120402,49:58.7
20120427,2012,10,2012,4,27,101,CUST_000043,300,ITEM_000002,LMP                           ,LMP01008                      ,LMP01                         ,5,Trade          ,S                             ,SYLV                                    ,NET_SALES                     ,Discontinuing,Traditional,V0 ,J,J,MED,Metro Electrical Distributors,NA                            ,SP_000008,EDI,Commercial & Industrial,190.95,127.284,60,0,AUD,,INV_000084,LINE_000001,20120427,ORD_000081,20120427,49:58.7
20120120,2012,7,2012,1,20,101,CUST_000119,300,ITEM_000007,LMP                           ,LMP01008                      ,LMP01                         ,5,Trade          ,S                             ,SYLV                                    ,NET_SALES                     ,Discontinuing,Traditional,V0 ,J,J,BPS,BrightPower Solutions,NA                            ,SP_000008,NOR,Commercial & Industrial,76.56,50.9136,24,0,AUD,,INV_000267,LINE_000001,20120120,ORD_000266,20120119,49:58.7
20120522,2012,11,2012,5,22,101,CUST_000120,300,ITEM_000007,LMP                           ,LMP01008                      ,LMP01                         ,5,Trade          ,S                             ,SYLV                                    ,NET_SALES                     ,Discontinuing,Traditional,V0 ,J,J,BPS,BrightPower Solutions,NA                            ,SP_000002,NOR,Commercial & Industrial,20.1,12.7284,6,0,AUD,,INV_000268,LINE_000001,20120522,ORD_000267,20120522,49:58.7
20120111,2012,7,2012,1,11,101,CUST_000120,300,ITEM_000007,LMP                           ,LMP01008                      ,LMP01                         ,5,Trade          ,S                             ,SYLV                                    ,NET_SALES                     ,Discontinuing,Traditional,V0 ,J,J,BPS,BrightPower Solutions,NA                            ,SP_000002,NOR,Commercial & Industrial,19.14,12.7284,6,0,AUD,,INV_000269,LINE_000001,20120111,ORD_000268,20120110,49:58.7
20120222,2012,8,2012,2,22,101,CUST_000121,300,ITEM_000007,LMP                           ,LMP01008                      ,LMP01                         ,5,Trade          ,S                             ,SYLV                                    ,NET_SALES                     ,Discontinuing,Traditional,V0 ,J,J,AEG,Aussie Energy Group,NA                            ,SP_000008,NOR,Commercial & Industrial,38.28,25.4568,12,0,AUD,,INV_000270,LINE_000001,20120222,ORD_000269,20120222,49:58.7
20120521,2012,11,2012,5,21,101,CUST_000122,200,ITEM_000007,LMP                           ,LMP01008                      ,LMP01                         ,5,Trade          ,S                             ,SYLV                                    ,NET_SALES                     ,Discontinuing,Traditional,N0 ,J,J,MED,Metro Electrical Distributors,NA                            ,SP_000010,EDI,Commercial & Industrial,40.2,25.4568,12,0,AUD,,INV_000271,LINE_000001,20120521,ORD_000270,20120521,49:58.7
20120606,2012,12,2012,6,6,101,CUST_000122,200,ITEM_000007,LMP                           ,LMP01008                      ,LMP01                         ,5,Trade          ,S                             ,SYLV                                    ,NET_SALES                     ,Discontinuing,Traditional,N0 ,J,J,MED,Metro Electrical Distributors,NA                            ,SP_000010,EDI,Commercial & Industrial,20.1,12.7284,6,0,AUD,,INV_000272,LINE_000001,20120606,ORD_000271,20120606,49:58.7
20120131,2012,7,2012,1,31,101,CUST_000123,300,ITEM_000003,LMP                           ,LMP01008                      ,LMP01                         ,5,Trade          ,S                             ,SYLV                                    ,NET_SALES                     ,Discontinuing,Traditional,V0 ,J,J,BPS,BrightPower Solutions,NA                            ,SP_000004,NOR,Commercial & Industrial,19.14,12.7284,6,0,AUD,,INV_000273,LINE_000001,20120131,ORD_000272,20120131,49:58.7
20120504,2012,11,2012,5,4,101,CUST_000089,300,ITEM_000003,LMP                           ,LMP01008                      ,LMP01                         ,5,Trade          ,S                             ,SYLV                                    ,NET_SALES                     ,Discontinuing,Traditional,V0 ,J,J,BPS,BrightPower Solutions,NA                            ,SP_000002,NOR,Commercial & Industrial,37.8,25.4568,12,0,AUD,,INV_000274,LINE_000001,20120504,ORD_000273,20120503,49:58.7
20120508,2012,11,2012,5,8,101,CUST_000054,300,ITEM_000002,LMP                           ,LMP01008                      ,LMP01                         ,5,Trade          ,S                             ,SYLV                                    ,NET_SALES                     ,Discontinuing,Traditional,V0 ,J,J,BPS,BrightPower Solutions,NA                            ,SP_000004,NOR,Commercial & Industrial,151.2,101.8272,48,0,AUD,,INV_000275,LINE_000001,20120508,ORD_000274,20120508,49:58.7
20120217,2012,8,2012,2,17,101,CUST_000055,300,ITEM_000003,LMP                           ,LMP01008                      ,LMP01                         ,5,Trade          ,S                             ,SYLV                                    ,NET_SALES                     ,Discontinuing,Traditional,V0 ,J,J,MED,Metro Electrical Distributors,NA                            ,SP_000004,EDI,Commercial & Industrial,19.14,12.7284,6,0,AUD,,INV_000276,LINE_000002,20120217,ORD_000112,20120215,49:58.7
20120501,2012,11,2012,5,1,101,CUST_000054,300,ITEM_000003,LMP                           ,LMP01008                      ,LMP01                         ,5,Trade          ,S                             ,SYLV                                    ,NET_SALES                     ,Discontinuing,Traditional,V0 ,J,J,BPS,BrightPower Solutions,NA                            ,SP_000004,NOR,Commercial & Industrial,40.2,25.4568,12,0,AUD,,INV_000277,LINE_000001,20120501,ORD_000275,20120501,49:58.7
20120113,2012,7,2012,1,13,101,CUST_000110,310,ITEM_000003,LMP                           ,LMP01008                      ,LMP01                         ,5,Trade          ,S                             ,SYLV                                    ,NET_SALES                     ,Discontinuing,Traditional,T0 ,J,J,ELC,ElectraCorp Ltd,NA                            ,SP_000027,NOR,Commercial & Industrial,38.28,25.4568,12,0,AUD,,INV_000278,LINE_000001,20120113,ORD_000276,20120113,49:58.7
20120220,2012,8,2012,2,20,101,CUST_000027,300,ITEM_000003,LMP                           ,LMP01008                      ,LMP01                         ,5,Trade          ,S                             ,SYLV                                    ,NET_SALES                     ,Discontinuing,Traditional,V0 ,J,J,MED,Metro Electrical Distributors,NA                            ,SP_000004,NOS,Commercial & Industrial,159.5,106.07,50,0,AUD,,INV_000279,LINE_000001,20120220,ORD_000277,20120217,49:58.7
20120504,2012,11,2012,5,4,101,CUST_000108,300,ITEM_000002,LMP                           ,LMP01008                      ,LMP01                         ,5,Trade          ,S                             ,SYLV                                    ,NET_SALES                     ,Discontinuing,Traditional,V0 ,J,J,BPS,BrightPower Solutions,NA                            ,SP_000004,NOR,Commercial & Industrial,56.7,38.1852,18,0,AUD,,INV_000280,LINE_000001,20120504,ORD_000278,20120503,49:58.7
20120521,2012,11,2012,5,21,101,CUST_000108,300,ITEM_000002,LMP                           ,LMP01008                      ,LMP01                         ,5,Trade          ,S                             ,SYLV                                    ,NET_SALES                     ,Discontinuing,Traditional,V0 ,J,J,BPS,BrightPower Solutions,NA                            ,SP_000004,NOR,Commercial & Industrial,75.6,50.9136,24,0,AUD,,INV_000281,LINE_000001,20120521,ORD_000279,20120518,49:58.7
20120417,2012,10,2012,4,17,101,CUST_000108,300,ITEM_000002,LMP                           ,LMP01008                      ,LMP01                         ,5,Trade          ,S                             ,SYLV                                    ,NET_SALES                     ,Discontinuing,Traditional,V0 ,J,J,BPS,BrightPower Solutions,NA                            ,SP_000004,NOR,Commercial & Industrial,20.1,12.7284,6,0,AUD,,INV_000282,LINE_000001,20120417,ORD_000280,20120417,49:58.7
20120402,2012,10,2012,4,2,101,CUST_000124,310,ITEM_000002,LMP                           ,LMP01008                      ,LMP01                         ,5,Trade          ,S                             ,SYLV                                    ,NET_SALES                     ,Discontinuing,Traditional,T0 ,J,J,ELC,ElectraCorp Ltd,NA                            ,SP_000027,NOR,Commercial & Industrial,20.1,12.7284,6,0,AUD,,INV_000283,LINE_000001,20120402,ORD_000281,20120402,49:58.7
20120103,2012,7,2012,1,3,101,CUST_000103,400,ITEM_000002,LMP                           ,LMP01008                      ,LMP01                         ,5,Trade          ,S                             ,SYLV                                    ,NET_SALES                     ,Discontinuing,Traditional,Q0 ,J,J,ELC,ElectraCorp Ltd,NA                            ,SP_000006,NOR,Commercial & Industrial,38.28,25.4568,12,0,AUD,,INV_000284,LINE_000001,20120103,ORD_000282,20120103,49:58.7
20120110,2012,7,2012,1,10,101,CUST_000125,310,ITEM_000002,LMP                           ,LMP01008                      ,LMP01                         ,5,Trade          ,S                             ,SYLV                                    ,NET_SALES                     ,Discontinuing,Traditional,T0 ,J,J,MED,Metro Electrical Distributors,NA                            ,SP_000005,EDI,Commercial & Industrial,19.14,12.7284,6,0,AUD,,INV_000285,LINE_000001,20120110,ORD_000283,20120110,49:58.7
20120501,2012,11,2012,5,1,101,CUST_000026,300,ITEM_000003,LMP                           ,LMP01008                      ,LMP01                         ,5,Trade          ,S                             ,SYLV                                    ,NET_SALES                     ,Discontinuing,Traditional,V0 ,J,J,BPS,BrightPower Solutions,NA                            ,SP_000008,NOR,Commercial & Industrial,402.0,254.568,120,0,AUD,,INV_000286,LINE_000001,20120501,ORD_000284,20120430,49:58.7
20120322,2012,9,2012,3,22,101,CUST_000093,200,ITEM_000005,LMP                           ,LMP01008                      ,LMP01                         ,5,Trade          ,S                             ,SYLV                                    ,NET_SALES                     ,Discontinuing,Traditional,N0 ,J,J,ELC,ElectraCorp Ltd,NA                            ,SP_000007,EDI,Commercial & Industrial,39.4,25.4568,12,0,AUD,,INV_000287,LINE_000001,20120322,ORD_000285,20120322,49:58.7
20120605,2012,12,2012,6,5,101,CUST_000082,200,ITEM_000005,LMP                           ,LMP01008                      ,LMP01                         ,5,Trade          ,S                             ,SYLV                                    ,NET_SALES                     ,Discontinuing,Traditional,N0 ,J,J,MED,Metro Electrical Distributors,NA                            ,SP_000011,EDI,Commercial & Industrial,20.1,12.7284,6,0,AUD,,INV_000176,LINE_000001,20120605,ORD_000175,20120604,49:58.7
20120605,2012,12,2012,6,5,101,CUST_000126,510,ITEM_000005,LMP                           ,LMP01008                      ,LMP01                         ,5,Trade          ,S                             ,SYLV                                    ,NET_SALES                     ,Discontinuing,Traditional,S1 ,J,J,BPS,BrightPower Solutions,NA                            ,SP_000029,NOR,Commercial & Industrial,160.8,101.8272,48,0,AUD,,INV_000288,LINE_000001,20120605,ORD_000286,20120605,49:58.7
20120625,2012,12,2012,6,25,101,CUST_000126,510,ITEM_000005,LMP                           ,LMP01008                      ,LMP01                         ,5,Trade          ,S                             ,SYLV                                    ,NET_SALES                     ,Discontinuing,Traditional,S1 ,J,J,BPS,BrightPower Solutions,NA                            ,SP_000029,NOR,Commercial & Industrial,201.0,127.284,60,0,AUD,,INV_000289,LINE_000001,20120625,ORD_000287,20120625,49:58.7
20120313,2012,9,2012,3,13,101,CUST_000126,510,ITEM_000005,LMP                           ,LMP01008                      ,LMP01                         ,5,Trade          ,S                             ,SYLV                                    ,NET_SALES                     ,Discontinuing,Traditional,S1 ,J,J,BPS,BrightPower Solutions,NA                            ,SP_000029,NOR,Commercial & Industrial,201.0,127.284,60,0,AUD,,INV_000290,LINE_000002,20120313,ORD_000288,20120312,49:58.7
20120301,2012,9,2012,3,1,101,CUST_000126,510,ITEM_000005,LMP                           ,LMP01008                      ,LMP01                         ,5,Trade          ,S                             ,SYLV                                    ,NET_SALES                     ,Discontinuing,Traditional,S1 ,J,J,BPS,BrightPower Solutions,NA                            ,SP_000029,NOR,Commercial & Industrial,191.4,127.284,60,0,AUD,,INV_000291,LINE_000001,20120301,ORD_000289,20120301,49:58.7
20120125,2012,7,2012,1,25,101,CUST_000126,510,ITEM_000006,LMP                           ,LMP01008                      ,LMP01                         ,5,Trade          ,S                             ,SYLV                                    ,NET_SALES                     ,Discontinuing,Traditional,S1 ,J,J,BPS,BrightPower Solutions,NA                            ,SP_000029,NOR,Commercial & Industrial,76.56,50.9136,24,0,AUD,,INV_000292,LINE_000001,20120125,ORD_000290,20120125,49:58.7
20120403,2012,10,2012,4,3,101,CUST_000122,200,ITEM_000007,LMP                           ,LMP01008                      ,LMP01                         ,5,Trade          ,S                             ,SYLV                                    ,NET_SALES                     ,Discontinuing,Traditional,N0 ,J,J,MED,Metro Electrical Distributors,NA                            ,SP_000010,EDI,Commercial & Industrial,60.3,38.1852,18,0,AUD,,INV_000293,LINE_000001,20120403,ORD_000291,20120403,49:58.7
20120111,2012,7,2012,1,11,101,CUST_000127,300,ITEM_000007,LMP                           ,LMP01008                      ,LMP01                         ,5,Trade          ,S                             ,SYLV                                    ,NET_SALES                     ,Discontinuing,Traditional,V0 ,J,J,AEG,Aussie Energy Group,NA                            ,SP_000005,NOR,Commercial & Industrial,38.28,25.4568,12,0,AUD,,INV_000294,LINE_000001,20120111,ORD_000292,20120110,49:58.7
20120221,2012,8,2012,2,21,100,CUST_000046,720,ITEM_000012,SUR                           ,SUR08001                      ,SUR08                         ,1,Professional   ,P                             ,PIER                                    ,NET_SALES                     ,Continuing,LED,KN0,J,J,INTERCO   ,InterGlobal Trading,NA                            ,SP_000016,NOR,Commercial & Industrial,155.18,118.4861,1,0,AUD,,INV_000098,LINE_000008,20120221,ORD_000293,20120221,49:58.7
20120221,2012,8,2012,2,21,100,CUST_000046,720,ITEM_000012,SUR                           ,SUR08001                      ,SUR08                         ,1,Professional   ,P                             ,PIER                                    ,NET_SALES                     ,Continuing,LED,KN0,J,J,INTERCO   ,InterGlobal Trading,NA                            ,SP_000016,NOR,Commercial & Industrial,155.18,118.4861,1,0,AUD,,INV_000098,LINE_000009,20120221,ORD_000294,20120221,49:58.7
20120221,2012,8,2012,2,21,100,CUST_000046,720,ITEM_000012,SUR                           ,SUR08001                      ,SUR08                         ,1,Professional   ,P                             ,PIER                                    ,NET_SALES                     ,Continuing,LED,KN0,J,J,INTERCO   ,InterGlobal Trading,NA                            ,SP_000016,NOR,Commercial & Industrial,310.36,236.9722,2,0,AUD,,INV_000098,LINE_000006,20120221,ORD_000295,20120221,49:58.7
20120221,2012,8,2012,2,21,100,CUST_000046,720,ITEM_000012,SUR                           ,SUR08001                      ,SUR08                         ,1,Professional   ,P                             ,PIER                                    ,NET_SALES                     ,Continuing,LED,KN0,J,J,INTERCO   ,InterGlobal Trading,NA                            ,SP_000016,NOR,Commercial & Industrial,2172.52,1658.8054,14,0,AUD,,INV_000098,LINE_000008,20120221,ORD_000296,20120221,49:58.7
20120306,2012,9,2012,3,6,100,CUST_000046,720,ITEM_000012,SUR                           ,SUR08001                      ,SUR08                         ,1,Professional   ,P                             ,PIER                                    ,NET_SALES                     ,Continuing,LED,KN0,J,J,INTERCO   ,InterGlobal Trading,NA                            ,SP_000016,NOR,Commercial & Industrial,465.54,355.4583,3,0,AUD,,INV_000295,LINE_000010,20120306,ORD_000297,20120306,49:58.7
20120620,2012,12,2012,6,20,101,CUST_000078,300,ITEM_000007,LMP                           ,LMP01008                      ,LMP01                         ,5,Trade          ,S                             ,SYLV                                    ,NET_SALES                     ,Discontinuing,Traditional,V0 ,J,J,BPS,BrightPower Solutions,NA                            ,SP_000008,CRR,Commercial & Industrial,-3.35,-2.12,-1,0,AUD,,INV_000296,LINE_000001,20120620,ORD_000298,20120620,49:58.7
20120625,2012,12,2012,6,25,101,CUST_000126,510,ITEM_000006,LMP                           ,LMP01008                      ,LMP01                         ,5,Trade          ,S                             ,SYLV                                    ,NET_SALES                     ,Discontinuing,Traditional,S1 ,J,J,BPS,BrightPower Solutions,NA                            ,SP_000029,NOR,Commercial & Industrial,40.2,25.4568,12,0,AUD,,INV_000289,LINE_000001,20120625,ORD_000287,20120625,49:58.7
20120103,2012,7,2012,1,3,101,CUST_000126,510,ITEM_000006,LMP                           ,LMP01008                      ,LMP01                         ,5,Trade          ,S                             ,SYLV                                    ,NET_SALES                     ,Discontinuing,Traditional,S1 ,J,J,BPS,BrightPower Solutions,NA                            ,SP_000029,NOR,Commercial & Industrial,153.12,101.8272,48,0,AUD,,INV_000297,LINE_000001,20120103,ORD_000299,20120103,49:58.7
20120207,2012,8,2012,2,7,101,CUST_000128,200,ITEM_000005,LMP                           ,LMP01008                      ,LMP01                         ,5,Trade          ,S                             ,SYLV                                    ,NET_SALES                     ,Discontinuing,Traditional,N0 ,J,J,MED,Metro Electrical Distributors,NA                            ,SP_000012,NOR,Commercial & Industrial,95.7,63.642,30,0,AUD,,INV_000298,LINE_000001,20120207,ORD_000300,20120207,49:58.7
20120522,2012,11,2012,5,22,101,CUST_000129,200,ITEM_000005,LMP                           ,LMP01008                      ,LMP01                         ,5,Trade          ,S                             ,SYLV                                    ,NET_SALES                     ,Discontinuing,Traditional,N0 ,J,J,MED,Metro Electrical Distributors,NA                            ,SP_000012,NOR,Commercial & Industrial,6.7,4.2428,2,0,AUD,,INV_000299,LINE_000001,20120522,ORD_000301,20120522,49:58.7
20120210,2012,8,2012,2,10,101,CUST_000128,200,ITEM_000005,LMP                           ,LMP01008                      ,LMP01                         ,5,Trade          ,S                             ,SYLV                                    ,NET_SALES                     ,Discontinuing,Traditional,N0 ,J,J,MED,Metro Electrical Distributors,NA                            ,SP_000012,EDI,Commercial & Industrial,95.7,63.642,30,0,AUD,,INV_000300,LINE_000001,20120210,ORD_000302,20120210,49:58.7
20120326,2012,9,2012,3,26,101,CUST_000128,200,ITEM_000005,LMP                           ,LMP01008                      ,LMP01                         ,5,Trade          ,S                             ,SYLV                                    ,NET_SALES                     ,Discontinuing,Traditional,N0 ,J,J,MED,Metro Electrical Distributors,NA                            ,SP_000012,EDI,Commercial & Industrial,100.5,63.642,30,0,AUD,,INV_000301,LINE_000001,20120326,ORD_000303,20120326,49:58.7
20120327,2012,9,2012,3,27,101,CUST_000128,200,ITEM_000005,LMP                           ,LMP01008                      ,LMP01                         ,5,Trade          ,S                             ,SYLV                                    ,NET_SALES                     ,Discontinuing,Traditional,N0 ,J,J,MED,Metro Electrical Distributors,NA                            ,SP_000012,EDI,Commercial & Industrial,100.5,63.642,30,0,AUD,,INV_000302,LINE_000001,20120327,ORD_000304,20120327,49:58.7
20120319,2012,9,2012,3,19,101,CUST_000130,300,ITEM_000020,TRO                           ,TRO03001                      ,TRO03                         ,1,Professional   ,P                             ,PIER                                    ,NET_SALES                     ,Discontinuing,Traditional,V0 ,B,J,MED,Metro Electrical Distributors,NA                            ,SP_000030,PRO,Commercial & Industrial,145.0,76.73,1,0,AUD,,INV_000303,LINE_000001,20120319,ORD_000305,20120319,49:58.7
20120502,2012,11,2012,5,2,101,CUST_000068,400,ITEM_000006,LMP                           ,LMP01008                      ,LMP01                         ,5,Trade          ,S                             ,SYLV                                    ,NET_SALES                     ,Discontinuing,Traditional,Q0 ,J,J,ELC,ElectraCorp Ltd,NA                            ,SP_000019,NOR,Commercial & Industrial,196.98,127.284,60,0,AUD,,INV_000304,LINE_000001,20120502,ORD_000306,20120502,49:58.7
20120504,2012,11,2012,5,4,101,CUST_000068,400,ITEM_000006,LMP                           ,LMP01008                      ,LMP01                         ,5,Trade          ,S                             ,SYLV                                    ,NET_SALES                     ,Discontinuing,Traditional,Q0 ,J,J,ELC,ElectraCorp Ltd,NA                            ,SP_000019,NOR,Commercial & Industrial,80.4,50.9136,24,0,AUD,,INV_000305,LINE_000001,20120504,ORD_000307,20120504,49:58.7
20120214,2012,8,2012,2,14,101,CUST_000047,400,ITEM_000006,LMP                           ,LMP01008                      ,LMP01                         ,5,Trade          ,S                             ,SYLV                                    ,NET_SALES                     ,Discontinuing,Traditional,Q0 ,J,J,MED,Metro Electrical Distributors,NA                            ,SP_000015,EDI,Commercial & Industrial,114.84,76.3704,36,0,AUD,,INV_000306,LINE_000001,20120214,ORD_000308,20120214,49:58.7
20120618,2012,12,2012,6,18,101,CUST_000038,400,ITEM_000006,LMP                           ,LMP01008                      ,LMP01                         ,5,Trade          ,S                             ,SYLV                                    ,NET_SALES                     ,Discontinuing,Traditional,Q0 ,J,J,ELC,ElectraCorp Ltd,NA                            ,SP_000015,NOR,Commercial & Industrial,160.8,101.8272,48,0,AUD,,INV_000307,LINE_000002,20120618,ORD_000309,20120618,49:58.7
20120118,2012,7,2012,1,18,101,CUST_000068,400,ITEM_000006,LMP                           ,LMP01008                      ,LMP01                         ,5,Trade          ,S                             ,SYLV                                    ,NET_SALES                     ,Discontinuing,Traditional,Q0 ,J,J,ELC,ElectraCorp Ltd,NA                            ,SP_000019,NOR,Commercial & Industrial,114.84,76.3704,36,0,AUD,,INV_000308,LINE_000003,20120118,ORD_000310,20120110,49:58.7
20120606,2012,12,2012,6,6,101,CUST_000038,400,ITEM_000006,LMP                           ,LMP01008                      ,LMP01                         ,5,Trade          ,S                             ,SYLV                                    ,NET_SALES                     ,Discontinuing,Traditional,Q0 ,J,J,ELC,ElectraCorp Ltd,NA                            ,SP_000015,NOR,Commercial & Industrial,40.2,25.4568,12,0,AUD,,INV_000213,LINE_000001,20120606,ORD_000212,20120606,49:58.7
20120626,2012,12,2012,6,26,101,CUST_000047,400,ITEM_000006,LMP                           ,LMP01008                      ,LMP01                         ,5,Trade          ,S                             ,SYLV                                    ,NET_SALES                     ,Discontinuing,Traditional,Q0 ,J,J,MED,Metro Electrical Distributors,NA                            ,SP_000015,EDI,Commercial & Industrial,60.3,38.1852,18,0,AUD,,INV_000309,LINE_000001,20120626,ORD_000311,20120626,49:58.7
20120224,2012,8,2012,2,24,101,CUST_000097,200,ITEM_000005,LMP                           ,LMP01008                      ,LMP01                         ,5,Trade          ,S                             ,SYLV                                    ,NET_SALES                     ,Discontinuing,Traditional,N0 ,J,J,UES,Unified Electrical Suppliers,NA                            ,SP_000010,NOR,Commercial & Industrial,382.8,254.568,120,0,AUD,,INV_000310,LINE_000001,20120224,ORD_000312,20120224,49:58.7
20120210,2012,8,2012,2,10,101,CUST_000057,200,ITEM_000005,LMP                           ,LMP01008                      ,LMP01                         ,5,Trade          ,S                             ,SYLV                                    ,NET_SALES                     ,Discontinuing,Traditional,N0 ,J,J,MED,Metro Electrical Distributors,NA                            ,SP_000011,EDI,Commercial & Industrial,57.42,38.1852,18,0,AUD,,INV_000311,LINE_000001,20120210,ORD_000313,20120210,49:58.7
20120514,2012,11,2012,5,14,101,CUST_000034,200,ITEM_000005,LMP                           ,LMP01008                      ,LMP01                         ,5,Trade          ,S                             ,SYLV                                    ,NET_SALES                     ,Discontinuing,Traditional,N0 ,J,J,MED,Metro Electrical Distributors,NA                            ,SP_000010,NOR,Commercial & Industrial,80.4,50.9136,24,0,AUD,,INV_000312,LINE_000002,20120514,ORD_000314,20120511,49:58.7
20120416,2012,10,2012,4,16,101,CUST_000083,200,ITEM_000005,LMP                           ,LMP01008                      ,LMP01                         ,5,Trade          ,S                             ,SYLV                                    ,NET_SALES                     ,Discontinuing,Traditional,N0 ,J,J,MED,Metro Electrical Distributors,NA                            ,SP_000010,EDI,Commercial & Industrial,40.2,25.4568,12,0,AUD,,INV_000313,LINE_000001,20120416,ORD_000315,20120416,49:58.7
20120615,2012,12,2012,6,15,101,CUST_000034,200,ITEM_000005,LMP                           ,LMP01008                      ,LMP01                         ,5,Trade          ,S                             ,SYLV                                    ,NET_SALES                     ,Discontinuing,Traditional,N0 ,J,J,MED,Metro Electrical Distributors,NA                            ,SP_000010,NOR,Commercial & Industrial,80.4,50.9136,24,0,AUD,,INV_000314,LINE_000001,20120615,ORD_000316,20120615,49:58.7
20120201,2012,8,2012,2,1,101,CUST_000001,410,ITEM_000006,LMP                           ,LMP01008                      ,LMP01                         ,5,Trade          ,S                             ,SYLV                                    ,NET_SALES                     ,Discontinuing,Traditional,Q1 ,J,J,ELC,ElectraCorp Ltd,NA                            ,SP_000001,NOR,Commercial & Industrial,38.28,25.4568,12,0,AUD,,INV_000092,LINE_000001,20120201,ORD_000089,20120201,49:58.7
20120607,2012,12,2012,6,7,101,CUST_000008,400,ITEM_000006,LMP                           ,LMP01008                      ,LMP01                         ,5,Trade          ,S                             ,SYLV                                    ,NET_SALES                     ,Discontinuing,Traditional,Q0 ,J,J,MED,Metro Electrical Distributors,NA                            ,SP_000006,NOR,Commercial & Industrial,20.1,12.7284,6,0,AUD,,INV_000229,LINE_000001,20120607,ORD_000228,20120606,49:58.7
20120118,2012,7,2012,1,18,101,CUST_000008,400,ITEM_000006,LMP                           ,LMP01008                      ,LMP01                         ,5,Trade          ,S                             ,SYLV                                    ,NET_SALES                     ,Discontinuing,Traditional,Q0 ,J,J,MED,Metro Electrical Distributors,NA                            ,SP_000006,NOR,Commercial & Industrial,57.42,38.1852,18,0,AUD,,INV_000315,LINE_000002,20120118,ORD_000317,20120103,49:58.7
20120222,2012,8,2012,2,22,101,CUST_000058,400,ITEM_000006,LMP                           ,LMP01008                      ,LMP01                         ,5,Trade          ,S                             ,SYLV                                    ,NET_SALES                     ,Discontinuing,Traditional,Q0 ,J,J,MED,Metro Electrical Distributors,NA                            ,SP_000001,EDI,Commercial & Industrial,19.14,12.7284,6,0,AUD,,INV_000316,LINE_000001,20120222,ORD_000318,20120222,49:58.7
20120606,2012,12,2012,6,6,101,CUST_000058,400,ITEM_000006,LMP                           ,LMP01008                      ,LMP01                         ,5,Trade          ,S                             ,SYLV                                    ,NET_SALES                     ,Discontinuing,Traditional,Q0 ,J,J,MED,Metro Electrical Distributors,NA                            ,SP_000001,EDI,Commercial & Industrial,16.75,10.607,5,0,AUD,,INV_000317,LINE_000001,20120606,ORD_000319,20120605,49:58.7
20120207,2012,8,2012,2,7,101,CUST_000131,200,ITEM_000005,LMP                           ,LMP01008                      ,LMP01                         ,5,Trade          ,S                             ,SYLV                                    ,NET_SALES                     ,Discontinuing,Traditional,N0 ,J,J,ZZZ       ,General Suppliers Pty,NA                            ,SP_000026,NOR,Commercial & Industrial,19.14,12.7284,6,0,AUD,,INV_000318,LINE_000001,20120207,ORD_000320,20120206,49:58.7
20120201,2012,8,2012,2,1,101,CUST_000126,510,ITEM_000006,LMP                           ,LMP01008                      ,LMP01                         ,5,Trade          ,S                             ,SYLV                                    ,NET_SALES                     ,Discontinuing,Traditional,S1 ,J,J,BPS,BrightPower Solutions,NA                            ,SP_000029,NOR,Commercial & Industrial,114.84,76.3704,36,0,AUD,,INV_000319,LINE_000001,20120201,ORD_000321,20120201,49:58.7
20120120,2012,7,2012,1,20,101,CUST_000043,300,ITEM_000005,LMP                           ,LMP01008                      ,LMP01                         ,5,Trade          ,S                             ,SYLV                                    ,NET_SALES                     ,Discontinuing,Traditional,V0 ,J,J,MED,Metro Electrical Distributors,NA                            ,SP_000008,EDI,Commercial & Industrial,76.56,50.9136,24,0,AUD,,INV_000320,LINE_000003,20120120,ORD_000322,20111207,49:58.7
20120410,2012,10,2012,4,10,101,CUST_000043,300,ITEM_000005,LMP                           ,LMP01008                      ,LMP01                         ,5,Trade          ,S                             ,SYLV                                    ,NET_SALES                     ,Discontinuing,Traditional,V0 ,J,J,MED,Metro Electrical Distributors,NA                            ,SP_000008,EDI,Commercial & Industrial,67.0,42.428,20,0,AUD,,INV_000321,LINE_000001,20120410,ORD_000323,20120405,49:58.7
20120410,2012,10,2012,4,10,101,CUST_000089,300,ITEM_000005,LMP                           ,LMP01008                      ,LMP01                         ,5,Trade          ,S                             ,SYLV                                    ,NET_SALES                     ,Discontinuing,Traditional,V0 ,J,J,BPS,BrightPower Solutions,NA                            ,SP_000002,NOR,Commercial & Industrial,20.1,12.7284,6,0,AUD,,INV_000322,LINE_000001,20120410,ORD_000324,20120410,49:58.7
20120525,2012,11,2012,5,25,101,CUST_000117,300,ITEM_000006,LMP                           ,LMP01008                      ,LMP01                         ,5,Trade          ,S                             ,SYLV                                    ,NET_SALES                     ,Discontinuing,Traditional,V0 ,J,J,AEG,Aussie Energy Group,NA                            ,SP_000002,NOR,Commercial & Industrial,881.05,557.9282,263,0,AUD,,INV_000323,LINE_000001,20120525,ORD_000325,20120524,49:58.7
20120420,2012,10,2012,4,20,101,CUST_000117,300,ITEM_000006,LMP                           ,LMP01008                      ,LMP01                         ,5,Trade          ,S                             ,SYLV                                    ,NET_SALES                     ,Discontinuing,Traditional,V0 ,J,J,AEG,Aussie Energy Group,NA                            ,SP_000002,NOR,Commercial & Industrial,1005.0,636.42,300,0,AUD,,INV_000324,LINE_000001,20120420,ORD_000326,20120420,49:58.7
20120621,2012,12,2012,6,21,101,CUST_000117,300,ITEM_000006,LMP                           ,LMP01008                      ,LMP01                         ,5,Trade          ,S                             ,SYLV                                    ,NET_SALES                     ,Discontinuing,Traditional,V0 ,J,J,AEG,Aussie Energy Group,NA                            ,SP_000002,NOR,Commercial & Industrial,1346.7,852.8028,402,0,AUD,,INV_000325,LINE_000001,20120621,ORD_000327,20120621,49:58.7
20120410,2012,10,2012,4,10,101,CUST_000055,300,ITEM_000005,LMP                           ,LMP01008                      ,LMP01                         ,5,Trade          ,S                             ,SYLV                                    ,NET_SALES                     ,Discontinuing,Traditional,V0 ,J,J,MED,Metro Electrical Distributors,NA                            ,SP_000004,EDI,Commercial & Industrial,20.1,12.7284,6,0,AUD,,INV_000326,LINE_000001,20120410,ORD_000328,20120405,49:58.7
20120523,2012,11,2012,5,23,101,CUST_000073,200,ITEM_000005,LMP                           ,LMP01008                      ,LMP01                         ,5,Trade          ,S                             ,SYLV                                    ,NET_SALES                     ,Discontinuing,Traditional,N0 ,J,J,MED,Metro Electrical Distributors,NA                            ,SP_000021,EDI,Commercial & Industrial,160.8,101.8272,48,0,AUD,,INV_000327,LINE_000001,20120523,ORD_000329,20120523,49:58.7
20120119,2012,7,2012,1,19,101,CUST_000073,200,ITEM_000005,LMP                           ,LMP01008                      ,LMP01                         ,5,Trade          ,S                             ,SYLV                                    ,NET_SALES                     ,Discontinuing,Traditional,N0 ,J,J,MED,Metro Electrical Distributors,NA                            ,SP_000021,EDI,Commercial & Industrial,191.4,127.284,60,0,AUD,,INV_000328,LINE_000001,20120119,ORD_000330,20120118,49:58.7
20120315,2012,9,2012,3,15,101,CUST_000073,200,ITEM_000005,LMP                           ,LMP01008                      ,LMP01                         ,5,Trade          ,S                             ,SYLV                                    ,NET_SALES                     ,Discontinuing,Traditional,N0 ,J,J,MED,Metro Electrical Distributors,NA                            ,SP_000021,EDI,Commercial & Industrial,120.6,76.3704,36,0,AUD,,INV_000329,LINE_000001,20120315,ORD_000331,20120315,49:58.7
20120213,2012,8,2012,2,13,101,CUST_000073,200,ITEM_000005,LMP                           ,LMP01008                      ,LMP01                         ,5,Trade          ,S                             ,SYLV                                    ,NET_SALES                     ,Discontinuing,Traditional,N0 ,J,J,MED,Metro Electrical Distributors,NA                            ,SP_000021,EDI,Commercial & Industrial,319.0,212.14,100,0,AUD,,INV_000330,LINE_000001,20120213,ORD_000332,20120213,49:58.7
20120228,2012,8,2012,2,28,101,CUST_000073,200,ITEM_000005,LMP                           ,LMP01008                      ,LMP01                         ,5,Trade          ,S                             ,SYLV                                    ,NET_SALES                     ,Discontinuing,Traditional,N0 ,J,J,MED,Metro Electrical Distributors,NA                            ,SP_000021,EDI,Commercial & Industrial,114.84,76.3704,36,0,AUD,,INV_000331,LINE_000001,20120228,ORD_000333,20120228,49:58.7
20120326,2012,9,2012,3,26,101,CUST_000036,200,ITEM_000005,LMP                           ,LMP01008                      ,LMP01                         ,5,Trade          ,S                             ,SYLV                                    ,NET_SALES                     ,Discontinuing,Traditional,N0 ,J,J,MED,Metro Electrical Distributors,NA                            ,SP_000011,EDI,Commercial & Industrial,20.1,12.7284,6,0,AUD,,INV_000332,LINE_000002,20120326,ORD_000334,20120323,49:58.7
20120217,2012,8,2012,2,17,101,CUST_000132,200,ITEM_000005,LMP                           ,LMP01008                      ,LMP01                         ,5,Trade          ,S                             ,SYLV                                    ,NET_SALES                     ,Discontinuing,Traditional,N0 ,J,J,MED,Metro Electrical Distributors,NA                            ,SP_000010,EDI,Commercial & Industrial,38.28,25.4568,12,0,AUD,,INV_000333,LINE_000001,20120217,ORD_000335,20120217,49:58.7
20120525,2012,11,2012,5,25,101,CUST_000132,200,ITEM_000005,LMP                           ,LMP01008                      ,LMP01                         ,5,Trade          ,S                             ,SYLV                                    ,NET_SALES                     ,Discontinuing,Traditional,N0 ,J,J,MED,Metro Electrical Distributors,NA                            ,SP_000010,EDI,Commercial & Industrial,20.1,12.7284,6,0,AUD,,INV_000334,LINE_000002,20120525,ORD_000336,20120525,49:58.7
20120227,2012,8,2012,2,27,101,CUST_000078,300,ITEM_000006,LMP                           ,LMP01008                      ,LMP01                         ,5,Trade          ,S                             ,SYLV                                    ,NET_SALES                     ,Discontinuing,Traditional,V0 ,J,J,BPS,BrightPower Solutions,NA                            ,SP_000008,NOR,Commercial & Industrial,38.28,25.4568,12,0,AUD,,INV_000335,LINE_000001,20120227,ORD_000337,20120227,49:58.7
20120314,2012,9,2012,3,14,101,CUST_000132,200,ITEM_000005,LMP                           ,LMP01008                      ,LMP01                         ,5,Trade          ,S                             ,SYLV                                    ,NET_SALES                     ,Discontinuing,Traditional,N0 ,J,J,MED,Metro Electrical Distributors,NA                            ,SP_000010,EDI,Commercial & Industrial,40.2,25.4568,12,0,AUD,,INV_000336,LINE_000001,20120314,ORD_000338,20120314,49:58.7
20120223,2012,8,2012,2,23,101,CUST_000094,200,ITEM_000005,LMP                           ,LMP01008                      ,LMP01                         ,5,Trade          ,S                             ,SYLV                                    ,NET_SALES                     ,Discontinuing,Traditional,N0 ,J,J,AEG,Aussie Energy Group,NA                            ,SP_000012,NOR,Commercial & Industrial,76.56,50.9136,24,0,AUD,,INV_000337,LINE_000001,20120223,ORD_000339,20120223,49:58.7
20120604,2012,12,2012,6,4,101,CUST_000094,200,ITEM_000005,LMP                           ,LMP01008                      ,LMP01                         ,5,Trade          ,S                             ,SYLV                                    ,NET_SALES                     ,Discontinuing,Traditional,N0 ,J,J,AEG,Aussie Energy Group,NA                            ,SP_000026,PRO,Commercial & Industrial,80.4,50.9136,24,0,AUD,,INV_000202,LINE_000001,20120604,ORD_000201,20120604,49:58.7
20120423,2012,10,2012,4,23,101,CUST_000115,210,ITEM_000005,LMP                           ,LMP01008                      ,LMP01                         ,5,Trade          ,S                             ,SYLV                                    ,NET_SALES                     ,Discontinuing,Traditional,N0 ,J,J,BPS,BrightPower Solutions,NA                            ,SP_000012,NOR,Commercial & Industrial,20.1,12.7284,6,0,AUD,,INV_000338,LINE_000001,20120423,ORD_000340,20120423,49:58.7
20120501,2012,11,2012,5,1,101,CUST_000097,200,ITEM_000005,LMP                           ,LMP01008                      ,LMP01                         ,5,Trade          ,S                             ,SYLV                                    ,NET_SALES                     ,Discontinuing,Traditional,N0 ,J,J,UES,Unified Electrical Suppliers,NA                            ,SP_000028,PRO,Commercial & Industrial,115.2,76.3704,36,0,AUD,,INV_000256,LINE_000001,20120501,ORD_000255,20120501,49:58.7
20120622,2012,12,2012,6,22,101,CUST_000133,300,ITEM_000006,LMP                           ,LMP01008                      ,LMP01                         ,5,Trade          ,S                             ,SYLV                                    ,NET_SALES                     ,Discontinuing,Traditional,V0 ,J,J,BPS,BrightPower Solutions,NA                            ,SP_000008,NOR,Commercial & Industrial,20.1,12.7284,6,0,AUD,,INV_000339,LINE_000001,20120622,ORD_000341,20120622,49:58.7
20120613,2012,12,2012,6,13,101,CUST_000134,200,ITEM_000005,LMP                           ,LMP01008                      ,LMP01                         ,5,Trade          ,S                             ,SYLV                                    ,NET_SALES                     ,Discontinuing,Traditional,N0 ,J,J,MED,Metro Electrical Distributors,NA                            ,SP_000007,NOR,Commercial & Industrial,20.1,12.7284,6,0,AUD,,INV_000340,LINE_000001,20120613,ORD_000342,20120613,49:58.7
20120120,2012,7,2012,1,20,101,CUST_000081,300,ITEM_000005,LMP                           ,LMP01008                      ,LMP01                         ,5,Trade          ,S                             ,SYLV                                    ,NET_SALES                     ,Discontinuing,Traditional,V0 ,J,J,BPS,BrightPower Solutions,NA                            ,SP_000004,NOR,Commercial & Industrial,19.14,12.7284,6,0,AUD,,INV_000341,LINE_000002,20120120,ORD_000343,20120109,49:58.7
20120301,2012,9,2012,3,1,101,CUST_000096,200,ITEM_000005,LMP                           ,LMP01008                      ,LMP01                         ,5,Trade          ,S                             ,SYLV                                    ,NET_SALES                     ,Discontinuing,Traditional,N0 ,J,J,MED,Metro Electrical Distributors,NA                            ,SP_000007,EDI,Commercial & Industrial,38.28,25.4568,12,0,AUD,,INV_000342,LINE_000001,20120301,ORD_000344,20120301,49:58.7
20120221,2012,8,2012,2,21,101,CUST_000104,310,ITEM_000006,LMP                           ,LMP01008                      ,LMP01                         ,5,Trade          ,S                             ,SYLV                                    ,NET_SALES                     ,Discontinuing,Traditional,T0 ,J,J,MED,Metro Electrical Distributors,NA                            ,SP_000005,NOR,Commercial & Industrial,63.8,42.428,20,0,AUD,,INV_000343,LINE_000001,20120221,ORD_000345,20120221,49:58.7
20120510,2012,11,2012,5,10,101,CUST_000005,300,ITEM_000008,LMP                           ,LMP01008                      ,LMP01                         ,5,Trade          ,S                             ,SYLV                                    ,NET_SALES                     ,Discontinuing,Traditional,V0 ,J,J,BPS,BrightPower Solutions,NA                            ,SP_000004,NOR,Commercial & Industrial,37.8,25.4568,12,0,AUD,,INV_000344,LINE_000001,20120510,ORD_000263,20120509,49:58.7
20120206,2012,8,2012,2,6,101,CUST_000005,300,ITEM_000008,LMP                           ,LMP01008                      ,LMP01                         ,5,Trade          ,S                             ,SYLV                                    ,NET_SALES                     ,Discontinuing,Traditional,V0 ,J,J,BPS,BrightPower Solutions,NA                            ,SP_000004,NOR,Commercial & Industrial,38.28,25.4568,12,0,AUD,,INV_000345,LINE_000002,20120206,ORD_000346,20120203,49:58.7
20120605,2012,12,2012,6,5,101,CUST_000005,300,ITEM_000008,LMP                           ,LMP01008                      ,LMP01                         ,5,Trade          ,S                             ,SYLV                                    ,NET_SALES                     ,Discontinuing,Traditional,V0 ,J,J,BPS,BrightPower Solutions,NA                            ,SP_000004,NOR,Commercial & Industrial,20.1,12.7284,6,0,AUD,,INV_000007,LINE_000001,20120605,ORD_000007,20120605,49:58.7
20120518,2012,11,2012,5,18,101,CUST_000005,300,ITEM_000008,LMP                           ,LMP01008                      ,LMP01                         ,5,Trade          ,S                             ,SYLV                                    ,NET_SALES                     ,Discontinuing,Traditional,V0 ,J,J,BPS,BrightPower Solutions,NA                            ,SP_000004,NOR,Commercial & Industrial,75.6,50.9136,24,0,AUD,,INV_000346,LINE_000001,20120518,ORD_000347,20120518,49:58.7
20120210,2012,8,2012,2,10,101,CUST_000135,300,ITEM_000008,LMP                           ,LMP01008                      ,LMP01                         ,5,Trade          ,S                             ,SYLV                                    ,NET_SALES                     ,Discontinuing,Traditional,V0 ,J,J,MED,Metro Electrical Distributors,NA                            ,SP_000004,EDI,Commercial & Industrial,38.28,25.4568,12,0,AUD,,INV_000347,LINE_000001,20120210,ORD_000348,20120209,49:58.7
20120517,2012,11,2012,5,17,101,CUST_000123,300,ITEM_000008,LMP                           ,LMP01008                      ,LMP01                         ,5,Trade          ,S                             ,SYLV                                    ,NET_SALES                     ,Discontinuing,Traditional,V0 ,J,J,BPS,BrightPower Solutions,NA                            ,SP_000004,NOR,Commercial & Industrial,18.9,12.7284,6,0,AUD,,INV_000348,LINE_000002,20120517,ORD_000349,20120516,49:58.7
20120523,2012,11,2012,5,23,101,CUST_000092,300,ITEM_000008,LMP                           ,LMP01008                      ,LMP01                         ,5,Trade          ,S                             ,SYLV                                    ,NET_SALES                     ,Discontinuing,Traditional,V0 ,J,J,BPS,BrightPower Solutions,NA                            ,SP_000005,NOR,Commercial & Industrial,40.2,25.4568,12,0,AUD,,INV_000349,LINE_000001,20120523,ORD_000350,20120522,49:58.7
20120605,2012,12,2012,6,5,101,CUST_000091,300,ITEM_000008,LMP                           ,LMP01008                      ,LMP01                         ,5,Trade          ,S                             ,SYLV                                    ,NET_SALES                     ,Discontinuing,Traditional,V0 ,J,J,BPS,BrightPower Solutions,NA                            ,SP_000005,NOR,Commercial & Industrial,26.8,16.9712,8,0,AUD,,INV_000350,LINE_000001,20120605,ORD_000351,20120604,49:58.7
20120614,2012,12,2012,6,14,101,CUST_000079,300,ITEM_000008,LMP                           ,LMP01008                      ,LMP01                         ,5,Trade          ,S                             ,SYLV                                    ,NET_SALES                     ,Discontinuing,Traditional,V0 ,J,J,BPS,BrightPower Solutions,NA                            ,SP_000004,NOR,Commercial & Industrial,20.1,12.7284,6,0,AUD,,INV_000228,LINE_000001,20120614,ORD_000227,20120613,49:58.7
20120621,2012,12,2012,6,21,101,CUST_000136,210,ITEM_000008,LMP                           ,LMP01008                      ,LMP01                         ,5,Trade          ,S                             ,SYLV                                    ,NET_SALES                     ,Discontinuing,Traditional,N0 ,J,J,MED,Metro Electrical Distributors,NA                            ,SP_000014,NOR,Commercial & Industrial,40.2,25.4568,12,0,AUD,,INV_000351,LINE_000001,20120621,ORD_000352,20120621,49:58.7
20120503,2012,11,2012,5,3,101,CUST_000136,210,ITEM_000008,LMP                           ,LMP01008                      ,LMP01                         ,5,Trade          ,S                             ,SYLV                                    ,NET_SALES                     ,Discontinuing,Traditional,N0 ,J,J,MED,Metro Electrical Distributors,NA                            ,SP_000014,NOR,Commercial & Industrial,80.4,50.9136,24,0,AUD,,INV_000352,LINE_000001,20120503,ORD_000353,20120503,49:58.7
20120508,2012,11,2012,5,8,101,CUST_000035,300,ITEM_000013,OTH                           ,999,14001,5,Trade          ,S                             ,NA                                      ,NET_SALES                     ,Discontinuing,Traditional,V0 ,J,J,MED,Metro Electrical Distributors,NA                            ,SP_000002,EDI,Commercial & Industrial,130.88,46.9336,8,0,AUD,,INV_000353,LINE_000001,20120508,ORD_000117,20120503,49:58.7
20120223,2012,8,2012,2,23,101,CUST_000073,200,ITEM_000008,LMP                           ,LMP01008                      ,LMP01                         ,5,Trade          ,S                             ,SYLV                                    ,NET_SALES                     ,Discontinuing,Traditional,N0 ,J,J,MED,Metro Electrical Distributors,NA                            ,SP_000021,EDI,Commercial & Industrial,153.12,101.8272,48,0,AUD,,INV_000155,LINE_000001,20120223,ORD_000154,20120223,49:58.7
20120309,2012,9,2012,3,9,101,CUST_000073,200,ITEM_000008,LMP                           ,LMP01008                      ,LMP01                         ,5,Trade          ,S                             ,SYLV                                    ,NET_SALES                     ,Discontinuing,Traditional,N0 ,J,J,MED,Metro Electrical Distributors,NA                            ,SP_000021,NOR,Commercial & Industrial,160.8,101.8272,48,0,AUD,,INV_000354,LINE_000001,20120309,ORD_000354,20120309,49:58.7
20120206,2012,8,2012,2,6,101,CUST_000137,200,ITEM_000008,LMP                           ,LMP01008                      ,LMP01                         ,5,Trade          ,S                             ,SYLV                                    ,NET_SALES                     ,Discontinuing,Traditional,N0 ,J,J,UES,Unified Electrical Suppliers,NA                            ,SP_000010,NOR,Commercial & Industrial,210.54,140.0124,66,0,AUD,,INV_000355,LINE_000001,20120206,ORD_000355,20120206,49:58.7
20120306,2012,9,2012,3,6,101,CUST_000132,200,ITEM_000008,LMP                           ,LMP01008                      ,LMP01                         ,5,Trade          ,S                             ,SYLV                                    ,NET_SALES                     ,Discontinuing,Traditional,N0 ,J,J,MED,Metro Electrical Distributors,NA                            ,SP_000010,EDI,Commercial & Industrial,40.2,25.4568,12,0,AUD,,INV_000356,LINE_000001,20120306,ORD_000356,20120306,49:58.7
20120330,2012,9,2012,3,30,101,CUST_000138,200,ITEM_000005,LMP                           ,LMP01008                      ,LMP01                         ,5,Trade          ,S                             ,SYLV                                    ,NET_SALES                     ,Discontinuing,Traditional,N0 ,J,J,MED,Metro Electrical Distributors,NA                            ,SP_000012,NOR,Commercial & Industrial,20.1,12.7284,6,0,AUD,,INV_000357,LINE_000001,20120330,ORD_000357,20120330,49:58.7
20120118,2012,7,2012,1,18,101,CUST_000101,400,ITEM_000006,LMP                           ,LMP01008                      ,LMP01                         ,5,Trade          ,S                             ,SYLV                                    ,NET_SALES                     ,Discontinuing,Traditional,Q0 ,J,J,BPS,BrightPower Solutions,NA                            ,SP_000020,NOR,Commercial & Industrial,38.28,25.4568,12,0,AUD,,INV_000358,LINE_000002,20120118,ORD_000358,20120105,49:58.7
20120605,2012,12,2012,6,5,101,CUST_000031,200,ITEM_000005,LMP                           ,LMP01008                      ,LMP01                         ,5,Trade          ,S                             ,SYLV                                    ,NET_SALES                     ,Discontinuing,Traditional,N0 ,J,J,MED,Metro Electrical Distributors,NA                            ,SP_000012,NOR,Commercial & Industrial,20.1,12.7284,6,0,AUD,,INV_000359,LINE_000001,20120605,ORD_000359,20120605,49:58.7
20120502,2012,11,2012,5,2,101,CUST_000028,200,ITEM_000005,LMP                           ,LMP01008                      ,LMP01                         ,5,Trade          ,S                             ,SYLV                                    ,NET_SALES                     ,Discontinuing,Traditional,N0 ,J,J,AEG,Aussie Energy Group,NA                            ,SP_000009,NOR,Commercial & Industrial,60.3,38.1852,18,0,AUD,,INV_000360,LINE_000001,20120502,ORD_000360,20120502,49:58.7
20120601,2012,12,2012,6,1,101,CUST_000020,300,ITEM_000006,LMP                           ,LMP01008                      ,LMP01                         ,5,Trade          ,S                             ,SYLV                                    ,NET_SALES                     ,Discontinuing,Traditional,V0 ,J,J,MED,Metro Electrical Distributors,NA                            ,SP_000005,NOR,Commercial & Industrial,57.42,38.1852,18,0,AUD,,INV_000361,LINE_000001,20120601,ORD_000361,20120601,49:58.7
20120601,2012,12,2012,6,1,101,CUST_000037,300,ITEM_000006,LMP                           ,LMP01008                      ,LMP01                         ,5,Trade          ,S                             ,SYLV                                    ,NET_SALES                     ,Discontinuing,Traditional,V0 ,J,J,BPS,BrightPower Solutions,NA                            ,SP_000008,NOR,Commercial & Industrial,120.6,76.3704,36,0,AUD,,INV_000362,LINE_000001,20120601,ORD_000362,20120601,49:58.7
20120405,2012,10,2012,4,5,101,CUST_000020,300,ITEM_000006,LMP                           ,LMP01008                      ,LMP01                         ,5,Trade          ,S                             ,SYLV                                    ,NET_SALES                     ,Discontinuing,Traditional,V0 ,J,J,MED,Metro Electrical Distributors,NA                            ,SP_000005,EDI,Commercial & Industrial,120.6,76.3704,36,0,AUD,,INV_000363,LINE_000001,20120405,ORD_000363,20120405,49:58.7
20120420,2012,10,2012,4,20,101,CUST_000020,300,ITEM_000006,LMP                           ,LMP01008                      ,LMP01                         ,5,Trade          ,S                             ,SYLV                                    ,NET_SALES                     ,Discontinuing,Traditional,V0 ,J,J,MED,Metro Electrical Distributors,NA                            ,SP_000005,EDI,Commercial & Industrial,20.1,12.7284,6,0,AUD,,INV_000364,LINE_000001,20120420,ORD_000364,20120420,49:58.7
20120601,2012,12,2012,6,1,101,CUST_000096,200,ITEM_000005,LMP                           ,LMP01008                      ,LMP01                         ,5,Trade          ,S                             ,SYLV                                    ,NET_SALES                     ,Discontinuing,Traditional,N0 ,J,J,MED,Metro Electrical Distributors,NA                            ,SP_000007,EDI,Commercial & Industrial,20.1,12.7284,6,0,AUD,,INV_000365,LINE_000001,20120601,ORD_000365,20120601,49:58.7
20120525,2012,11,2012,5,25,101,CUST_000139,600,ITEM_000006,LMP                           ,LMP01008                      ,LMP01                         ,5,Trade          ,S                             ,SYLV                                    ,NET_SALES                     ,Discontinuing,Traditional,W0 ,J,J,MED,Metro Electrical Distributors,FAX                           ,SP_000024,NOR,Commercial & Industrial,208.8,152.7408,72,0,AUD,,INV_000366,LINE_000002,20120525,ORD_000366,20120521,49:58.7
20120525,2012,11,2012,5,25,101,CUST_000139,600,ITEM_000006,LMP                           ,LMP01008                      ,LMP01                         ,5,Trade          ,S                             ,SYLV                                    ,NET_SALES                     ,Discontinuing,Traditional,W0 ,J,J,MED,Metro Electrical Distributors,FAX                           ,SP_000024,NOR,Commercial & Industrial,174.0,127.284,60,0,AUD,,INV_000367,LINE_000002,20120525,ORD_000367,20120516,49:58.7
20120301,2012,9,2012,3,1,101,CUST_000140,600,ITEM_000005,LMP                           ,LMP01008                      ,LMP01                         ,5,Trade          ,S                             ,SYLV                                    ,NET_SALES                     ,Discontinuing,Traditional,W0 ,J,J,AEG,Aussie Energy Group,FAX                           ,SP_000031,NOR,Commercial & Industrial,57.42,38.1852,18,0,AUD,,INV_000368,LINE_000001,20120301,ORD_000368,20120301,49:58.7
20120301,2012,9,2012,3,1,101,CUST_000140,600,ITEM_000005,LMP                           ,LMP01008                      ,LMP01                         ,5,Trade          ,S                             ,SYLV                                    ,NET_SALES                     ,Discontinuing,Traditional,W0 ,J,J,AEG,Aussie Energy Group,FAX                           ,SP_000031,NOR,Commercial & Industrial,76.56,50.9136,24,0,AUD,,INV_000369,LINE_000001,20120301,ORD_000369,20120301,49:58.7
20120313,2012,9,2012,3,13,101,CUST_000141,600,ITEM_000005,LMP                           ,LMP01008                      ,LMP01                         ,5,Trade          ,S                             ,SYLV                                    ,NET_SALES                     ,Discontinuing,Traditional,W0 ,J,J,NES,NextGen Electrical Solutions,FAX                           ,SP_000032,NOR,Commercial & Industrial,193.8,127.284,60,0,AUD,,INV_000370,LINE_000001,20120313,ORD_000370,20120313,49:58.7
20120525,2012,11,2012,5,25,101,CUST_000142,600,ITEM_000006,LMP                           ,LMP01008                      ,LMP01                         ,5,Trade          ,S                             ,SYLV                                    ,NET_SALES                     ,Discontinuing,Traditional,W0 ,J,J,PTD,PowerTools Direct,FAX                           ,SP_000024,NOR,Commercial & Industrial,20.1,12.7284,6,0,AUD,,INV_000371,LINE_000002,20120525,ORD_000371,20120521,49:58.7
20120320,2012,9,2012,3,20,101,CUST_000137,200,ITEM_000008,LMP                           ,LMP01008                      ,LMP01                         ,5,Trade          ,S                             ,SYLV                                    ,NET_SALES                     ,Discontinuing,Traditional,N0 ,J,J,UES,Unified Electrical Suppliers,NA                            ,SP_000010,NOR,Commercial & Industrial,20.1,12.7284,6,0,AUD,,INV_000372,LINE_000001,20120320,ORD_000372,20120320,49:58.7
20120521,2012,11,2012,5,21,101,CUST_000108,300,ITEM_000008,LMP                           ,LMP01008                      ,LMP01                         ,5,Trade          ,S                             ,SYLV                                    ,NET_SALES                     ,Discontinuing,Traditional,V0 ,J,J,BPS,BrightPower Solutions,NA                            ,SP_000004,NOR,Commercial & Industrial,75.6,50.9136,24,0,AUD,,INV_000281,LINE_000001,20120521,ORD_000279,20120518,49:58.7
20120605,2012,12,2012,6,5,101,CUST_000108,300,ITEM_000008,LMP                           ,LMP01008                      ,LMP01                         ,5,Trade          ,S                             ,SYLV                                    ,NET_SALES                     ,Discontinuing,Traditional,V0 ,J,J,BPS,BrightPower Solutions,NA                            ,SP_000004,NOR,Commercial & Industrial,40.2,25.4568,12,0,AUD,,INV_000373,LINE_000001,20120605,ORD_000373,20120605,49:58.7
20120417,2012,10,2012,4,17,101,CUST_000108,300,ITEM_000008,LMP                           ,LMP01008                      ,LMP01                         ,5,Trade          ,S                             ,SYLV                                    ,NET_SALES                     ,Discontinuing,Traditional,V0 ,J,J,BPS,BrightPower Solutions,NA                            ,SP_000004,NOR,Commercial & Industrial,20.1,12.7284,6,0,AUD,,INV_000282,LINE_000001,20120417,ORD_000280,20120417,49:58.7
20120117,2012,7,2012,1,17,101,CUST_000108,300,ITEM_000008,LMP                           ,LMP01008                      ,LMP01                         ,5,Trade          ,S                             ,SYLV                                    ,NET_SALES                     ,Discontinuing,Traditional,V0 ,J,J,BPS,BrightPower Solutions,NA                            ,SP_000004,NOR,Commercial & Industrial,38.28,25.4568,12,0,AUD,,INV_000374,LINE_000001,20120117,ORD_000374,20120117,49:58.7
20120604,2012,12,2012,6,4,101,CUST_000094,200,ITEM_000008,LMP                           ,LMP01008                      ,LMP01                         ,5,Trade          ,S                             ,SYLV                                    ,NET_SALES                     ,Discontinuing,Traditional,N0 ,J,J,AEG,Aussie Energy Group,NA                            ,SP_000026,PRO,Commercial & Industrial,40.2,25.4568,12,0,AUD,,INV_000202,LINE_000001,20120604,ORD_000201,20120604,49:58.7
20120213,2012,8,2012,2,13,101,CUST_000097,200,ITEM_000008,LMP                           ,LMP01008                      ,LMP01                         ,5,Trade          ,S                             ,SYLV                                    ,NET_SALES                     ,Discontinuing,Traditional,N0 ,J,J,UES,Unified Electrical Suppliers,NA                            ,SP_000010,NOR,Commercial & Industrial,127.6,84.856,40,0,AUD,,INV_000375,LINE_000001,20120213,ORD_000375,20120213,49:58.7
20120508,2012,11,2012,5,8,101,CUST_000035,300,ITEM_000003,LMP                           ,LMP01008                      ,LMP01                         ,5,Trade          ,S                             ,SYLV                                    ,NET_SALES                     ,Discontinuing,Traditional,V0 ,J,J,MED,Metro Electrical Distributors,NA                            ,SP_000002,EDI,Commercial & Industrial,20.1,12.7284,6,0,AUD,,INV_000376,LINE_000001,20120508,ORD_000376,20120507,49:58.7
20120503,2012,11,2012,5,3,101,CUST_000001,410,ITEM_000002,LMP                           ,LMP01008                      ,LMP01                         ,5,Trade          ,S                             ,SYLV                                    ,NET_SALES                     ,Discontinuing,Traditional,Q1 ,J,J,ELC,ElectraCorp Ltd,NA                            ,SP_000001,EDI,Commercial & Industrial,201.0,127.284,60,0,AUD,,INV_000377,LINE_000001,20120503,ORD_000377,20120503,49:58.7
20120403,2012,10,2012,4,3,101,CUST_000143,300,ITEM_000002,LMP                           ,LMP01008                      ,LMP01                         ,5,Trade          ,S                             ,SYLV                                    ,NET_SALES                     ,Discontinuing,Traditional,V0 ,J,J,BPS,BrightPower Solutions,NA                            ,SP_000033,NOR,Commercial & Industrial,40.2,25.4568,12,0,AUD,,INV_000378,LINE_000001,20120403,ORD_000378,20120402,49:58.7
20120514,2012,11,2012,5,14,101,CUST_000143,300,ITEM_000010,LMP                           ,LMP01008                      ,LMP01                         ,5,Trade          ,S                             ,SYLV                                    ,NET_SALES                     ,Discontinuing,Traditional,V0 ,J,J,BPS,BrightPower Solutions,NA                            ,SP_000033,NOR,Commercial & Industrial,18.9,12.7284,6,0,AUD,,INV_000379,LINE_000001,20120514,ORD_000379,20120504,49:58.7
20120502,2012,11,2012,5,2,101,CUST_000133,300,ITEM_000003,LMP                           ,LMP01008                      ,LMP01                         ,5,Trade          ,S                             ,SYLV                                    ,NET_SALES                     ,Discontinuing,Traditional,V0 ,J,J,BPS,BrightPower Solutions,NA                            ,SP_000008,NOR,Commercial & Industrial,18.9,12.7284,6,0,AUD,,INV_000380,LINE_000001,20120502,ORD_000380,20120502,49:58.7
20120307,2012,9,2012,3,7,101,CUST_000110,310,ITEM_000002,LMP                           ,LMP01008                      ,LMP01                         ,5,Trade          ,S                             ,SYLV                                    ,NET_SALES                     ,Discontinuing,Traditional,T0 ,J,J,ELC,ElectraCorp Ltd,NA                            ,SP_000027,NOR,Commercial & Industrial,40.2,25.4568,12,0,AUD,,INV_000381,LINE_000001,20120307,ORD_000245,20120307,49:58.7
20120227,2012,8,2012,2,27,101,CUST_000097,200,ITEM_000008,LMP                           ,LMP01008                      ,LMP01                         ,5,Trade          ,S                             ,SYLV                                    ,NET_SALES                     ,Discontinuing,Traditional,N0 ,J,J,UES,Unified Electrical Suppliers,NA                            ,SP_000010,NOR,Commercial & Industrial,76.56,50.9136,24,0,AUD,,INV_000382,LINE_000001,20120227,ORD_000381,20120227,49:58.7
20120501,2012,11,2012,5,1,101,CUST_000097,200,ITEM_000008,LMP                           ,LMP01008                      ,LMP01                         ,5,Trade          ,S                             ,SYLV                                    ,NET_SALES                     ,Discontinuing,Traditional,N0 ,J,J,UES,Unified Electrical Suppliers,NA                            ,SP_000028,PRO,Commercial & Industrial,115.2,76.3704,36,0,AUD,,INV_000256,LINE_000001,20120501,ORD_000255,20120501,49:58.7
20120524,2012,11,2012,5,24,101,CUST_000144,210,ITEM_000008,LMP                           ,LMP01008                      ,LMP01                         ,5,Trade          ,S                             ,SYLV                                    ,NET_SALES                     ,Discontinuing,Traditional,N0 ,J,J,MED,Metro Electrical Distributors,NA                            ,SP_000012,EDI,Commercial & Industrial,40.2,25.4568,12,0,AUD,,INV_000383,LINE_000001,20120524,ORD_000382,20120524,49:58.7
20120514,2012,11,2012,5,14,101,CUST_000143,300,ITEM_000008,LMP                           ,LMP01008                      ,LMP01                         ,5,Trade          ,S                             ,SYLV                                    ,NET_SALES                     ,Discontinuing,Traditional,V0 ,J,J,BPS,BrightPower Solutions,NA                            ,SP_000033,NOR,Commercial & Industrial,37.8,25.4568,12,0,AUD,,INV_000379,LINE_000001,20120514,ORD_000379,20120504,49:58.7
20120620,2012,12,2012,6,20,101,CUST_000080,300,ITEM_000008,LMP                           ,LMP01008                      ,LMP01                         ,5,Trade          ,S                             ,SYLV                                    ,NET_SALES                     ,Discontinuing,Traditional,V0 ,J,J,MED,Metro Electrical Distributors,NA                            ,SP_000008,EDI,Commercial & Industrial,40.2,25.4568,12,0,AUD,,INV_000384,LINE_000001,20120620,ORD_000383,20120620,49:58.7
20120504,2012,11,2012,5,4,101,CUST_000145,300,ITEM_000008,LMP                           ,LMP01008                      ,LMP01                         ,5,Trade          ,S                             ,SYLV                                    ,NET_SALES                     ,Discontinuing,Traditional,V0 ,J,J,BPS,BrightPower Solutions,NA                            ,SP_000004,NOR,Commercial & Industrial,18.9,12.7284,6,0,AUD,,INV_000385,LINE_000001,20120504,ORD_000384,20120503,49:58.7
20120222,2012,8,2012,2,22,101,CUST_000048,300,ITEM_000010,LMP                           ,LMP01008                      ,LMP01                         ,5,Trade          ,S                             ,SYLV                                    ,NET_SALES                     ,Discontinuing,Traditional,V0 ,J,J,BPS,BrightPower Solutions,NA                            ,SP_000002,NOR,Commercial & Industrial,19.14,12.7284,6,0,AUD,,INV_000386,LINE_000001,20120222,ORD_000385,20120222,49:58.7
20120620,2012,12,2012,6,20,101,CUST_000048,300,ITEM_000010,LMP                           ,LMP01008                      ,LMP01                         ,5,Trade          ,S                             ,SYLV                                    ,NET_SALES                     ,Discontinuing,Traditional,V0 ,J,J,BPS,BrightPower Solutions,NA                            ,SP_000002,NOR,Commercial & Industrial,40.2,25.4568,12,0,AUD,,INV_000387,LINE_000001,20120620,ORD_000386,20120619,49:58.7
20120424,2012,10,2012,4,24,101,CUST_000081,300,ITEM_000002,LMP                           ,LMP01008                      ,LMP01                         ,5,Trade          ,S                             ,SYLV                                    ,NET_SALES                     ,Discontinuing,Traditional,V0 ,J,J,BPS,BrightPower Solutions,NA                            ,SP_000004,NOR,Commercial & Industrial,26.8,16.9712,8,0,AUD,,INV_000388,LINE_000001,20120424,ORD_000387,20120424,49:58.7
20120510,2012,11,2012,5,10,101,CUST_000081,300,ITEM_000002,LMP                           ,LMP01008                      ,LMP01                         ,5,Trade          ,S                             ,SYLV                                    ,NET_SALES                     ,Discontinuing,Traditional,V0 ,J,J,BPS,BrightPower Solutions,NA                            ,SP_000004,NOR,Commercial & Industrial,37.8,25.4568,12,0,AUD,,INV_000389,LINE_000001,20120510,ORD_000388,20120510,49:58.7
20120412,2012,10,2012,4,12,101,CUST_000104,310,ITEM_000002,LMP                           ,LMP01008                      ,LMP01                         ,5,Trade          ,S                             ,SYLV                                    ,NET_SALES                     ,Discontinuing,Traditional,T0 ,J,J,MED,Metro Electrical Distributors,NA                            ,SP_000005,NOR,Commercial & Industrial,60.3,38.1852,18,0,AUD,,INV_000390,LINE_000001,20120412,ORD_000389,20120411,49:58.7
20120504,2012,11,2012,5,4,101,CUST_000145,300,ITEM_000003,LMP                           ,LMP01008                      ,LMP01                         ,5,Trade          ,S                             ,SYLV                                    ,NET_SALES                     ,Discontinuing,Traditional,V0 ,J,J,BPS,BrightPower Solutions,NA                            ,SP_000004,NOR,Commercial & Industrial,18.9,12.7284,6,0,AUD,,INV_000385,LINE_000001,20120504,ORD_000384,20120503,49:58.7
20120326,2012,9,2012,3,26,101,CUST_000125,310,ITEM_000002,LMP                           ,LMP01008                      ,LMP01                         ,5,Trade          ,S                             ,SYLV                                    ,NET_SALES                     ,Discontinuing,Traditional,T0 ,J,J,MED,Metro Electrical Distributors,NA                            ,SP_000005,EDI,Commercial & Industrial,20.1,12.7284,6,0,AUD,,INV_000391,LINE_000001,20120326,ORD_000390,20120326,49:58.7
20120619,2012,12,2012,6,19,101,CUST_000146,200,ITEM_000010,LMP                           ,LMP01008                      ,LMP01                         ,5,Trade          ,S                             ,SYLV                                    ,NET_SALES                     ,Discontinuing,Traditional,N0 ,J,J,MED,Metro Electrical Distributors,NA                            ,SP_000010,NOR,Commercial & Industrial,40.2,25.4568,12,0,AUD,,INV_000392,LINE_000001,20120619,ORD_000391,20120619,49:58.7
20120227,2012,8,2012,2,27,101,CUST_000104,310,ITEM_000010,LMP                           ,LMP01008                      ,LMP01                         ,5,Trade          ,S                             ,SYLV                                    ,NET_SALES                     ,Discontinuing,Traditional,T0 ,J,J,MED,Metro Electrical Distributors,NA                            ,SP_000005,EDS,Commercial & Industrial,19.14,12.7284,6,0,AUD,,INV_000393,LINE_000001,20120227,ORD_000392,20120227,49:58.7
20120403,2012,10,2012,4,3,101,CUST_000114,300,ITEM_000002,LMP                           ,LMP01008                      ,LMP01                         ,5,Trade          ,S                             ,SYLV                                    ,NET_SALES                     ,Discontinuing,Traditional,V0 ,J,J,BPS,BrightPower Solutions,NA                            ,SP_000002,NOR,Commercial & Industrial,40.2,25.4568,12,0,AUD,,INV_000394,LINE_000001,20120403,ORD_000393,20120403,49:58.7
20120323,2012,9,2012,3,23,101,CUST_000147,300,ITEM_000002,LMP                           ,LMP01008                      ,LMP01                         ,5,Trade          ,S                             ,SYLV                                    ,NET_SALES                     ,Discontinuing,Traditional,V0 ,J,J,BPS,BrightPower Solutions,NA                            ,SP_000005,NOR,Commercial & Industrial,20.1,12.7284,6,0,AUD,,INV_000395,LINE_000001,20120323,ORD_000394,20120322,49:58.7
20120131,2012,7,2012,1,31,101,CUST_000147,300,ITEM_000002,LMP                           ,LMP01008                      ,LMP01                         ,5,Trade          ,S                             ,SYLV                                    ,NET_SALES                     ,Discontinuing,Traditional,V0 ,J,J,BPS,BrightPower Solutions,NA                            ,SP_000005,NOR,Commercial & Industrial,19.14,12.7284,6,0,AUD,,INV_000396,LINE_000001,20120131,ORD_000395,20120131,49:58.7
20120424,2012,10,2012,4,24,101,CUST_000148,300,ITEM_000003,LMP                           ,LMP01008                      ,LMP01                         ,5,Trade          ,S                             ,SYLV                                    ,NET_SALES                     ,Discontinuing,Traditional,V0 ,J,J,MED,Metro Electrical Distributors,NA                            ,SP_000033,EDI,Commercial & Industrial,40.2,25.4568,12,0,AUD,,INV_000397,LINE_000002,20120424,ORD_000396,20120424,49:58.7
20120105,2012,7,2012,1,5,101,CUST_000149,500,ITEM_000002,LMP                           ,LMP01008                      ,LMP01                         ,5,Trade          ,S                             ,SYLV                                    ,NET_SALES                     ,Discontinuing,Traditional,S0 ,J,J,GEW,Global Electric Wholesalers,NA                            ,SP_000003,EDI,Commercial & Industrial,19.14,12.7284,6,0,AUD,,INV_000398,LINE_000001,20120105,ORD_000397,20120105,49:58.7
20120111,2012,7,2012,1,11,101,CUST_000149,500,ITEM_000002,LMP                           ,LMP01008                      ,LMP01                         ,5,Trade          ,S                             ,SYLV                                    ,NET_SALES                     ,Discontinuing,Traditional,S0 ,J,J,GEW,Global Electric Wholesalers,NA                            ,SP_000003,EDI,Commercial & Industrial,38.28,25.4568,12,0,AUD,,INV_000399,LINE_000001,20120111,ORD_000398,20120111,49:58.7
20120510,2012,11,2012,5,10,101,CUST_000051,300,ITEM_000003,LMP                           ,LMP01008                      ,LMP01                         ,5,Trade          ,S                             ,SYLV                                    ,NET_SALES                     ,Discontinuing,Traditional,V0 ,J,J,MED,Metro Electrical Distributors,NA                            ,SP_000008,EDI,Commercial & Industrial,80.4,50.9136,24,0,AUD,,INV_000108,LINE_000001,20120510,ORD_000106,20120510,49:58.7
20120427,2012,10,2012,4,27,101,CUST_000150,300,ITEM_000002,LMP                           ,LMP01008                      ,LMP01                         ,5,Trade          ,S                             ,SYLV                                    ,NET_SALES                     ,Discontinuing,Traditional,V0 ,J,J,BPS,BrightPower Solutions,NA                            ,SP_000005,NOR,Commercial & Industrial,20.1,12.7284,6,0,AUD,,INV_000400,LINE_000001,20120427,ORD_000399,20120427,49:58.7
20120131,2012,7,2012,1,31,101,CUST_000151,300,ITEM_000002,LMP                           ,LMP01008                      ,LMP01                         ,5,Trade          ,S                             ,SYLV                                    ,NET_SALES                     ,Discontinuing,Traditional,V0 ,J,J,AEG,Aussie Energy Group,NA                            ,SP_000005,NOR,Commercial & Industrial,38.28,25.4568,12,0,AUD,,INV_000401,LINE_000001,20120131,ORD_000400,20120131,49:58.7
20120110,2012,7,2012,1,10,101,CUST_000152,400,ITEM_000003,LMP                           ,LMP01008                      ,LMP01                         ,5,Trade          ,S                             ,SYLV                                    ,NET_SALES                     ,Discontinuing,Traditional,N0 ,J,J,ELC,ElectraCorp Ltd,NA                            ,SP_000018,NOR,Commercial & Industrial,159.5,53.035,25,0,AUD,,INV_000402,LINE_000003,20120110,ORD_000401,20120103,49:58.7
20120124,2012,7,2012,1,24,101,CUST_000113,410,ITEM_000011,OTH                           ,999,14001,5,Trade          ,S                             ,NA                                      ,NET_SALES                     ,Discontinuing,Traditional,Q1 ,J,J,MED,Metro Electrical Distributors,NA                            ,SP_000001,NOR,Commercial & Industrial,267.96,178.1976,84,0,AUD,,INV_000403,LINE_000001,20120124,ORD_000402,20120124,49:58.7
20120605,2012,12,2012,6,5,101,CUST_000153,600,ITEM_000011,OTH                           ,999,14001,5,Trade          ,S                             ,NA                                      ,NET_SALES                     ,Discontinuing,Traditional,W0 ,J,J,ELC,ElectraCorp Ltd,NA                            ,SP_000031,EDI,Commercial & Industrial,80.4,50.9136,24,0,AUD,,INV_000404,LINE_000001,20120605,ORD_000403,20120602,49:58.7
20120504,2012,11,2012,5,4,101,CUST_000152,400,ITEM_000011,OTH                           ,999,14001,5,Trade          ,S                             ,NA                                      ,NET_SALES                     ,Discontinuing,Traditional,Q0 ,J,J,ELC,ElectraCorp Ltd,NA                            ,SP_000018,NOR,Commercial & Industrial,328.0,212.14,100,0,AUD,,INV_000405,LINE_000001,20120504,ORD_000404,20120502,49:58.7
20120619,2012,12,2012,6,19,101,CUST_000154,400,ITEM_000011,OTH                           ,999,14001,5,Trade          ,S                             ,NA                                      ,NET_SALES                     ,Discontinuing,Traditional,Q0 ,J,J,MED,Metro Electrical Distributors,NA                            ,SP_000020,NOR,Commercial & Industrial,20.1,12.7284,6,0,AUD,,INV_000406,LINE_000001,20120619,ORD_000405,20120619,49:58.7
20120606,2012,12,2012,6,6,101,CUST_000106,500,ITEM_000014,OTH                           ,999,14001,5,Trade          ,S                             ,NA                                      ,NET_SALES                     ,Discontinuing,Traditional,S0 ,J,J,BPS,BrightPower Solutions,NA                            ,SP_000022,NOR,Commercial & Industrial,40.2,25.4568,12,0,AUD,,INV_000407,LINE_000001,20120606,ORD_000406,20120606,49:58.7
20120217,2012,8,2012,2,17,101,CUST_000055,300,ITEM_000008,LMP                           ,LMP01008                      ,LMP01                         ,5,Trade          ,S                             ,SYLV                                    ,NET_SALES                     ,Discontinuing,Traditional,V0 ,J,J,MED,Metro Electrical Distributors,NA                            ,SP_000004,EDI,Commercial & Industrial,19.14,12.7284,6,0,AUD,,INV_000276,LINE_000002,20120217,ORD_000112,20120215,49:58.7
20120117,2012,7,2012,1,17,101,CUST_000054,300,ITEM_000008,LMP                           ,LMP01008                      ,LMP01                         ,5,Trade          ,S                             ,SYLV                                    ,NET_SALES                     ,Discontinuing,Traditional,V0 ,J,J,BPS,BrightPower Solutions,NA                            ,SP_000004,NOR,Commercial & Industrial,51.04,33.9424,16,0,AUD,,INV_000408,LINE_000001,20120117,ORD_000407,20120117,49:58.7
20120207,2012,8,2012,2,7,101,CUST_000054,300,ITEM_000008,LMP                           ,LMP01008                      ,LMP01                         ,5,Trade          ,S                             ,SYLV                                    ,NET_SALES                     ,Discontinuing,Traditional,V0 ,J,J,BPS,BrightPower Solutions,NA                            ,SP_000004,NOR,Commercial & Industrial,114.84,76.3704,36,0,AUD,,INV_000409,LINE_000001,20120207,ORD_000408,20120207,49:58.7
20120227,2012,8,2012,2,27,101,CUST_000054,300,ITEM_000008,LMP                           ,LMP01008                      ,LMP01                         ,5,Trade          ,S                             ,SYLV                                    ,NET_SALES                     ,Discontinuing,Traditional,V0 ,J,J,BPS,BrightPower Solutions,NA                            ,SP_000004,NOR,Commercial & Industrial,114.84,76.3704,36,0,AUD,,INV_000410,LINE_000001,20120227,ORD_000409,20120224,49:58.7
20120424,2012,10,2012,4,24,101,CUST_000037,300,ITEM_000008,LMP                           ,LMP01008                      ,LMP01                         ,5,Trade          ,S                             ,SYLV                                    ,NET_SALES                     ,Discontinuing,Traditional,V0 ,J,J,BPS,BrightPower Solutions,NA                            ,SP_000008,NOR,Commercial & Industrial,134.0,84.856,40,0,AUD,,INV_000411,LINE_000001,20120424,ORD_000410,20120424,49:58.7
20120424,2012,10,2012,4,24,101,CUST_000108,300,ITEM_000008,LMP                           ,LMP01008                      ,LMP01                         ,5,Trade          ,S                             ,SYLV                                    ,NET_SALES                     ,Discontinuing,Traditional,V0 ,J,J,BPS,BrightPower Solutions,NA                            ,SP_000004,NOR,Commercial & Industrial,80.4,50.9136,24,0,AUD,,INV_000412,LINE_000001,20120424,ORD_000411,20120423,49:58.7
20120501,2012,11,2012,5,1,101,CUST_000155,300,ITEM_000008,LMP                           ,LMP01008                      ,LMP01                         ,5,Trade          ,S                             ,SYLV                                    ,NET_SALES                     ,Discontinuing,Traditional,V0 ,J,J,AEG,Aussie Energy Group,NA                            ,SP_000002,NOR,Commercial & Industrial,40.2,25.4568,12,0,AUD,,INV_000413,LINE_000001,20120501,ORD_000412,20120501,49:58.7
20120309,2012,9,2012,3,9,101,CUST_000106,500,ITEM_000014,OTH                           ,999,14001,5,Trade          ,S                             ,NA                                      ,NET_SALES                     ,Discontinuing,Traditional,S0 ,J,J,BPS,BrightPower Solutions,NA                            ,SP_000022,NOR,Commercial & Industrial,40.2,25.4568,12,0,AUD,,INV_000414,LINE_000001,20120309,ORD_000413,20120308,49:58.7
20120306,2012,9,2012,3,6,101,CUST_000156,600,ITEM_000011,OTH                           ,999,14001,5,Trade          ,S                             ,NA                                      ,NET_SALES                     ,Discontinuing,Traditional,W0 ,J,J,MED,Metro Electrical Distributors,FAX                           ,SP_000024,NOR,Commercial & Industrial,60.3,38.1852,18,0,AUD,,INV_000415,LINE_000001,20120306,ORD_000414,20120306,49:58.7
20120320,2012,9,2012,3,20,101,CUST_000156,600,ITEM_000011,OTH                           ,999,14001,5,Trade          ,S                             ,NA                                      ,NET_SALES                     ,Discontinuing,Traditional,W0 ,J,J,MED,Metro Electrical Distributors,FAX                           ,SP_000024,NOR,Commercial & Industrial,40.2,25.4568,12,0,AUD,,INV_000416,LINE_000001,20120320,ORD_000415,20120320,49:58.7
20120403,2012,10,2012,4,3,101,CUST_000156,600,ITEM_000011,OTH                           ,999,14001,5,Trade          ,S                             ,NA                                      ,NET_SALES                     ,Discontinuing,Traditional,W0 ,J,J,MED,Metro Electrical Distributors,FAX                           ,SP_000024,NOR,Commercial & Industrial,80.4,50.9136,24,0,AUD,,INV_000417,LINE_000001,20120403,ORD_000416,20120403,49:58.7
20120417,2012,10,2012,4,17,101,CUST_000156,600,ITEM_000011,OTH                           ,999,14001,5,Trade          ,S                             ,NA                                      ,NET_SALES                     ,Discontinuing,Traditional,W0 ,J,J,MED,Metro Electrical Distributors,FAX                           ,SP_000024,NOR,Commercial & Industrial,80.4,50.9136,24,0,AUD,,INV_000418,LINE_000001,20120417,ORD_000417,20120417,49:58.7
20120403,2012,10,2012,4,3,101,CUST_000157,600,ITEM_000011,OTH                           ,999,14001,5,Trade          ,S                             ,NA                                      ,NET_SALES                     ,Discontinuing,Traditional,W0 ,J,J,NLG,Nationwide Lighting Group,FAX                           ,SP_000034,NOR,Commercial & Industrial,321.6,203.6544,96,0,AUD,,INV_000419,LINE_000001,20120403,ORD_000418,20120403,49:58.7
20120529,2012,11,2012,5,29,101,CUST_000078,300,ITEM_000007,LMP                           ,LMP01008                      ,LMP01                         ,5,Trade          ,S                             ,SYLV                                    ,NET_SALES                     ,Discontinuing,Traditional,V0 ,J,J,BPS,BrightPower Solutions,NA                            ,SP_000008,NOR,Commercial & Industrial,20.1,12.7284,6,0,AUD,,INV_000420,LINE_000001,20120529,ORD_000419,20120529,49:58.7
20120607,2012,12,2012,6,7,101,CUST_000132,200,ITEM_000007,LMP                           ,LMP01008                      ,LMP01                         ,5,Trade          ,S                             ,SYLV                                    ,NET_SALES                     ,Discontinuing,Traditional,N0 ,J,J,MED,Metro Electrical Distributors,NA                            ,SP_000010,EDI,Commercial & Industrial,20.1,12.7284,6,0,AUD,,INV_000421,LINE_000002,20120607,ORD_000420,20120606,49:58.7
20120207,2012,8,2012,2,7,101,CUST_000158,310,ITEM_000007,LMP                           ,LMP01008                      ,LMP01                         ,5,Trade          ,S                             ,SYLV                                    ,NET_SALES                     ,Discontinuing,Traditional,T0 ,J,J,MED,Metro Electrical Distributors,NA                            ,SP_000005,EDI,Commercial & Industrial,38.28,25.4568,12,0,AUD,,INV_000422,LINE_000001,20120207,ORD_000421,20120207,49:58.7
20120601,2012,12,2012,6,1,101,CUST_000159,200,ITEM_000007,LMP                           ,LMP01008                      ,LMP01                         ,5,Trade          ,S                             ,SYLV                                    ,NET_SALES                     ,Discontinuing,Traditional,N0 ,J,J,MED,Metro Electrical Distributors,NA                            ,SP_000007,EDI,Commercial & Industrial,80.4,50.9136,24,0,AUD,,INV_000423,LINE_000001,20120601,ORD_000422,20120601,49:58.7
20120510,2012,11,2012,5,10,101,CUST_000160,210,ITEM_000007,LMP                           ,LMP01008                      ,LMP01                         ,5,Trade          ,S                             ,SYLV                                    ,NET_SALES                     ,Discontinuing,Traditional,N0 ,J,J,AEG,Aussie Energy Group,NA                            ,SP_000012,NOR,Commercial & Industrial,20.1,12.7284,6,0,AUD,,INV_000424,LINE_000001,20120510,ORD_000423,20120510,49:58.7
20120216,2012,8,2012,2,16,101,CUST_000110,310,ITEM_000021,COM                           ,COM90001                      ,COM90                         ,7,Trade          ,P                             ,219,NET_SALES                     ,Continuing,Accessories,T0 ,J,J,ELC,ElectraCorp Ltd,NA                            ,SP_000035,PRD,Commercial & Industrial,29.92,0.0001,1,0,AUD,,INV_000425,LINE_000011,20120216,ORD_000424,20120119,49:58.7
20120207,2012,8,2012,2,7,101,CUST_000131,200,ITEM_000007,LMP                           ,LMP01008                      ,LMP01                         ,5,Trade          ,S                             ,SYLV                                    ,NET_SALES                     ,Discontinuing,Traditional,N0 ,J,J,ZZZ       ,General Suppliers Pty,NA                            ,SP_000026,NOR,Commercial & Industrial,38.28,25.4568,12,0,AUD,,INV_000318,LINE_000001,20120207,ORD_000320,20120206,49:58.7
20120116,2012,7,2012,1,16,101,CUST_000131,200,ITEM_000007,LMP                           ,LMP01008                      ,LMP01                         ,5,Trade          ,S                             ,SYLV                                    ,NET_SALES                     ,Discontinuing,Traditional,N0 ,J,J,ZZZ       ,General Suppliers Pty,NA                            ,SP_000026,NOR,Commercial & Industrial,19.14,12.7284,6,0,AUD,,INV_000426,LINE_000001,20120116,ORD_000425,20120116,49:58.7
20120113,2012,7,2012,1,13,101,CUST_000152,400,ITEM_000003,LMP                           ,LMP01008                      ,LMP01                         ,5,Trade          ,S                             ,SYLV                                    ,NET_SALES                     ,Discontinuing,Traditional,N0 ,J,J,ELC,ElectraCorp Ltd,NA                            ,SP_000018,CRD,Commercial & Industrial,-79.75,0.0,0,1,AUD,,INV_000427,LINE_000001,20120113,ORD_000426,20120113,49:58.7
20120105,2012,7,2012,1,5,101,CUST_000152,400,ITEM_000002,LMP                           ,LMP01008                      ,LMP01                         ,5,Trade          ,S                             ,SYLV                                    ,NET_SALES                     ,Discontinuing,Traditional,Q0 ,J,J,ELC,ElectraCorp Ltd,NA                            ,SP_000018,NOR,Commercial & Industrial,79.75,53.035,25,0,AUD,,INV_000428,LINE_000002,20120105,ORD_000401,20120103,49:58.7
20120426,2012,10,2012,4,26,101,CUST_000151,300,ITEM_000003,LMP                           ,LMP01008                      ,LMP01                         ,5,Trade          ,S                             ,SYLV                                    ,NET_SALES                     ,Discontinuing,Traditional,V0 ,J,J,AEG,Aussie Energy Group,NA                            ,SP_000005,NOR,Commercial & Industrial,20.1,12.7284,6,0,AUD,,INV_000429,LINE_000001,20120426,ORD_000427,20120426,49:58.7
20120403,2012,10,2012,4,3,101,CUST_000161,500,ITEM_000002,LMP                           ,LMP01008                      ,LMP01                         ,5,Trade          ,S                             ,SYLV                                    ,NET_SALES                     ,Discontinuing,Traditional,S0 ,J,J,ELC,ElectraCorp Ltd,NA                            ,SP_000003,EDI,Commercial & Industrial,20.1,12.7284,6,0,AUD,,INV_000430,LINE_000001,20120403,ORD_000428,20120403,49:58.7
20120606,2012,12,2012,6,6,101,CUST_000050,210,ITEM_000010,LMP                           ,LMP01008                      ,LMP01                         ,5,Trade          ,S                             ,SYLV                                    ,NET_SALES                     ,Discontinuing,Traditional,N0 ,J,J,MED,Metro Electrical Distributors,NA                            ,SP_000012,EDI,Commercial & Industrial,40.2,25.4568,12,0,AUD,,INV_000431,LINE_000001,20120606,ORD_000429,20120605,49:58.7
20120626,2012,12,2012,6,26,101,CUST_000067,210,ITEM_000010,LMP                           ,LMP01008                      ,LMP01                         ,5,Trade          ,S                             ,SYLV                                    ,NET_SALES                     ,Discontinuing,Traditional,N0 ,J,J,MED,Metro Electrical Distributors,NA                            ,SP_000012,NOR,Commercial & Industrial,20.1,12.7284,6,0,AUD,,INV_000432,LINE_000001,20120626,ORD_000430,20120626,49:58.7
20120516,2012,11,2012,5,16,101,CUST_000050,210,ITEM_000010,LMP                           ,LMP01008                      ,LMP01                         ,5,Trade          ,S                             ,SYLV                                    ,NET_SALES                     ,Discontinuing,Traditional,N0 ,J,J,MED,Metro Electrical Distributors,NA                            ,SP_000012,EDI,Commercial & Industrial,40.2,25.4568,12,0,AUD,,INV_000433,LINE_000001,20120516,ORD_000431,20120516,49:58.7
20120605,2012,12,2012,6,5,101,CUST_000041,300,ITEM_000010,LMP                           ,LMP01008                      ,LMP01                         ,5,Trade          ,S                             ,SYLV                                    ,NET_SALES                     ,Discontinuing,Traditional,V0 ,J,J,BPS,BrightPower Solutions,NA                            ,SP_000005,NOR,Commercial & Industrial,134.0,84.856,40,0,AUD,,INV_000434,LINE_000001,20120605,ORD_000432,20120605,49:58.7
20120611,2012,12,2012,6,11,101,CUST_000162,600,ITEM_000011,OTH                           ,999,14001,5,Trade          ,S                             ,NA                                      ,NET_SALES                     ,Discontinuing,Traditional,W0 ,J,J,PTD,PowerTools Direct,FAX                           ,SP_000036,NOR,Commercial & Industrial,321.6,203.6544,96,0,AUD,,INV_000435,LINE_000001,20120611,ORD_000433,20120611,49:58.7
20120509,2012,11,2012,5,9,101,CUST_000163,600,ITEM_000011,OTH                           ,999,14001,5,Trade          ,S                             ,NA                                      ,NET_SALES                     ,Discontinuing,Traditional,W0 ,J,J,ELC,ElectraCorp Ltd,FAX                           ,SP_000032,NOR,Commercial & Industrial,20.1,12.7284,6,0,AUD,,INV_000436,LINE_000001,20120509,ORD_000434,20120509,49:58.7
20120607,2012,12,2012,6,7,101,CUST_000164,600,ITEM_000011,OTH                           ,999,14001,5,Trade          ,S                             ,NA                                      ,NET_SALES                     ,Discontinuing,Traditional,W0 ,J,J,ELC,ElectraCorp Ltd,FAX                           ,SP_000032,NOR,Commercial & Industrial,80.4,50.9136,24,0,AUD,,INV_000437,LINE_000001,20120607,ORD_000435,20120607,49:58.7
20120621,2012,12,2012,6,21,101,CUST_000165,600,ITEM_000011,OTH                           ,999,14001,5,Trade          ,S                             ,NA                                      ,NET_SALES                     ,Discontinuing,Traditional,W0 ,J,J,UES,Unified Electrical Suppliers,FAX                           ,SP_000032,NOR,Commercial & Industrial,80.4,50.9136,24,0,AUD,,INV_000438,LINE_000001,20120621,ORD_000436,20120621,49:58.7
20120606,2012,12,2012,6,6,101,CUST_000140,600,ITEM_000011,OTH                           ,999,14001,5,Trade          ,S                             ,NA                                      ,NET_SALES                     ,Discontinuing,Traditional,W0 ,J,J,AEG,Aussie Energy Group,FAX                           ,SP_000031,NOR,Commercial & Industrial,40.2,25.4568,12,0,AUD,,INV_000439,LINE_000001,20120606,ORD_000437,20120606,49:58.7
20120322,2012,9,2012,3,22,101,CUST_000140,600,ITEM_000011,OTH                           ,999,14001,5,Trade          ,S                             ,NA                                      ,NET_SALES                     ,Discontinuing,Traditional,W0 ,J,J,AEG,Aussie Energy Group,FAX                           ,SP_000031,NOR,Commercial & Industrial,33.5,21.214,10,0,AUD,,INV_000440,LINE_000001,20120322,ORD_000438,20120322,49:58.7
20120502,2012,11,2012,5,2,101,CUST_000156,600,ITEM_000011,OTH                           ,999,14001,5,Trade          ,S                             ,NA                                      ,NET_SALES                     ,Discontinuing,Traditional,W0 ,J,J,MED,Metro Electrical Distributors,FAX                           ,SP_000024,NOR,Commercial & Industrial,100.5,63.642,30,0,AUD,,INV_000441,LINE_000001,20120502,ORD_000439,20120501,49:58.7
20120309,2012,9,2012,3,9,101,CUST_000142,600,ITEM_000011,OTH                           ,999,14001,5,Trade          ,S                             ,NA                                      ,NET_SALES                     ,Discontinuing,Traditional,W0 ,J,J,PTD,PowerTools Direct,FAX                           ,SP_000024,NOR,Commercial & Industrial,167.5,106.07,50,0,AUD,,INV_000442,LINE_000001,20120309,ORD_000440,20120309,49:58.7
20120502,2012,11,2012,5,2,101,CUST_000052,300,ITEM_000003,LMP                           ,LMP01008                      ,LMP01                         ,5,Trade          ,S                             ,SYLV                                    ,NET_SALES                     ,Discontinuing,Traditional,V0 ,J,J,BPS,BrightPower Solutions,NA                            ,SP_000005,NOR,Commercial & Industrial,37.8,25.4568,12,0,AUD,,INV_000443,LINE_000002,20120502,ORD_000237,20120502,49:58.7
20120215,2012,8,2012,2,15,101,CUST_000098,300,ITEM_000003,LMP                           ,LMP01008                      ,LMP01                         ,5,Trade          ,S                             ,SYLV                                    ,NET_SALES                     ,Discontinuing,Traditional,V0 ,J,J,BPS,BrightPower Solutions,NA                            ,SP_000002,NOR,Commercial & Industrial,76.56,50.9136,24,0,AUD,,INV_000444,LINE_000001,20120215,ORD_000441,20120214,49:58.7
20120510,2012,11,2012,5,10,101,CUST_000120,300,ITEM_000002,LMP                           ,LMP01008                      ,LMP01                         ,5,Trade          ,S                             ,SYLV                                    ,NET_SALES                     ,Discontinuing,Traditional,V0 ,J,J,BPS,BrightPower Solutions,NA                            ,SP_000002,NOR,Commercial & Industrial,37.8,25.4568,12,0,AUD,,INV_000445,LINE_000001,20120510,ORD_000442,20120510,49:58.7
20120203,2012,8,2012,2,3,101,CUST_000108,300,ITEM_000010,LMP                           ,LMP01008                      ,LMP01                         ,5,Trade          ,S                             ,SYLV                                    ,NET_SALES                     ,Discontinuing,Traditional,V0 ,J,J,BPS,BrightPower Solutions,NA                            ,SP_000004,NOR,Commercial & Industrial,38.28,25.4568,12,0,AUD,,INV_000446,LINE_000001,20120203,ORD_000443,20120202,49:58.7
20120606,2012,12,2012,6,6,101,CUST_000155,300,ITEM_000010,LMP                           ,LMP01008                      ,LMP01                         ,5,Trade          ,S                             ,SYLV                                    ,NET_SALES                     ,Discontinuing,Traditional,V0 ,J,J,AEG,Aussie Energy Group,NA                            ,SP_000002,NOR,Commercial & Industrial,73.7,46.6708,22,0,AUD,,INV_000447,LINE_000001,20120606,ORD_000444,20120605,49:58.7
20120503,2012,11,2012,5,3,101,CUST_000166,300,ITEM_000002,LMP                           ,LMP01008                      ,LMP01                         ,5,Trade          ,S                             ,SYLV                                    ,NET_SALES                     ,Discontinuing,Traditional,V0 ,J,J,MED,Metro Electrical Distributors,NA                            ,SP_000005,EDI,Commercial & Industrial,201.0,127.284,60,0,AUD,,INV_000448,LINE_000002,20120503,ORD_000445,20120502,49:58.7
20120119,2012,7,2012,1,19,101,CUST_000167,500,ITEM_000002,LMP                           ,LMP01008                      ,LMP01                         ,5,Trade          ,S                             ,SYLV                                    ,NET_SALES                     ,Discontinuing,Traditional,S0 ,J,J,GEW,Global Electric Wholesalers,NA                            ,SP_000003,NOR,Commercial & Industrial,19.14,12.7284,6,0,AUD,,INV_000449,LINE_000001,20120119,ORD_000446,20120118,49:58.7
20120307,2012,9,2012,3,7,101,CUST_000167,500,ITEM_000002,LMP                           ,LMP01008                      ,LMP01                         ,5,Trade          ,S                             ,SYLV                                    ,NET_SALES                     ,Discontinuing,Traditional,S0 ,J,J,GEW,Global Electric Wholesalers,NA                            ,SP_000003,EDI,Commercial & Industrial,40.2,25.4568,12,0,AUD,,INV_000450,LINE_000001,20120307,ORD_000447,20120307,49:58.7
20120503,2012,11,2012,5,3,101,CUST_000168,300,ITEM_000007,LMP                           ,LMP01008                      ,LMP01                         ,5,Trade          ,S                             ,SYLV                                    ,NET_SALES                     ,Discontinuing,Traditional,V0 ,J,J,BPS,BrightPower Solutions,NA                            ,SP_000005,NOR,Commercial & Industrial,37.8,25.4568,12,0,AUD,,INV_000451,LINE_000001,20120503,ORD_000448,20120502,49:58.7
20120110,2012,7,2012,1,10,101,CUST_000168,300,ITEM_000007,LMP                           ,LMP01008                      ,LMP01                         ,5,Trade          ,S                             ,SYLV                                    ,NET_SALES                     ,Discontinuing,Traditional,V0 ,J,J,BPS,BrightPower Solutions,NA                            ,SP_000005,NOR,Commercial & Industrial,38.28,25.4568,12,0,AUD,,INV_000452,LINE_000001,20120110,ORD_000449,20120109,49:58.7
20120216,2012,8,2012,2,16,101,CUST_000053,300,ITEM_000007,LMP                           ,LMP01008                      ,LMP01                         ,5,Trade          ,S                             ,SYLV                                    ,NET_SALES                     ,Discontinuing,Traditional,V0 ,J,J,BPS,BrightPower Solutions,NA                            ,SP_000004,NOR,Commercial & Industrial,19.14,12.7284,6,0,AUD,,INV_000453,LINE_000001,20120216,ORD_000450,20120216,49:58.7
20120221,2012,8,2012,2,21,101,CUST_000169,300,ITEM_000007,LMP                           ,LMP01008                      ,LMP01                         ,5,Trade          ,S                             ,SYLV                                    ,NET_SALES                     ,Discontinuing,Traditional,V0 ,J,J,BPS,BrightPower Solutions,NA                            ,SP_000002,NOR,Commercial & Industrial,19.14,12.7284,6,0,AUD,,INV_000454,LINE_000001,20120221,ORD_000451,20120221,49:58.7
20120426,2012,10,2012,4,26,101,CUST_000170,300,ITEM_000022,TRO                           ,TRO03001                      ,TRO03                         ,1,Professional   ,P                             ,PIER                                    ,NET_SALES                     ,Discontinuing,Traditional,V0 ,J,J,NLG,Nationwide Lighting Group,NIM                           ,SP_000037,PRO,Commercial & Industrial,12600.0,7830.72,72,0,AUD,,INV_000455,LINE_000001,20120426,ORD_000452,20120411,49:58.7
20120626,2012,12,2012,6,26,101,CUST_000171,300,ITEM_000007,LMP                           ,LMP01008                      ,LMP01                         ,5,Trade          ,S                             ,SYLV                                    ,NET_SALES                     ,Discontinuing,Traditional,V0 ,J,J,BPS,BrightPower Solutions,NA                            ,SP_000008,NOR,Commercial & Industrial,40.2,25.4568,12,0,AUD,,INV_000456,LINE_000001,20120626,ORD_000453,20120626,49:58.7
20120309,2012,9,2012,3,9,101,CUST_000142,600,ITEM_000011,OTH                           ,999,14001,5,Trade          ,S                             ,NA                                      ,NET_SALES                     ,Discontinuing,Traditional,W0 ,J,J,PTD,PowerTools Direct,FAX                           ,SP_000024,NOR,Commercial & Industrial,140.7,89.0988,42,0,AUD,,INV_000457,LINE_000002,20120309,ORD_000440,20120309,49:58.7
20120319,2012,9,2012,3,19,101,CUST_000172,500,ITEM_000014,OTH                           ,999,14001,5,Trade          ,S                             ,NA                                      ,NET_SALES                     ,Discontinuing,Traditional,S0 ,J,J,BPS,BrightPower Solutions,NA                            ,SP_000003,NOR,Commercial & Industrial,80.4,50.9136,24,0,AUD,,INV_000458,LINE_000001,20120319,ORD_000454,20120319,49:58.7
20120522,2012,11,2012,5,22,101,CUST_000120,300,ITEM_000014,OTH                           ,999,14001,5,Trade          ,S                             ,NA                                      ,NET_SALES                     ,Discontinuing,Traditional,V0 ,J,J,BPS,BrightPower Solutions,NA                            ,SP_000002,NOR,Commercial & Industrial,20.1,12.7284,6,0,AUD,,INV_000268,LINE_000001,20120522,ORD_000267,20120522,49:58.7
20120622,2012,12,2012,6,22,101,CUST_000121,300,ITEM_000014,OTH                           ,999,14001,5,Trade          ,S                             ,NA                                      ,NET_SALES                     ,Discontinuing,Traditional,V0 ,J,J,AEG,Aussie Energy Group,NA                            ,SP_000008,NOR,Commercial & Industrial,60.3,38.1852,18,0,AUD,,INV_000459,LINE_000001,20120622,ORD_000455,20120621,49:58.7
20120119,2012,7,2012,1,19,101,CUST_000167,500,ITEM_000011,OTH                           ,999,14001,5,Trade          ,S                             ,NA                                      ,NET_SALES                     ,Discontinuing,Traditional,S0 ,J,J,GEW,Global Electric Wholesalers,NA                            ,SP_000003,NOR,Commercial & Industrial,19.14,12.7284,6,0,AUD,,INV_000449,LINE_000001,20120119,ORD_000446,20120118,49:58.7
20120605,2012,12,2012,6,5,101,CUST_000173,400,ITEM_000011,OTH                           ,999,14001,5,Trade          ,S                             ,NA                                      ,NET_SALES                     ,Discontinuing,Traditional,Q0 ,J,J,MED,Metro Electrical Distributors,NA                            ,SP_000006,NOR,Commercial & Industrial,66.0,50.9136,24,0,AUD,,INV_000460,LINE_000001,20120605,ORD_000456,20120604,49:58.7
20120427,2012,10,2012,4,27,101,CUST_000121,300,ITEM_000003,LMP                           ,LMP01008                      ,LMP01                         ,5,Trade          ,S                             ,SYLV                                    ,NET_SALES                     ,Discontinuing,Traditional,V0 ,J,J,AEG,Aussie Energy Group,NA                            ,SP_000008,NOR,Commercial & Industrial,100.5,63.642,30,0,AUD,,INV_000461,LINE_000001,20120427,ORD_000457,20120427,49:58.7
20120216,2012,8,2012,2,16,101,CUST_000174,300,ITEM_000010,LMP                           ,LMP01008                      ,LMP01                         ,5,Trade          ,S                             ,SYLV                                    ,NET_SALES                     ,Discontinuing,Traditional,V0 ,J,J,AEG,Aussie Energy Group,NA                            ,SP_000008,NOR,Commercial & Industrial,38.28,25.4568,12,0,AUD,,INV_000462,LINE_000001,20120216,ORD_000458,20120216,49:58.7
20120604,2012,12,2012,6,4,101,CUST_000025,300,ITEM_000010,LMP                           ,LMP01008                      ,LMP01                         ,5,Trade          ,S                             ,SYLV                                    ,NET_SALES                     ,Discontinuing,Traditional,V0 ,J,J,MED,Metro Electrical Distributors,NA                            ,SP_000004,EDI,Commercial & Industrial,20.1,12.7284,6,0,AUD,,INV_000054,LINE_000001,20120604,ORD_000051,20120601,49:58.7
20120326,2012,9,2012,3,26,101,CUST_000060,400,ITEM_000003,LMP                           ,LMP01008                      ,LMP01                         ,5,Trade          ,S                             ,SYLV                                    ,NET_SALES                     ,Discontinuing,Traditional,Q0 ,J,J,MED,Metro Electrical Distributors,NA                            ,SP_000006,NOR,Commercial & Industrial,113.4,76.3704,36,0,AUD,,INV_000463,LINE_000001,20120326,ORD_000459,20120326,49:58.7
20120413,2012,10,2012,4,13,101,CUST_000175,400,ITEM_000023,FLD                           ,FLD03002                      ,FLD03                         ,1,Professional   ,S                             ,SYLV                                    ,NET_SALES                     ,Discontinuing,Traditional,Q0 ,J,J,NES,NextGen Electrical Solutions,NA                            ,SP_000006,NOR,Commercial & Industrial,3308.4,1654.23,3,0,AUD,,INV_000464,LINE_000001,20120413,ORD_000460,20120323,49:58.7
20120305,2012,9,2012,3,5,101,CUST_000060,400,ITEM_000002,LMP                           ,LMP01008                      ,LMP01                         ,5,Trade          ,S                             ,SYLV                                    ,NET_SALES                     ,Discontinuing,Traditional,Q0 ,J,J,MED,Metro Electrical Distributors,NA                            ,SP_000006,NOR,Commercial & Industrial,37.08,25.4568,12,0,AUD,,INV_000465,LINE_000001,20120305,ORD_000461,20120305,49:58.7
20120314,2012,9,2012,3,14,101,CUST_000120,300,ITEM_000002,LMP                           ,LMP01008                      ,LMP01                         ,5,Trade          ,S                             ,SYLV                                    ,NET_SALES                     ,Discontinuing,Traditional,V0 ,J,J,BPS,BrightPower Solutions,NA                            ,SP_000002,NOR,Commercial & Industrial,40.2,25.4568,12,0,AUD,,INV_000466,LINE_000001,20120314,ORD_000462,20120313,49:58.7
20120208,2012,8,2012,2,8,100,CUST_000046,720,ITEM_000024,SUR                           ,SUR08001                      ,SUR08                         ,7,Trade          ,P                             ,96,REBATE_EXEMPT_EOL             ,Discontinuing,Traditional,KN0,J,J,INTERCO   ,InterGlobal Trading,NA                            ,SP_000016,NOR,Commercial & Industrial,17838.72,16054.1145,1467,0,AUD,,INV_000467,LINE_000008,20120208,ORD_000463,20120208,49:58.7
20120315,2012,9,2012,3,15,101,CUST_000108,300,ITEM_000008,LMP                           ,LMP01008                      ,LMP01                         ,5,Trade          ,S                             ,SYLV                                    ,NET_SALES                     ,Discontinuing,Traditional,V0 ,J,J,BPS,BrightPower Solutions,NA                            ,SP_000004,NOR,Commercial & Industrial,40.2,25.4568,12,0,AUD,,INV_000468,LINE_000001,20120315,ORD_000464,20120315,49:58.7
20120217,2012,8,2012,2,17,101,CUST_000176,300,ITEM_000008,LMP                           ,LMP01008                      ,LMP01                         ,5,Trade          ,S                             ,SYLV                                    ,NET_SALES                     ,Discontinuing,Traditional,V0 ,J,J,MED,Metro Electrical Distributors,NA                            ,SP_000002,EDI,Commercial & Industrial,19.14,12.7284,6,0,AUD,,INV_000469,LINE_000001,20120217,ORD_000465,20120216,49:58.7
20120320,2012,9,2012,3,20,101,CUST_000081,300,ITEM_000008,LMP                           ,LMP01008                      ,LMP01                         ,5,Trade          ,S                             ,SYLV                                    ,NET_SALES                     ,Discontinuing,Traditional,V0 ,J,J,BPS,BrightPower Solutions,NA                            ,SP_000004,NOR,Commercial & Industrial,20.1,12.7284,6,0,AUD,,INV_000470,LINE_000001,20120320,ORD_000466,20120320,49:58.7
20120607,2012,12,2012,6,7,101,CUST_000123,300,ITEM_000008,LMP                           ,LMP01008                      ,LMP01                         ,5,Trade          ,S                             ,SYLV                                    ,NET_SALES                     ,Discontinuing,Traditional,V0 ,J,J,BPS,BrightPower Solutions,NA                            ,SP_000004,NOR,Commercial & Industrial,20.1,12.7284,6,0,AUD,,INV_000471,LINE_000001,20120607,ORD_000467,20120607,49:58.7
20120606,2012,12,2012,6,6,101,CUST_000177,200,ITEM_000008,LMP                           ,LMP01008                      ,LMP01                         ,5,Trade          ,S                             ,SYLV                                    ,NET_SALES                     ,Discontinuing,Traditional,N0 ,J,J,UES,Unified Electrical Suppliers,NA                            ,SP_000021,NOR,Commercial & Industrial,20.1,12.7284,6,0,AUD,,INV_000472,LINE_000001,20120606,ORD_000468,20120606,49:58.7
20120202,2012,8,2012,2,2,101,CUST_000178,210,ITEM_000008,LMP                           ,LMP01008                      ,LMP01                         ,5,Trade          ,S                             ,SYLV                                    ,NET_SALES                     ,Discontinuing,Traditional,N0 ,J,J,MED,Metro Electrical Distributors,NA                            ,SP_000012,EDI,Commercial & Industrial,19.14,12.7284,6,0,AUD,,INV_000473,LINE_000001,20120202,ORD_000469,20120202,49:58.7
20120404,2012,10,2012,4,4,101,CUST_000077,300,ITEM_000008,LMP                           ,LMP01008                      ,LMP01                         ,5,Trade          ,S                             ,SYLV                                    ,NET_SALES                     ,Discontinuing,Traditional,V0 ,J,J,BPS,BrightPower Solutions,NA                            ,SP_000005,NOR,Commercial & Industrial,80.4,50.9136,24,0,AUD,,INV_000166,LINE_000001,20120404,ORD_000165,20120403,49:58.7
20120528,2012,11,2012,5,28,101,CUST_000054,300,ITEM_000001,LMP                           ,LMP01008                      ,LMP01                         ,5,Trade          ,S                             ,SYLV                                    ,NET_SALES                     ,Discontinuing,Traditional,V0 ,J,J,BPS,BrightPower Solutions,NA                            ,SP_000004,NOR,Commercial & Industrial,20.1,12.7284,6,0,AUD,,INV_000474,LINE_000001,20120528,ORD_000470,20120525,49:58.7
20120521,2012,11,2012,5,21,101,CUST_000179,500,ITEM_000001,LMP                           ,LMP01008                      ,LMP01                         ,5,Trade          ,S                             ,SYLV                                    ,NET_SALES                     ,Discontinuing,Traditional,S0 ,J,J,MED,Metro Electrical Distributors,NA                            ,SP_000029,EDI,Commercial & Industrial,40.2,25.4568,12,0,AUD,,INV_000475,LINE_000001,20120521,ORD_000471,20120521,49:58.7
20120109,2012,7,2012,1,9,101,CUST_000179,500,ITEM_000001,LMP                           ,LMP01008                      ,LMP01                         ,5,Trade          ,S                             ,SYLV                                    ,NET_SALES                     ,Discontinuing,Traditional,S0 ,J,J,MED,Metro Electrical Distributors,NA                            ,SP_000029,EDI,Commercial & Industrial,31.9,21.214,10,0,AUD,,INV_000476,LINE_000001,20120109,ORD_000472,20120109,49:58.7
20120509,2012,11,2012,5,9,101,CUST_000148,300,ITEM_000001,LMP                           ,LMP01008                      ,LMP01                         ,5,Trade          ,S                             ,SYLV                                    ,NET_SALES                     ,Discontinuing,Traditional,V0 ,J,J,MED,Metro Electrical Distributors,NA                            ,SP_000033,EDI,Commercial & Industrial,20.1,12.7284,6,0,AUD,,INV_000477,LINE_000001,20120509,ORD_000473,20120509,49:58.7
20120322,2012,9,2012,3,22,101,CUST_000152,400,ITEM_000001,LMP                           ,LMP01008                      ,LMP01                         ,5,Trade          ,S                             ,SYLV                                    ,NET_SALES                     ,Discontinuing,Traditional,Q0 ,J,J,ELC,ElectraCorp Ltd,NA                            ,SP_000018,EDI,Commercial & Industrial,3.28,2.1214,1,0,AUD,,INV_000478,LINE_000001,20120322,ORD_000474,20120321,49:58.7
20120206,2012,8,2012,2,6,101,CUST_000161,500,ITEM_000001,LMP                           ,LMP01008                      ,LMP01                         ,5,Trade          ,S                             ,SYLV                                    ,NET_SALES                     ,Discontinuing,Traditional,S0 ,J,J,ELC,ElectraCorp Ltd,NA                            ,SP_000003,NOR,Commercial & Industrial,19.14,12.7284,6,0,AUD,,INV_000479,LINE_000001,20120206,ORD_000475,20120203,49:58.7
20120515,2012,11,2012,5,15,101,CUST_000119,300,ITEM_000001,LMP                           ,LMP01008                      ,LMP01                         ,5,Trade          ,S                             ,SYLV                                    ,NET_SALES                     ,Discontinuing,Traditional,V0 ,J,J,BPS,BrightPower Solutions,NA                            ,SP_000008,NOR,Commercial & Industrial,20.1,12.7284,6,0,AUD,,INV_000480,LINE_000001,20120515,ORD_000476,20120515,49:58.7
20120109,2012,7,2012,1,9,101,CUST_000134,200,ITEM_000007,LMP                           ,LMP01008                      ,LMP01                         ,5,Trade          ,S                             ,SYLV                                    ,NET_SALES                     ,Discontinuing,Traditional,N0 ,J,J,MED,Metro Electrical Distributors,NA                            ,SP_000007,NOR,Commercial & Industrial,19.14,12.7284,6,0,AUD,,INV_000481,LINE_000001,20120109,ORD_000477,20120109,49:58.7
20120417,2012,10,2012,4,17,101,CUST_000180,300,ITEM_000007,LMP                           ,LMP01008                      ,LMP01                         ,5,Trade          ,S                             ,SYLV                                    ,NET_SALES                     ,Discontinuing,Traditional,V0 ,J,J,MED,Metro Electrical Distributors,NA                            ,SP_000008,EDI,Commercial & Industrial,40.2,25.4568,12,0,AUD,,INV_000482,LINE_000002,20120417,ORD_000478,20120417,49:58.7
20120112,2012,7,2012,1,12,101,CUST_000180,300,ITEM_000007,LMP                           ,LMP01008                      ,LMP01                         ,5,Trade          ,S                             ,SYLV                                    ,NET_SALES                     ,Discontinuing,Traditional,V0 ,J,J,MED,Metro Electrical Distributors,NA                            ,SP_000008,EDI,Commercial & Industrial,19.14,12.7284,6,0,AUD,,INV_000483,LINE_000001,20120112,ORD_000479,20120111,49:58.7
20120427,2012,10,2012,4,27,101,CUST_000181,710,ITEM_000025,OTH                           ,999,14001,7,Trade          ,P                             ,NA                                      ,NET_SALES                     ,Continuing,Accessories,N0 ,J,J,ZZZ       ,General Suppliers Pty,NA                            ,SP_000023,EXP,Commercial & Industrial,190.0,0.0038,38,0,AUD,,INV_000484,LINE_000001,20120427,ORD_000480,20120216,49:58.7
20120618,2012,12,2012,6,18,101,CUST_000180,300,ITEM_000007,LMP                           ,LMP01008                      ,LMP01                         ,5,Trade          ,S                             ,SYLV                                    ,NET_SALES                     ,Discontinuing,Traditional,V0 ,J,J,MED,Metro Electrical Distributors,NA                            ,SP_000008,EDI,Commercial & Industrial,20.1,12.7284,6,0,AUD,,INV_000485,LINE_000001,20120618,ORD_000481,20120618,49:58.7
20120618,2012,12,2012,6,18,101,CUST_000164,600,ITEM_000010,LMP                           ,LMP01008                      ,LMP01                         ,5,Trade          ,S                             ,SYLV                                    ,NET_SALES                     ,Discontinuing,Traditional,W0 ,J,J,ELC,ElectraCorp Ltd,NA                            ,SP_000032,EDI,Commercial & Industrial,60.3,38.1852,18,0,AUD,,INV_000486,LINE_000001,20120618,ORD_000482,20120615,49:58.7
20120508,2012,11,2012,5,8,101,CUST_000013,300,ITEM_000002,LMP                           ,LMP01008                      ,LMP01                         ,5,Trade          ,S                             ,SYLV                                    ,NET_SALES                     ,Discontinuing,Traditional,V0 ,J,J,BPS,BrightPower Solutions,NA                            ,SP_000002,NOR,Commercial & Industrial,56.7,38.1852,18,0,AUD,,INV_000487,LINE_000001,20120508,ORD_000483,20120508,49:58.7
20120124,2012,7,2012,1,24,101,CUST_000113,410,ITEM_000002,LMP                           ,LMP01008                      ,LMP01                         ,5,Trade          ,S                             ,SYLV                                    ,NET_SALES                     ,Discontinuing,Traditional,Q1 ,J,J,MED,Metro Electrical Distributors,NA                            ,SP_000001,NOR,Commercial & Industrial,19.14,12.7284,6,0,AUD,,INV_000403,LINE_000001,20120124,ORD_000402,20120124,49:58.7
20120528,2012,11,2012,5,28,101,CUST_000182,300,ITEM_000026,FLD                           ,FLD03002                      ,FLD03                         ,1,Professional   ,S                             ,SYLV                                    ,NET_SALES                     ,Discontinuing,Traditional,V0 ,J,J,NLG,Nationwide Lighting Group,NA                            ,SP_000038,PRO,Commercial & Industrial,1050.0,559.95,1,0,AUD,,INV_000488,LINE_000001,20120528,ORD_000484,20120509,49:58.7
20120309,2012,9,2012,3,9,101,CUST_000149,500,ITEM_000002,LMP                           ,LMP01008                      ,LMP01                         ,5,Trade          ,S                             ,SYLV                                    ,NET_SALES                     ,Discontinuing,Traditional,S0 ,J,J,GEW,Global Electric Wholesalers,NA                            ,SP_000003,EDI,Commercial & Industrial,120.6,76.3704,36,0,AUD,,INV_000489,LINE_000001,20120309,ORD_000485,20120309,49:58.7
20120608,2012,12,2012,6,8,101,CUST_000077,300,ITEM_000002,LMP                           ,LMP01008                      ,LMP01                         ,5,Trade          ,S                             ,SYLV                                    ,NET_SALES                     ,Discontinuing,Traditional,V0 ,J,J,BPS,BrightPower Solutions,NA                            ,SP_000005,NOR,Commercial & Industrial,40.2,25.4568,12,0,AUD,,INV_000225,LINE_000001,20120608,ORD_000224,20120608,49:58.7
20120326,2012,9,2012,3,26,100,CUST_000046,720,ITEM_000027,COM                           ,COM99001                      ,COM99                         ,8,Professional   ,P                             ,96,NET_SALES                     ,Continuing,Accessories,KN0,J,J,INTERCO   ,InterGlobal Trading,NA                            ,SP_000016,NOR,Commercial & Industrial,177.86,172.68,1200,0,AUD,,INV_000490,LINE_000008,20120326,ORD_000486,20120326,49:58.7
20120604,2012,12,2012,6,4,101,CUST_000183,300,ITEM_000002,LMP                           ,LMP01008                      ,LMP01                         ,5,Trade          ,S                             ,SYLV                                    ,NET_SALES                     ,Discontinuing,Traditional,V0 ,J,J,MED,Metro Electrical Distributors,NA                            ,SP_000039,EDI,Commercial & Industrial,40.2,25.4568,12,0,AUD,,INV_000491,LINE_000001,20120604,ORD_000487,20120604,49:58.7
20120501,2012,11,2012,5,1,101,CUST_000184,200,ITEM_000008,LMP                           ,LMP01008                      ,LMP01                         ,5,Trade          ,S                             ,SYLV                                    ,NET_SALES                     ,Discontinuing,Traditional,N0 ,J,J,MED,Metro Electrical Distributors,NA                            ,SP_000012,NOR,Commercial & Industrial,40.2,25.4568,12,0,AUD,,INV_000492,LINE_000001,20120501,ORD_000488,20120501,49:58.7
20120419,2012,10,2012,4,19,101,CUST_000051,300,ITEM_000008,LMP                           ,LMP01008                      ,LMP01                         ,5,Trade          ,S                             ,SYLV                                    ,NET_SALES                     ,Discontinuing,Traditional,V0 ,J,J,MED,Metro Electrical Distributors,NA                            ,SP_000008,EDI,Commercial & Industrial,20.1,12.7284,6,0,AUD,,INV_000237,LINE_000001,20120419,ORD_000236,20120419,49:58.7
20120131,2012,7,2012,1,31,101,CUST_000151,300,ITEM_000008,LMP                           ,LMP01008                      ,LMP01                         ,5,Trade          ,S                             ,SYLV                                    ,NET_SALES                     ,Discontinuing,Traditional,V0 ,J,J,AEG,Aussie Energy Group,NA                            ,SP_000005,NOR,Commercial & Industrial,19.14,12.7284,6,0,AUD,,INV_000401,LINE_000001,20120131,ORD_000400,20120131,49:58.7
20120322,2012,9,2012,3,22,101,CUST_000116,300,ITEM_000008,LMP                           ,LMP01008                      ,LMP01                         ,5,Trade          ,S                             ,SYLV                                    ,NET_SALES                     ,Discontinuing,Traditional,V0 ,J,J,MED,Metro Electrical Distributors,NA                            ,SP_000008,EDI,Commercial & Industrial,40.2,25.4568,12,0,AUD,,INV_000493,LINE_000001,20120322,ORD_000489,20120322,49:58.7
20120109,2012,7,2012,1,9,101,CUST_000185,400,ITEM_000002,LMP                           ,LMP01008                      ,LMP01                         ,5,Trade          ,S                             ,SYLV                                    ,NET_SALES                     ,Discontinuing,Traditional,Q0 ,J,J,ELC,ElectraCorp Ltd,NA                            ,SP_000019,NOR,Commercial & Industrial,191.4,127.284,60,0,AUD,,INV_000494,LINE_000001,20120109,ORD_000490,20120109,49:58.7
20120501,2012,11,2012,5,1,101,CUST_000186,500,ITEM_000002,LMP                           ,LMP01008                      ,LMP01                         ,5,Trade          ,S                             ,SYLV                                    ,NET_SALES                     ,Discontinuing,Traditional,S0 ,J,J,MED,Metro Electrical Distributors,NA                            ,SP_000022,EDI,Commercial & Industrial,40.2,25.4568,12,0,AUD,,INV_000495,LINE_000001,20120501,ORD_000491,20120501,49:58.7
20120208,2012,8,2012,2,8,101,CUST_000013,300,ITEM_000010,LMP                           ,LMP01008                      ,LMP01                         ,5,Trade          ,S                             ,SYLV                                    ,NET_SALES                     ,Discontinuing,Traditional,V0 ,J,J,BPS,BrightPower Solutions,NA                            ,SP_000002,NOR,Commercial & Industrial,76.56,50.9136,24,0,AUD,,INV_000496,LINE_000001,20120208,ORD_000492,20120208,49:58.7
20120308,2012,9,2012,3,8,101,CUST_000187,500,ITEM_000028,COM                           ,COM90001                      ,COM90                         ,5,Trade          ,P                             ,PIER                                    ,NET_SALES                     ,Continuing,Accessories,N0 ,J,J,GEW,Global Electric Wholesalers,NA                            ,SP_000029,CDG,Commercial & Industrial,-12.4,-7.8,-1,0,AUD,,INV_000497,LINE_000001,20120308,ORD_000493,20120308,49:58.7
20120411,2012,10,2012,4,11,101,CUST_000051,300,ITEM_000002,LMP                           ,LMP01008                      ,LMP01                         ,5,Trade          ,S                             ,SYLV                                    ,NET_SALES                     ,Discontinuing,Traditional,V0 ,J,J,MED,Metro Electrical Distributors,NA                            ,SP_000008,EDI,Commercial & Industrial,20.1,12.7284,6,0,AUD,,INV_000498,LINE_000001,20120411,ORD_000494,20120410,49:58.7
20120202,2012,8,2012,2,2,101,CUST_000188,400,ITEM_000003,LMP                           ,LMP01008                      ,LMP01                         ,5,Trade          ,S                             ,SYLV                                    ,NET_SALES                     ,Discontinuing,Traditional,Q0 ,J,J,ELC,ElectraCorp Ltd,NA                            ,SP_000040,CRR,Commercial & Industrial,-38.27,-25.4568,-12,0,AUD,,INV_000499,LINE_000001,20120202,ORD_000495,20120202,49:58.7
20120302,2012,9,2012,3,2,101,CUST_000188,400,ITEM_000003,LMP                           ,LMP01008                      ,LMP01                         ,5,Trade          ,S                             ,SYLV                                    ,NET_SALES                     ,Discontinuing,Traditional,Q0 ,J,J,ELC,ElectraCorp Ltd,NA                            ,SP_000040,NOR,Commercial & Industrial,20.1,12.7284,6,0,AUD,,INV_000500,LINE_000001,20120302,ORD_000496,20120302,49:58.7
20120109,2012,7,2012,1,9,101,CUST_000189,200,ITEM_000007,LMP                           ,LMP01008                      ,LMP01                         ,5,Trade          ,S                             ,SYLV                                    ,NET_SALES                     ,Discontinuing,Traditional,N0 ,J,J,AEG,Aussie Energy Group,NA                            ,SP_000009,NOR,Commercial & Industrial,143.55,95.463,45,0,AUD,,INV_000501,LINE_000001,20120109,ORD_000497,20120109,49:58.7
20120510,2012,11,2012,5,10,101,CUST_000189,200,ITEM_000007,LMP                           ,LMP01008                      ,LMP01                         ,5,Trade          ,S                             ,SYLV                                    ,NET_SALES                     ,Discontinuing,Traditional,N0 ,J,J,AEG,Aussie Energy Group,NA                            ,SP_000009,NOR,Commercial & Industrial,60.3,38.1852,18,0,AUD,,INV_000502,LINE_000001,20120510,ORD_000498,20120510,49:58.7
20120515,2012,11,2012,5,15,101,CUST_000080,300,ITEM_000007,LMP                           ,LMP01008                      ,LMP01                         ,5,Trade          ,S                             ,SYLV                                    ,NET_SALES                     ,Discontinuing,Traditional,V0 ,J,J,MED,Metro Electrical Distributors,NA                            ,SP_000008,EDI,Commercial & Industrial,40.2,25.4568,12,0,AUD,,INV_000503,LINE_000002,20120515,ORD_000499,20120515,49:58.7
20120504,2012,11,2012,5,4,101,CUST_000190,300,ITEM_000007,LMP                           ,LMP01008                      ,LMP01                         ,5,Trade          ,S                             ,SYLV                                    ,NET_SALES                     ,Discontinuing,Traditional,V0 ,J,J,BPS,BrightPower Solutions,NA                            ,SP_000002,NOR,Commercial & Industrial,18.9,12.7284,6,0,AUD,,INV_000504,LINE_000001,20120504,ORD_000500,20120503,49:58.7
20120110,2012,7,2012,1,10,101,CUST_000190,300,ITEM_000007,LMP                           ,LMP01008                      ,LMP01                         ,5,Trade          ,S                             ,SYLV                                    ,NET_SALES                     ,Discontinuing,Traditional,V0 ,J,J,BPS,BrightPower Solutions,NA                            ,SP_000002,NOR,Commercial & Industrial,19.14,12.7284,6,0,AUD,,INV_000505,LINE_000001,20120110,ORD_000501,20120109,49:58.7
20120403,2012,10,2012,4,3,101,CUST_000191,310,ITEM_000007,LMP                           ,LMP01008                      ,LMP01                         ,5,Trade          ,S                             ,SYLV                                    ,NET_SALES                     ,Discontinuing,Traditional,T0 ,J,J,MED,Metro Electrical Distributors,NA                            ,SP_000005,NOR,Commercial & Industrial,40.2,25.4568,12,0,AUD,,INV_000506,LINE_000001,20120403,ORD_000502,20120402,49:58.7
20120206,2012,8,2012,2,6,101,CUST_000191,310,ITEM_000007,LMP                           ,LMP01008                      ,LMP01                         ,5,Trade          ,S                             ,SYLV                                    ,NET_SALES                     ,Discontinuing,Traditional,T0 ,J,J,MED,Metro Electrical Distributors,NA                            ,SP_000005,NOR,Commercial & Industrial,79.75,53.035,25,0,AUD,,INV_000507,LINE_000002,20120206,ORD_000503,20120206,49:58.7
20120207,2012,8,2012,2,7,101,CUST_000035,300,ITEM_000007,LMP                           ,LMP01008                      ,LMP01                         ,5,Trade          ,S                             ,SYLV                                    ,NET_SALES                     ,Discontinuing,Traditional,V0 ,J,J,MED,Metro Electrical Distributors,NA                            ,SP_000002,EDI,Commercial & Industrial,76.56,50.9136,24,0,AUD,,INV_000508,LINE_000001,20120207,ORD_000504,20120207,49:58.7
20120228,2012,8,2012,2,28,101,CUST_000013,300,ITEM_000003,LMP                           ,LMP01008                      ,LMP01                         ,5,Trade          ,S                             ,SYLV                                    ,NET_SALES                     ,Discontinuing,Traditional,V0 ,J,J,BPS,BrightPower Solutions,NA                            ,SP_000002,NOR,Commercial & Industrial,19.14,12.7284,6,0,AUD,,INV_000509,LINE_000001,20120228,ORD_000505,20120228,49:58.7
20120518,2012,11,2012,5,18,101,CUST_000192,300,ITEM_000002,LMP                           ,LMP01008                      ,LMP01                         ,5,Trade          ,S                             ,SYLV                                    ,NET_SALES                     ,Discontinuing,Traditional,V0 ,J,J,MED,Metro Electrical Distributors,NA                            ,SP_000005,NOR,Commercial & Industrial,78.3,57.2778,27,0,AUD,,INV_000510,LINE_000001,20120518,ORD_000506,20120518,49:58.7
20120503,2012,11,2012,5,3,101,CUST_000193,300,ITEM_000003,LMP                           ,LMP01008                      ,LMP01                         ,5,Trade          ,S                             ,SYLV                                    ,NET_SALES                     ,Discontinuing,Traditional,V0 ,J,J,MED,Metro Electrical Distributors,NA                            ,SP_000014,EDI,Commercial & Industrial,20.1,12.7284,6,0,AUD,,INV_000511,LINE_000001,20120503,ORD_000507,20120502,49:58.7
20120224,2012,8,2012,2,24,101,CUST_000020,300,ITEM_000003,LMP                           ,LMP01008                      ,LMP01                         ,5,Trade          ,S                             ,SYLV                                    ,NET_SALES                     ,Discontinuing,Traditional,V0 ,J,J,MED,Metro Electrical Distributors,NA                            ,SP_000005,EDI,Commercial & Industrial,19.14,12.7284,6,0,AUD,,INV_000512,LINE_000002,20120224,ORD_000508,20120224,49:58.7
20120417,2012,10,2012,4,17,101,CUST_000020,300,ITEM_000003,LMP                           ,LMP01008                      ,LMP01                         ,5,Trade          ,S                             ,SYLV                                    ,NET_SALES                     ,Discontinuing,Traditional,V0 ,J,J,MED,Metro Electrical Distributors,NA                            ,SP_000005,EDI,Commercial & Industrial,20.1,12.7284,6,0,AUD,,INV_000513,LINE_000001,20120417,ORD_000509,20120417,49:58.7
20120423,2012,10,2012,4,23,101,CUST_000020,300,ITEM_000003,LMP                           ,LMP01008                      ,LMP01                         ,5,Trade          ,S                             ,SYLV                                    ,NET_SALES                     ,Discontinuing,Traditional,V0 ,J,J,MED,Metro Electrical Distributors,NA                            ,SP_000005,EDI,Commercial & Industrial,20.1,12.7284,6,0,AUD,,INV_000514,LINE_000002,20120423,ORD_000510,20120423,49:58.7
20120418,2012,10,2012,4,18,101,CUST_000053,300,ITEM_000003,LMP                           ,LMP01008                      ,LMP01                         ,5,Trade          ,S                             ,SYLV                                    ,NET_SALES                     ,Discontinuing,Traditional,V0 ,J,J,BPS,BrightPower Solutions,NA                            ,SP_000004,NOR,Commercial & Industrial,40.2,25.4568,12,0,AUD,,INV_000515,LINE_000001,20120418,ORD_000511,20120418,49:58.7
20120508,2012,11,2012,5,8,101,CUST_000171,300,ITEM_000010,LMP                           ,LMP01008                      ,LMP01                         ,5,Trade          ,S                             ,SYLV                                    ,NET_SALES                     ,Discontinuing,Traditional,V0 ,J,J,BPS,BrightPower Solutions,NA                            ,SP_000008,NOR,Commercial & Industrial,18.9,12.7284,6,0,AUD,,INV_000516,LINE_000001,20120508,ORD_000512,20120508,49:58.7
20120120,2012,7,2012,1,20,101,CUST_000194,500,ITEM_000002,LMP                           ,LMP01008                      ,LMP01                         ,5,Trade          ,S                             ,SYLV                                    ,NET_SALES                     ,Discontinuing,Traditional,S0 ,J,J,GEW,Global Electric Wholesalers,NA                            ,SP_000022,EDI,Commercial & Industrial,19.14,12.7284,6,0,AUD,,INV_000517,LINE_000001,20120120,ORD_000513,20120120,49:58.7
20120417,2012,10,2012,4,17,101,CUST_000195,300,ITEM_000002,LMP                           ,LMP01008                      ,LMP01                         ,5,Trade          ,S                             ,SYLV                                    ,NET_SALES                     ,Discontinuing,Traditional,V0 ,J,J,MED,Metro Electrical Distributors,NA                            ,SP_000002,EDI,Commercial & Industrial,20.1,12.7284,6,0,AUD,,INV_000518,LINE_000001,20120417,ORD_000514,20120416,49:58.7
20120116,2012,7,2012,1,16,101,CUST_000196,400,ITEM_000002,LMP                           ,LMP01008                      ,LMP01                         ,5,Trade          ,S                             ,SYLV                                    ,NET_SALES                     ,Discontinuing,Traditional,Q0 ,J,J,ELC,ElectraCorp Ltd,NA                            ,SP_000020,NOR,Commercial & Industrial,25.52,16.9712,8,0,AUD,,INV_000519,LINE_000001,20120116,ORD_000515,20120116,49:58.7
20120501,2012,11,2012,5,1,101,CUST_000195,300,ITEM_000010,LMP                           ,LMP01008                      ,LMP01                         ,5,Trade          ,S                             ,SYLV                                    ,NET_SALES                     ,Discontinuing,Traditional,V0 ,J,J,MED,Metro Electrical Distributors,NA                            ,SP_000002,EDI,Commercial & Industrial,20.1,12.7284,6,0,AUD,,INV_000520,LINE_000002,20120501,ORD_000516,20120501,49:58.7
20120523,2012,11,2012,5,23,101,CUST_000073,200,ITEM_000007,LMP                           ,LMP01008                      ,LMP01                         ,5,Trade          ,S                             ,SYLV                                    ,NET_SALES                     ,Discontinuing,Traditional,N0 ,J,J,MED,Metro Electrical Distributors,NA                            ,SP_000021,EDI,Commercial & Industrial,60.3,38.1852,18,0,AUD,,INV_000327,LINE_000001,20120523,ORD_000329,20120523,49:58.7
20120403,2012,10,2012,4,3,101,CUST_000197,310,ITEM_000007,LMP                           ,LMP01008                      ,LMP01                         ,5,Trade          ,S                             ,SYLV                                    ,NET_SALES                     ,Discontinuing,Traditional,T0 ,J,J,MED,Metro Electrical Distributors,NA                            ,SP_000005,EDI,Commercial & Industrial,20.1,12.7284,6,0,AUD,,INV_000521,LINE_000001,20120403,ORD_000517,20120402,49:58.7
20120420,2012,10,2012,4,20,101,CUST_000128,200,ITEM_000007,LMP                           ,LMP01008                      ,LMP01                         ,5,Trade          ,S                             ,SYLV                                    ,NET_SALES                     ,Discontinuing,Traditional,N0 ,J,J,MED,Metro Electrical Distributors,NA                            ,SP_000012,EDI,Commercial & Industrial,40.2,25.4568,12,0,AUD,,INV_000522,LINE_000001,20120420,ORD_000518,20120420,49:58.7
20120123,2012,7,2012,1,23,100,CUST_000046,720,ITEM_000029,SUR                           ,SUR80001                      ,SUR80                         ,1,Professional   ,P                             ,PIER                                    ,NET_SALES                     ,Discontinuing,Traditional,KN0,J,J,INTERCO   ,InterGlobal Trading,NA                            ,SP_000016,NOR,Commercial & Industrial,2738.4,2506.526,20,0,AUD,,INV_000523,LINE_000004,20120123,ORD_000519,20120123,49:58.7
20120418,2012,10,2012,4,18,100,CUST_000046,720,ITEM_000029,SUR                           ,SUR80001                      ,SUR80                         ,1,Professional   ,P                             ,PIER                                    ,NET_SALES                     ,Discontinuing,Traditional,KN0,J,J,INTERCO   ,InterGlobal Trading,NA                            ,SP_000016,NOR,Commercial & Industrial,2053.8,1596.2625,15,0,AUD,,INV_000524,LINE_000005,20120418,ORD_000520,20120418,49:58.7
20120518,2012,11,2012,5,18,100,CUST_000046,720,ITEM_000030,URB                           ,URB04002                      ,URB04                         ,1,Professional   ,P                             ,PIER                                    ,NET_SALES                     ,Continuing,Accessories,KN0,J,J,INTERCO   ,InterGlobal Trading,NA                            ,SP_000016,NOR,Commercial & Industrial,3948.56,3826.2098,14,0,AUD,,INV_000525,LINE_000010,20120518,ORD_000521,20120518,49:58.7
20120518,2012,11,2012,5,18,100,CUST_000046,720,ITEM_000030,URB                           ,URB04002                      ,URB04                         ,1,Professional   ,P                             ,PIER                                    ,NET_SALES                     ,Continuing,Accessories,KN0,J,J,INTERCO   ,InterGlobal Trading,NA                            ,SP_000016,NOR,Commercial & Industrial,1692.24,1639.8042,6,0,AUD,,INV_000525,LINE_000006,20120518,ORD_000522,20120518,49:58.7
20120518,2012,11,2012,5,18,100,CUST_000046,720,ITEM_000030,URB                           ,URB04002                      ,URB04                         ,1,Professional   ,P                             ,PIER                                    ,NET_SALES                     ,Continuing,Accessories,KN0,J,J,INTERCO   ,InterGlobal Trading,NA                            ,SP_000016,NOR,Commercial & Industrial,282.04,273.3007,1,0,AUD,,INV_000525,LINE_000012,20120518,ORD_000522,20120518,49:58.7
20120518,2012,11,2012,5,18,100,CUST_000046,720,ITEM_000030,URB                           ,URB04002                      ,URB04                         ,1,Professional   ,P                             ,PIER                                    ,NET_SALES                     ,Continuing,Accessories,KN0,J,J,INTERCO   ,InterGlobal Trading,NA                            ,SP_000016,NOR,Commercial & Industrial,1410.2,1366.5035,5,0,AUD,,INV_000525,LINE_000008,20120518,ORD_000523,20120518,49:58.7
20120416,2012,10,2012,4,16,100,CUST_000046,720,ITEM_000030,URB                           ,URB04002                      ,URB04                         ,1,Professional   ,P                             ,PIER                                    ,NET_SALES                     ,Continuing,Accessories,KN0,J,J,INTERCO   ,InterGlobal Trading,NA                            ,SP_000016,NOR,Commercial & Industrial,4230.6,4102.209,15,0,AUD,,INV_000526,LINE_000012,20120416,ORD_000521,20120416,49:58.7
20120209,2012,8,2012,2,9,100,CUST_000046,720,ITEM_000029,SUR                           ,SUR80001                      ,SUR80                         ,1,Professional   ,P                             ,PIER                                    ,NET_SALES                     ,Discontinuing,Traditional,KN0,J,J,INTERCO   ,InterGlobal Trading,NA                            ,SP_000016,NOR,Commercial & Industrial,7667.52,5924.2232,56,0,AUD,,INV_000467,LINE_000009,20120209,ORD_000524,20120209,49:58.7
20120514,2012,11,2012,5,14,101,CUST_000198,310,ITEM_000007,LMP                           ,LMP01008                      ,LMP01                         ,5,Trade          ,S                             ,SYLV                                    ,NET_SALES                     ,Discontinuing,Traditional,T0 ,J,J,BPS,BrightPower Solutions,NA                            ,SP_000005,NOR,Commercial & Industrial,18.9,12.7284,6,0,AUD,,INV_000527,LINE_000001,20120514,ORD_000525,20120514,49:58.7
20120604,2012,12,2012,6,4,101,CUST_000034,200,ITEM_000007,LMP                           ,LMP01008                      ,LMP01                         ,5,Trade          ,S                             ,SYLV                                    ,NET_SALES                     ,Discontinuing,Traditional,N0 ,J,J,MED,Metro Electrical Distributors,NA                            ,SP_000010,NOR,Commercial & Industrial,40.2,25.4568,12,0,AUD,,INV_000071,LINE_000001,20120604,ORD_000068,20120604,49:58.7
20120220,2012,8,2012,2,20,101,CUST_000034,200,ITEM_000007,LMP                           ,LMP01008                      ,LMP01                         ,5,Trade          ,S                             ,SYLV                                    ,NET_SALES                     ,Discontinuing,Traditional,N0 ,J,J,MED,Metro Electrical Distributors,NA                            ,SP_000010,NOR,Commercial & Industrial,38.28,25.4568,12,0,AUD,,INV_000074,LINE_000001,20120220,ORD_000071,20120220,49:58.7
20120120,2012,7,2012,1,20,101,CUST_000083,200,ITEM_000007,LMP                           ,LMP01008                      ,LMP01                         ,5,Trade          ,S                             ,SYLV                                    ,NET_SALES                     ,Discontinuing,Traditional,N0 ,J,J,MED,Metro Electrical Distributors,NA                            ,SP_000010,NOR,Commercial & Industrial,19.14,12.7284,6,0,AUD,,INV_000528,LINE_000001,20120120,ORD_000526,20120120,49:58.7
20120403,2012,10,2012,4,3,101,CUST_000034,200,ITEM_000007,LMP                           ,LMP01008                      ,LMP01                         ,5,Trade          ,S                             ,SYLV                                    ,NET_SALES                     ,Discontinuing,Traditional,N0 ,J,J,MED,Metro Electrical Distributors,NA                            ,SP_000010,NOR,Commercial & Industrial,40.2,25.4568,12,0,AUD,,INV_000529,LINE_000001,20120403,ORD_000527,20120403,49:58.7
20120201,2012,8,2012,2,1,101,CUST_000067,210,ITEM_000008,LMP                           ,LMP01008                      ,LMP01                         ,5,Trade          ,S                             ,SYLV                                    ,NET_SALES                     ,Discontinuing,Traditional,N0 ,J,J,MED,Metro Electrical Distributors,NA                            ,SP_000012,EDI,Commercial & Industrial,57.42,38.1852,18,0,AUD,,INV_000530,LINE_000001,20120201,ORD_000528,20120201,49:58.7
20120207,2012,8,2012,2,7,101,CUST_000131,200,ITEM_000008,LMP                           ,LMP01008                      ,LMP01                         ,5,Trade          ,S                             ,SYLV                                    ,NET_SALES                     ,Discontinuing,Traditional,N0 ,J,J,ZZZ       ,General Suppliers Pty,NA                            ,SP_000026,NOR,Commercial & Industrial,19.14,12.7284,6,0,AUD,,INV_000318,LINE_000001,20120207,ORD_000320,20120206,49:58.7
20120314,2012,9,2012,3,14,101,CUST_000131,200,ITEM_000008,LMP                           ,LMP01008                      ,LMP01                         ,5,Trade          ,S                             ,SYLV                                    ,NET_SALES                     ,Discontinuing,Traditional,N0 ,J,J,ZZZ       ,General Suppliers Pty,NA                            ,SP_000026,NOR,Commercial & Industrial,60.3,38.1852,18,0,AUD,,INV_000531,LINE_000001,20120314,ORD_000529,20120314,49:58.7
20120227,2012,8,2012,2,27,101,CUST_000051,300,ITEM_000008,LMP                           ,LMP01008                      ,LMP01                         ,5,Trade          ,S                             ,SYLV                                    ,NET_SALES                     ,Discontinuing,Traditional,V0 ,J,J,MED,Metro Electrical Distributors,NA                            ,SP_000008,EDI,Commercial & Industrial,38.28,25.4568,12,0,AUD,,INV_000532,LINE_000001,20120227,ORD_000530,20120227,49:58.7
20120619,2012,12,2012,6,19,101,CUST_000051,300,ITEM_000008,LMP                           ,LMP01008                      ,LMP01                         ,5,Trade          ,S                             ,SYLV                                    ,NET_SALES                     ,Discontinuing,Traditional,V0 ,J,J,MED,Metro Electrical Distributors,NA                            ,SP_000008,EDI,Commercial & Industrial,40.2,25.4568,12,0,AUD,,INV_000533,LINE_000001,20120619,ORD_000531,20120619,49:58.7
20120625,2012,12,2012,6,25,101,CUST_000098,300,ITEM_000008,LMP                           ,LMP01008                      ,LMP01                         ,5,Trade          ,S                             ,SYLV                                    ,NET_SALES                     ,Discontinuing,Traditional,V0 ,J,J,BPS,BrightPower Solutions,NA                            ,SP_000002,NOR,Commercial & Industrial,40.2,25.4568,12,0,AUD,,INV_000534,LINE_000001,20120625,ORD_000532,20120625,49:58.7
20120522,2012,11,2012,5,22,101,CUST_000120,300,ITEM_000008,LMP                           ,LMP01008                      ,LMP01                         ,5,Trade          ,S                             ,SYLV                                    ,NET_SALES                     ,Discontinuing,Traditional,V0 ,J,J,BPS,BrightPower Solutions,NA                            ,SP_000002,NOR,Commercial & Industrial,40.2,25.4568,12,0,AUD,,INV_000268,LINE_000001,20120522,ORD_000267,20120522,49:58.7
20120613,2012,12,2012,6,13,101,CUST_000119,300,ITEM_000008,LMP                           ,LMP01008                      ,LMP01                         ,5,Trade          ,S                             ,SYLV                                    ,NET_SALES                     ,Discontinuing,Traditional,V0 ,J,J,BPS,BrightPower Solutions,NA                            ,SP_000008,NOR,Commercial & Industrial,20.1,12.7284,6,0,AUD,,INV_000535,LINE_000001,20120613,ORD_000533,20120612,49:58.7
20120402,2012,10,2012,4,2,100,CUST_000046,720,ITEM_000031,SUR                           ,SUR08001                      ,SUR08                         ,7,Trade          ,P                             ,96,REBATE_EXEMPT_EOL             ,Discontinuing,Traditional,KN0,J,J,INTERCO   ,InterGlobal Trading,NA                            ,SP_000016,NOR,Commercial & Industrial,1516.0,1364.93,100,0,AUD,,INV_000536,LINE_000005,20120402,ORD_000534,20120402,49:58.7
20120403,2012,10,2012,4,3,101,CUST_000191,310,ITEM_000003,LMP                           ,LMP01008                      ,LMP01                         ,5,Trade          ,S                             ,SYLV                                    ,NET_SALES                     ,Discontinuing,Traditional,T0 ,J,J,MED,Metro Electrical Distributors,NA                            ,SP_000005,NOR,Commercial & Industrial,60.3,38.1852,18,0,AUD,,INV_000506,LINE_000001,20120403,ORD_000502,20120402,49:58.7
20120501,2012,11,2012,5,1,101,CUST_000097,200,ITEM_000010,LMP                           ,LMP01008                      ,LMP01                         ,5,Trade          ,S                             ,SYLV                                    ,NET_SALES                     ,Discontinuing,Traditional,N0 ,J,J,UES,Unified Electrical Suppliers,NA                            ,SP_000028,PRO,Commercial & Industrial,115.2,76.3704,36,0,AUD,,INV_000256,LINE_000001,20120501,ORD_000255,20120501,49:58.7
20120309,2012,9,2012,3,9,101,CUST_000087,400,ITEM_000002,LMP                           ,LMP01008                      ,LMP01                         ,5,Trade          ,S                             ,SYLV                                    ,NET_SALES                     ,Discontinuing,Traditional,Q0 ,J,J,MED,Metro Electrical Distributors,NA                            ,SP_000025,EDI,Commercial & Industrial,402.0,254.568,120,0,AUD,,INV_000537,LINE_000001,20120309,ORD_000535,20120309,49:58.7
20120104,2012,7,2012,1,4,101,CUST_000199,500,ITEM_000011,OTH                           ,999,14001,5,Trade          ,S                             ,NA                                      ,NET_SALES                     ,Discontinuing,Traditional,S0 ,J,J,GEW,Global Electric Wholesalers,NA                            ,SP_000003,EDI,Commercial & Industrial,19.14,12.7284,6,0,AUD,,INV_000538,LINE_000001,20120104,ORD_000536,20120104,49:58.7
20120206,2012,8,2012,2,6,100,CUST_000046,720,ITEM_000032,OTH                           ,999,14001,1,Professional   ,P                             ,NA                                      ,NET_SALES                     ,Continuing,Accessories,KN0,J,J,INTERCO   ,InterGlobal Trading,NA                            ,SP_000016,NOR,Commercial & Industrial,105.49,80.0726,1,0,AUD,,INV_000539,LINE_000005,20120206,ORD_000537,20120206,49:58.7
20120601,2012,12,2012,6,1,101,CUST_000078,300,ITEM_000014,OTH                           ,999,14001,5,Trade          ,S                             ,NA                                      ,NET_SALES                     ,Discontinuing,Traditional,V0 ,J,J,BPS,BrightPower Solutions,NA                            ,SP_000008,NOR,Commercial & Industrial,20.1,12.7284,6,0,AUD,,INV_000540,LINE_000001,20120601,ORD_000538,20120601,49:58.7
20120228,2012,8,2012,2,28,101,CUST_000200,400,ITEM_000019,DLT                           ,DLT01002                      ,DLT01                         ,7,Trade          ,P                             ,PIER                                    ,NET_SALES                     ,Discontinuing,Traditional,N0 ,J,J,NES,NextGen Electrical Solutions,NA                            ,SP_000041,NOR,Commercial & Industrial,183.49,79.32,6,0,AUD,,INV_000541,LINE_000002,20120228,ORD_000539,20120228,49:58.7
20120523,2012,11,2012,5,23,101,CUST_000200,400,ITEM_000019,DLT                           ,DLT01002                      ,DLT01                         ,7,Trade          ,P                             ,PIER                                    ,NET_SALES                     ,Discontinuing,Traditional,Q0 ,J,J,NES,NextGen Electrical Solutions,NA                            ,SP_000041,CRR,Commercial & Industrial,-30.58,-13.22,-1,0,AUD,,INV_000542,LINE_000001,20120523,ORD_000540,20120523,49:58.7
20120228,2012,8,2012,2,28,101,CUST_000200,400,ITEM_000019,DLT                           ,DLT01002                      ,DLT01                         ,7,Trade          ,P                             ,PIER                                    ,NET_SALES                     ,Discontinuing,Traditional,Q0 ,J,J,NES,NextGen Electrical Solutions,NA                            ,SP_000041,NOR,Commercial & Industrial,183.49,79.32,6,0,AUD,,INV_000543,LINE_000001,20120228,ORD_000539,20120228,49:58.7
20120412,2012,10,2012,4,12,101,CUST_000078,300,ITEM_000014,OTH                           ,999,14001,5,Trade          ,S                             ,NA                                      ,NET_SALES                     ,Discontinuing,Traditional,V0 ,J,J,BPS,BrightPower Solutions,NA                            ,SP_000008,NOR,Commercial & Industrial,40.2,25.4568,12,0,AUD,,INV_000168,LINE_000001,20120412,ORD_000167,20120412,49:58.7
20120320,2012,9,2012,3,20,101,CUST_000142,600,ITEM_000006,LMP                           ,LMP01008                      ,LMP01                         ,5,Trade          ,S                             ,SYLV                                    ,NET_SALES                     ,Discontinuing,Traditional,W0 ,J,J,PTD,PowerTools Direct,FAX                           ,SP_000024,NOR,Commercial & Industrial,20.1,12.7284,6,0,AUD,,INV_000544,LINE_000001,20120320,ORD_000541,20120320,49:58.7
20120606,2012,12,2012,6,6,101,CUST_000142,600,ITEM_000006,LMP                           ,LMP01008                      ,LMP01                         ,5,Trade          ,S                             ,SYLV                                    ,NET_SALES                     ,Discontinuing,Traditional,W0 ,J,J,PTD,PowerTools Direct,FAX                           ,SP_000024,NOR,Commercial & Industrial,20.1,12.7284,6,0,AUD,,INV_000545,LINE_000001,20120606,ORD_000542,20120606,49:58.7
20120313,2012,9,2012,3,13,101,CUST_000141,600,ITEM_000006,LMP                           ,LMP01008                      ,LMP01                         ,5,Trade          ,S                             ,SYLV                                    ,NET_SALES                     ,Discontinuing,Traditional,W0 ,J,J,NES,NextGen Electrical Solutions,FAX                           ,SP_000032,NOR,Commercial & Industrial,201.0,127.284,60,0,AUD,,INV_000370,LINE_000001,20120313,ORD_000370,20120313,49:58.7
20120611,2012,12,2012,6,11,101,CUST_000141,600,ITEM_000006,LMP                           ,LMP01008                      ,LMP01                         ,5,Trade          ,S                             ,SYLV                                    ,NET_SALES                     ,Discontinuing,Traditional,W0 ,J,J,NES,NextGen Electrical Solutions,FAX                           ,SP_000032,NOR,Commercial & Industrial,201.0,127.284,60,0,AUD,,INV_000546,LINE_000001,20120611,ORD_000543,20120611,49:58.7
20120316,2012,9,2012,3,16,101,CUST_000201,600,ITEM_000006,LMP                           ,LMP01008                      ,LMP01                         ,5,Trade          ,S                             ,SYLV                                    ,NET_SALES                     ,Discontinuing,Traditional,W0 ,J,J,UES,Unified Electrical Suppliers,FAX                           ,SP_000024,NOR,Commercial & Industrial,40.2,25.4568,12,0,AUD,,INV_000547,LINE_000001,20120316,ORD_000544,20120316,49:58.7
20120402,2012,10,2012,4,2,101,CUST_000202,510,ITEM_000006,LMP                           ,LMP01008                      ,LMP01                         ,5,Trade          ,S                             ,SYLV                                    ,NET_SALES                     ,Discontinuing,Traditional,W0 ,J,J,PTD,PowerTools Direct,FAX                           ,SP_000029,NOR,Commercial & Industrial,160.8,101.8272,48,0,AUD,,INV_000548,LINE_000001,20120402,ORD_000545,20120402,49:58.7
20120320,2012,9,2012,3,20,101,CUST_000203,600,ITEM_000006,LMP                           ,LMP01008                      ,LMP01                         ,5,Trade          ,S                             ,SYLV                                    ,NET_SALES                     ,Discontinuing,Traditional,W0 ,J,J,MED,Metro Electrical Distributors,FAX                           ,SP_000031,NOR,Commercial & Industrial,160.8,101.8272,48,0,AUD,,INV_000549,LINE_000001,20120320,ORD_000546,20120320,49:58.7
20120202,2012,8,2012,2,2,101,CUST_000166,300,ITEM_000008,LMP                           ,LMP01008                      ,LMP01                         ,5,Trade          ,S                             ,SYLV                                    ,NET_SALES                     ,Discontinuing,Traditional,V0 ,J,J,MED,Metro Electrical Distributors,NA                            ,SP_000005,EDI,Commercial & Industrial,650.76,432.7656,204,0,AUD,,INV_000550,LINE_000001,20120202,ORD_000547,20120201,49:58.7
20120321,2012,9,2012,3,21,101,CUST_000166,300,ITEM_000008,LMP                           ,LMP01008                      ,LMP01                         ,5,Trade          ,S                             ,SYLV                                    ,NET_SALES                     ,Discontinuing,Traditional,V0 ,J,J,MED,Metro Electrical Distributors,NA                            ,SP_000005,EDI,Commercial & Industrial,100.5,63.642,30,0,AUD,,INV_000551,LINE_000001,20120321,ORD_000548,20120321,49:58.7
20120217,2012,8,2012,2,17,101,CUST_000158,310,ITEM_000008,LMP                           ,LMP01008                      ,LMP01                         ,5,Trade          ,S                             ,SYLV                                    ,NET_SALES                     ,Discontinuing,Traditional,T0 ,J,J,MED,Metro Electrical Distributors,NA                            ,SP_000005,NOR,Commercial & Industrial,38.28,25.4568,12,0,AUD,,INV_000552,LINE_000001,20120217,ORD_000549,20120217,49:58.7
20120416,2012,10,2012,4,16,101,CUST_000158,310,ITEM_000008,LMP                           ,LMP01008                      ,LMP01                         ,5,Trade          ,S                             ,SYLV                                    ,NET_SALES                     ,Discontinuing,Traditional,T0 ,J,J,MED,Metro Electrical Distributors,NA                            ,SP_000005,NOR,Commercial & Industrial,80.4,50.9136,24,0,AUD,,INV_000553,LINE_000001,20120416,ORD_000550,20120416,49:58.7
20120302,2012,9,2012,3,2,101,CUST_000121,300,ITEM_000008,LMP                           ,LMP01008                      ,LMP01                         ,5,Trade          ,S                             ,SYLV                                    ,NET_SALES                     ,Discontinuing,Traditional,V0 ,J,J,AEG,Aussie Energy Group,NA                            ,SP_000008,NOR,Commercial & Industrial,159.5,106.07,50,0,AUD,,INV_000554,LINE_000001,20120302,ORD_000551,20120302,49:58.7
20120125,2012,7,2012,1,25,101,CUST_000204,310,ITEM_000002,LMP                           ,LMP01008                      ,LMP01                         ,5,Trade          ,S                             ,SYLV                                    ,NET_SALES                     ,Discontinuing,Traditional,T0 ,J,J,MED,Metro Electrical Distributors,NA                            ,SP_000005,NOR,Commercial & Industrial,306.24,203.6544,96,0,AUD,,INV_000555,LINE_000001,20120125,ORD_000552,20120118,49:58.7
20120131,2012,7,2012,1,31,101,CUST_000204,310,ITEM_000002,LMP                           ,LMP01008                      ,LMP01                         ,5,Trade          ,S                             ,SYLV                                    ,NET_SALES                     ,Discontinuing,Traditional,T0 ,J,J,MED,Metro Electrical Distributors,NA                            ,SP_000005,NOR,Commercial & Industrial,12.76,8.4856,4,0,AUD,,INV_000556,LINE_000002,20120131,ORD_000552,20120118,49:58.7
20120118,2012,7,2012,1,18,101,CUST_000205,400,ITEM_000003,LMP                           ,LMP01008                      ,LMP01                         ,5,Trade          ,S                             ,SYLV                                    ,NET_SALES                     ,Discontinuing,Traditional,Q0 ,J,J,ELC,ElectraCorp Ltd,NA                            ,SP_000019,NOR,Commercial & Industrial,19.14,12.7284,6,0,AUD,,INV_000557,LINE_000002,20120118,ORD_000553,20120105,49:58.7
20120504,2012,11,2012,5,4,101,CUST_000206,300,ITEM_000002,LMP                           ,LMP01008                      ,LMP01                         ,5,Trade          ,S                             ,SYLV                                    ,NET_SALES                     ,Discontinuing,Traditional,V0 ,J,J,MED,Metro Electrical Distributors,NA                            ,SP_000004,EDI,Commercial & Industrial,40.2,25.4568,12,0,AUD,,INV_000558,LINE_000001,20120504,ORD_000554,20120503,49:58.7
20120523,2012,11,2012,5,23,101,CUST_000003,500,ITEM_000002,LMP                           ,LMP01008                      ,LMP01                         ,5,Trade          ,S                             ,SYLV                                    ,NET_SALES                     ,Discontinuing,Traditional,S0 ,J,J,GEW,Global Electric Wholesalers,NA                            ,SP_000003,EDI,Commercial & Industrial,20.1,12.7284,6,0,AUD,,INV_000559,LINE_000001,20120523,ORD_000555,20120523,49:58.7
20120222,2012,8,2012,2,22,101,CUST_000003,500,ITEM_000002,LMP                           ,LMP01008                      ,LMP01                         ,5,Trade          ,S                             ,SYLV                                    ,NET_SALES                     ,Discontinuing,Traditional,S0 ,J,J,GEW,Global Electric Wholesalers,NA                            ,SP_000003,EDI,Commercial & Industrial,19.14,12.7284,6,0,AUD,,INV_000560,LINE_000001,20120222,ORD_000556,20120222,49:58.7
20120206,2012,8,2012,2,6,100,CUST_000046,720,ITEM_000032,OTH                           ,999,14001,1,Professional   ,P                             ,NA                                      ,NET_SALES                     ,Continuing,Accessories,KN0,J,J,INTERCO   ,InterGlobal Trading,NA                            ,SP_000016,NOR,Commercial & Industrial,105.49,80.0726,1,0,AUD,,INV_000539,LINE_000013,20120206,ORD_000557,20120206,49:58.7
20120119,2012,7,2012,1,19,100,CUST_000046,720,ITEM_000017,SUR                           ,SUR08001                      ,SUR08                         ,7,Trade          ,P                             ,96,REBATE_EXEMPT_EOL             ,Discontinuing,Traditional,KN0,J,J,INTERCO   ,InterGlobal Trading,NA                            ,SP_000016,NOR,Commercial & Industrial,3880.75,3492.7825,215,0,AUD,,INV_000561,LINE_000008,20120119,ORD_000558,20120119,49:58.7
20120619,2012,12,2012,6,19,100,CUST_000046,720,ITEM_000017,SUR                           ,SUR08001                      ,SUR08                         ,7,Trade          ,P                             ,96,REBATE_EXEMPT_EOL             ,Discontinuing,Traditional,KN0,J,J,INTERCO   ,InterGlobal Trading,NA                            ,SP_000016,NOR,Commercial & Industrial,-541.5,-503.469,-30,0,AUD,,INV_000562,LINE_000008,20120619,ORD_000559,20120619,49:58.7
20120123,2012,7,2012,1,23,100,CUST_000046,720,ITEM_000017,SUR                           ,SUR08001                      ,SUR08                         ,7,Trade          ,P                             ,96,REBATE_EXEMPT_EOL             ,Discontinuing,Traditional,KN0,J,J,INTERCO   ,InterGlobal Trading,NA                            ,SP_000016,NOR,Commercial & Industrial,10559.25,9503.6175,585,0,AUD,,INV_000523,LINE_000004,20120123,ORD_000558,20120123,49:58.7
20120620,2012,12,2012,6,20,101,CUST_000185,400,ITEM_000011,OTH                           ,999,14001,5,Trade          ,S                             ,NA                                      ,NET_SALES                     ,Discontinuing,Traditional,Q0 ,J,J,ELC,ElectraCorp Ltd,NA                            ,SP_000019,EDI,Commercial & Industrial,167.5,106.07,50,0,AUD,,INV_000563,LINE_000001,20120620,ORD_000560,20120619,49:58.7
20120509,2012,11,2012,5,9,101,CUST_000185,400,ITEM_000011,OTH                           ,999,14001,5,Trade          ,S                             ,NA                                      ,NET_SALES                     ,Discontinuing,Traditional,Q0 ,J,J,ELC,ElectraCorp Ltd,NA                            ,SP_000019,NOR,Commercial & Industrial,402.0,254.568,120,0,AUD,,INV_000564,LINE_000001,20120509,ORD_000561,20120508,49:58.7
20120405,2012,10,2012,4,5,101,CUST_000048,300,ITEM_000005,LMP                           ,LMP01008                      ,LMP01                         ,5,Trade          ,S                             ,SYLV                                    ,NET_SALES                     ,Discontinuing,Traditional,V0 ,J,J,BPS,BrightPower Solutions,NA                            ,SP_000002,NOR,Commercial & Industrial,40.2,25.4568,12,0,AUD,,INV_000103,LINE_000001,20120405,ORD_000101,20120405,49:58.7
20120120,2012,7,2012,1,20,101,CUST_000114,300,ITEM_000005,LMP                           ,LMP01008                      ,LMP01                         ,5,Trade          ,S                             ,SYLV                                    ,NET_SALES                     ,Discontinuing,Traditional,V0 ,J,J,BPS,BrightPower Solutions,NA                            ,SP_000002,NOR,Commercial & Industrial,19.14,12.7284,6,0,AUD,,INV_000565,LINE_000003,20120120,ORD_000562,20111215,49:58.7
20120207,2012,8,2012,2,7,101,CUST_000207,200,ITEM_000005,LMP                           ,LMP01008                      ,LMP01                         ,5,Trade          ,S                             ,SYLV                                    ,NET_SALES                     ,Discontinuing,Traditional,N0 ,J,J,AEG,Aussie Energy Group,NA                            ,SP_000009,NOR,Commercial & Industrial,63.8,42.428,20,0,AUD,,INV_000566,LINE_000001,20120207,ORD_000563,20120207,49:58.7
20120207,2012,8,2012,2,7,101,CUST_000207,200,ITEM_000005,LMP                           ,LMP01008                      ,LMP01                         ,5,Trade          ,S                             ,SYLV                                    ,NET_SALES                     ,Discontinuing,Traditional,N0 ,J,J,AEG,Aussie Energy Group,NA                            ,SP_000009,NOR,Commercial & Industrial,63.8,42.428,20,0,AUD,,INV_000566,LINE_000001,20120207,ORD_000563,20120207,49:58.7
20120305,2012,9,2012,3,5,101,CUST_000148,300,ITEM_000005,LMP                           ,LMP01008                      ,LMP01                         ,5,Trade          ,S                             ,SYLV                                    ,NET_SALES                     ,Discontinuing,Traditional,V0 ,J,J,MED,Metro Electrical Distributors,NA                            ,SP_000033,EDI,Commercial & Industrial,20.1,12.7284,6,0,AUD,,INV_000567,LINE_000001,20120305,ORD_000564,20120305,49:58.7
20120209,2012,8,2012,2,9,101,CUST_000174,300,ITEM_000008,LMP                           ,LMP01008                      ,LMP01                         ,5,Trade          ,S                             ,SYLV                                    ,NET_SALES                     ,Discontinuing,Traditional,V0 ,J,J,AEG,Aussie Energy Group,NA                            ,SP_000008,NOR,Commercial & Industrial,57.42,38.1852,18,0,AUD,,INV_000568,LINE_000001,20120209,ORD_000565,20120208,49:58.7
20120315,2012,9,2012,3,15,101,CUST_000208,210,ITEM_000008,LMP                           ,LMP01008                      ,LMP01                         ,5,Trade          ,S                             ,SYLV                                    ,NET_SALES                     ,Discontinuing,Traditional,N0 ,J,J,MED,Metro Electrical Distributors,NA                            ,SP_000012,NOR,Commercial & Industrial,19.14,12.7284,6,0,AUD,,INV_000569,LINE_000001,20120315,ORD_000566,20120315,49:58.7
20120622,2012,12,2012,6,22,101,CUST_000121,300,ITEM_000008,LMP                           ,LMP01008                      ,LMP01                         ,5,Trade          ,S                             ,SYLV                                    ,NET_SALES                     ,Discontinuing,Traditional,V0 ,J,J,AEG,Aussie Energy Group,NA                            ,SP_000008,NOR,Commercial & Industrial,60.3,38.1852,18,0,AUD,,INV_000459,LINE_000001,20120622,ORD_000455,20120621,49:58.7
20120213,2012,8,2012,2,13,101,CUST_000121,300,ITEM_000008,LMP                           ,LMP01008                      ,LMP01                         ,5,Trade          ,S                             ,SYLV                                    ,NET_SALES                     ,Discontinuing,Traditional,V0 ,J,J,AEG,Aussie Energy Group,NA                            ,SP_000008,NOR,Commercial & Industrial,38.28,25.4568,12,0,AUD,,INV_000570,LINE_000001,20120213,ORD_000567,20120213,49:58.7
20120312,2012,9,2012,3,12,101,CUST_000032,200,ITEM_000008,LMP                           ,LMP01008                      ,LMP01                         ,5,Trade          ,S                             ,SYLV                                    ,NET_SALES                     ,Discontinuing,Traditional,N0 ,J,J,MED,Metro Electrical Distributors,NA                            ,SP_000010,NOR,Commercial & Industrial,74.16,50.9136,24,0,AUD,,INV_000066,LINE_000001,20120312,ORD_000063,20120312,49:58.7
20120514,2012,11,2012,5,14,101,CUST_000033,200,ITEM_000008,LMP                           ,LMP01008                      ,LMP01                         ,5,Trade          ,S                             ,SYLV                                    ,NET_SALES                     ,Discontinuing,Traditional,N0 ,J,J,MED,Metro Electrical Distributors,NA                            ,SP_000010,EDI,Commercial & Industrial,20.1,12.7284,6,0,AUD,,INV_000571,LINE_000001,20120514,ORD_000568,20120512,49:58.7
20120514,2012,11,2012,5,14,101,CUST_000033,200,ITEM_000008,LMP                           ,LMP01008                      ,LMP01                         ,5,Trade          ,S                             ,SYLV                                    ,NET_SALES                     ,Discontinuing,Traditional,N0 ,J,J,MED,Metro Electrical Distributors,NA                            ,SP_000010,NOR,Commercial & Industrial,18.0,12.7284,6,0,AUD,,INV_000572,LINE_000001,20120514,ORD_000569,20120514,49:58.7
20120514,2012,11,2012,5,14,101,CUST_000209,310,ITEM_000008,LMP                           ,LMP01008                      ,LMP01                         ,5,Trade          ,S                             ,SYLV                                    ,NET_SALES                     ,Discontinuing,Traditional,T0 ,J,J,BPS,BrightPower Solutions,NA                            ,SP_000005,NOR,Commercial & Industrial,37.8,25.4568,12,0,AUD,,INV_000573,LINE_000001,20120514,ORD_000570,20120514,49:58.7
20120604,2012,12,2012,6,4,101,CUST_000067,210,ITEM_000002,LMP                           ,LMP01008                      ,LMP01                         ,5,Trade          ,S                             ,SYLV                                    ,NET_SALES                     ,Discontinuing,Traditional,N0 ,J,J,MED,Metro Electrical Distributors,NA                            ,SP_000012,EDI,Commercial & Industrial,80.4,50.9136,24,0,AUD,,INV_000141,LINE_000001,20120604,ORD_000140,20120604,49:58.7
20120626,2012,12,2012,6,26,101,CUST_000067,210,ITEM_000002,LMP                           ,LMP01008                      ,LMP01                         ,5,Trade          ,S                             ,SYLV                                    ,NET_SALES                     ,Discontinuing,Traditional,N0 ,J,J,MED,Metro Electrical Distributors,NA                            ,SP_000012,NOR,Commercial & Industrial,80.4,50.9136,24,0,AUD,,INV_000432,LINE_000001,20120626,ORD_000430,20120626,49:58.7
20120515,2012,11,2012,5,15,101,CUST_000080,300,ITEM_000003,LMP                           ,LMP01008                      ,LMP01                         ,5,Trade          ,S                             ,SYLV                                    ,NET_SALES                     ,Discontinuing,Traditional,V0 ,J,J,MED,Metro Electrical Distributors,NA                            ,SP_000008,EDI,Commercial & Industrial,20.1,12.7284,6,0,AUD,,INV_000503,LINE_000002,20120515,ORD_000499,20120515,49:58.7
20120504,2012,11,2012,5,4,101,CUST_000190,300,ITEM_000002,LMP                           ,LMP01008                      ,LMP01                         ,5,Trade          ,S                             ,SYLV                                    ,NET_SALES                     ,Discontinuing,Traditional,V0 ,J,J,BPS,BrightPower Solutions,NA                            ,SP_000002,NOR,Commercial & Industrial,18.9,12.7284,6,0,AUD,,INV_000504,LINE_000001,20120504,ORD_000500,20120503,49:58.7
20120510,2012,11,2012,5,10,101,CUST_000210,300,ITEM_000002,LMP                           ,LMP01008                      ,LMP01                         ,5,Trade          ,S                             ,SYLV                                    ,NET_SALES                     ,Discontinuing,Traditional,V0 ,J,J,BPS,BrightPower Solutions,NA                            ,SP_000002,NOR,Commercial & Industrial,261.45,176.0762,83,0,AUD,,INV_000574,LINE_000002,20120510,ORD_000571,20120508,49:58.7
20120308,2012,9,2012,3,8,101,CUST_000038,400,ITEM_000003,LMP                           ,LMP01008                      ,LMP01                         ,5,Trade          ,S                             ,SYLV                                    ,NET_SALES                     ,Discontinuing,Traditional,Q0 ,J,J,ELC,ElectraCorp Ltd,NA                            ,SP_000015,EDI,Commercial & Industrial,78.79,50.9136,24,0,AUD,,INV_000575,LINE_000001,20120308,ORD_000572,20120307,49:58.7
20120330,2012,9,2012,3,30,101,CUST_000106,500,ITEM_000014,OTH                           ,999,14001,5,Trade          ,S                             ,NA                                      ,NET_SALES                     ,Discontinuing,Traditional,S0 ,J,J,BPS,BrightPower Solutions,NA                            ,SP_000022,NOR,Commercial & Industrial,40.2,25.4568,12,0,AUD,,INV_000576,LINE_000001,20120330,ORD_000573,20120330,49:58.7
20120523,2012,11,2012,5,23,101,CUST_000013,300,ITEM_000014,OTH                           ,999,14001,5,Trade          ,S                             ,NA                                      ,NET_SALES                     ,Discontinuing,Traditional,V0 ,J,J,BPS,BrightPower Solutions,NA                            ,SP_000002,NOR,Commercial & Industrial,60.3,38.1852,18,0,AUD,,INV_000577,LINE_000002,20120523,ORD_000574,20120521,49:58.7
20120123,2012,7,2012,1,23,100,CUST_000046,720,ITEM_000017,SUR                           ,SUR08001                      ,SUR08                         ,7,Trade          ,P                             ,96,REBATE_EXEMPT_EOL             ,Discontinuing,Traditional,KN0,J,J,INTERCO   ,InterGlobal Trading,NA                            ,SP_000016,NOR,Commercial & Industrial,-361.0,-324.91,-20,0,AUD,,INV_000523,LINE_000008,20120123,ORD_000575,20120123,49:58.7
20120207,2012,8,2012,2,7,100,CUST_000046,720,ITEM_000017,SUR                           ,SUR08001                      ,SUR08                         ,7,Trade          ,P                             ,96,REBATE_EXEMPT_EOL             ,Discontinuing,Traditional,KN0,J,J,INTERCO   ,InterGlobal Trading,NA                            ,SP_000016,NOR,Commercial & Industrial,-1732.8,-1559.568,-96,0,AUD,,INV_000578,LINE_000008,20120207,ORD_000576,20120207,49:58.7
20120118,2012,7,2012,1,18,100,CUST_000046,720,ITEM_000017,SUR                           ,SUR08001                      ,SUR08                         ,7,Trade          ,P                             ,96,REBATE_EXEMPT_EOL             ,Discontinuing,Traditional,KN0,J,J,INTERCO   ,InterGlobal Trading,NA                            ,SP_000016,NOR,Commercial & Industrial,10559.25,9503.6175,585,0,AUD,,INV_000579,LINE_000004,20120118,ORD_000577,20120118,49:58.7
20120416,2012,10,2012,4,16,100,CUST_000046,720,ITEM_000017,SUR                           ,SUR08001                      ,SUR08                         ,7,Trade          ,P                             ,96,REBATE_EXEMPT_EOL             ,Discontinuing,Traditional,KN0,J,J,INTERCO   ,InterGlobal Trading,NA                            ,SP_000016,NOR,Commercial & Industrial,12635.0,11747.61,700,0,AUD,,INV_000526,LINE_000004,20120416,ORD_000578,20120416,49:58.7
20120417,2012,10,2012,4,17,101,CUST_000211,410,ITEM_000011,OTH                           ,999,14001,5,Trade          ,S                             ,NA                                      ,NET_SALES                     ,Discontinuing,Traditional,Q1 ,J,J,MED,Metro Electrical Distributors,NA                            ,SP_000001,EDI,Commercial & Industrial,40.2,25.4568,12,0,AUD,,INV_000580,LINE_000001,20120417,ORD_000579,20120417,49:58.7
20120224,2012,8,2012,2,24,101,CUST_000211,410,ITEM_000011,OTH                           ,999,14001,5,Trade          ,S                             ,NA                                      ,NET_SALES                     ,Discontinuing,Traditional,Q1 ,J,J,MED,Metro Electrical Distributors,NA                            ,SP_000001,EDI,Commercial & Industrial,76.56,50.9136,24,0,AUD,,INV_000581,LINE_000001,20120224,ORD_000580,20120224,49:58.7
20120202,2012,8,2012,2,2,101,CUST_000178,210,ITEM_000005,LMP                           ,LMP01008                      ,LMP01                         ,5,Trade          ,S                             ,SYLV                                    ,NET_SALES                     ,Discontinuing,Traditional,N0 ,J,J,MED,Metro Electrical Distributors,NA                            ,SP_000012,EDI,Commercial & Industrial,19.14,12.7284,6,0,AUD,,INV_000473,LINE_000001,20120202,ORD_000469,20120202,49:58.7
20120625,2012,12,2012,6,25,101,CUST_000051,300,ITEM_000006,LMP                           ,LMP01008                      ,LMP01                         ,5,Trade          ,S                             ,SYLV                                    ,NET_SALES                     ,Discontinuing,Traditional,V0 ,J,J,MED,Metro Electrical Distributors,NA                            ,SP_000008,EDI,Commercial & Industrial,100.5,63.642,30,0,AUD,,INV_000582,LINE_000001,20120625,ORD_000581,20120622,49:58.7
20120228,2012,8,2012,2,28,101,CUST_000051,300,ITEM_000006,LMP                           ,LMP01008                      ,LMP01                         ,5,Trade          ,S                             ,SYLV                                    ,NET_SALES                     ,Discontinuing,Traditional,V0 ,J,J,MED,Metro Electrical Distributors,NA                            ,SP_000008,EDI,Commercial & Industrial,38.28,25.4568,12,0,AUD,,INV_000583,LINE_000001,20120228,ORD_000582,20120228,49:58.7
20120614,2012,12,2012,6,14,101,CUST_000052,300,ITEM_000006,LMP                           ,LMP01008                      ,LMP01                         ,5,Trade          ,S                             ,SYLV                                    ,NET_SALES                     ,Discontinuing,Traditional,V0 ,J,J,BPS,BrightPower Solutions,NA                            ,SP_000005,NOR,Commercial & Industrial,60.3,38.1852,18,0,AUD,,INV_000584,LINE_000001,20120614,ORD_000583,20120614,49:58.7
20120625,2012,12,2012,6,25,101,CUST_000154,400,ITEM_000006,LMP                           ,LMP01008                      ,LMP01                         ,5,Trade          ,S                             ,SYLV                                    ,NET_SALES                     ,Discontinuing,Traditional,Q0 ,J,J,MED,Metro Electrical Distributors,NA                            ,SP_000020,CRR,Commercial & Industrial,-19.68,-11.58,-6,0,AUD,,INV_000585,LINE_000001,20120625,ORD_000584,20120622,49:58.7
20120201,2012,8,2012,2,1,101,CUST_000067,210,ITEM_000005,LMP                           ,LMP01008                      ,LMP01                         ,5,Trade          ,S                             ,SYLV                                    ,NET_SALES                     ,Discontinuing,Traditional,N0 ,J,J,MED,Metro Electrical Distributors,NA                            ,SP_000012,EDI,Commercial & Industrial,76.56,50.9136,24,0,AUD,,INV_000530,LINE_000001,20120201,ORD_000528,20120201,49:58.7
20120627,2012,12,2012,6,27,101,CUST_000066,300,ITEM_000008,LMP                           ,LMP01008                      ,LMP01                         ,5,Trade          ,S                             ,SYLV                                    ,NET_SALES                     ,Discontinuing,Traditional,V0 ,J,J,ELC,ElectraCorp Ltd,NA                            ,SP_000004,EDI,Commercial & Industrial,40.2,25.4568,12,0,AUD,,INV_000586,LINE_000001,20120627,ORD_000585,20120626,49:58.7
20120104,2012,7,2012,1,4,101,CUST_000199,500,ITEM_000008,LMP                           ,LMP01008                      ,LMP01                         ,5,Trade          ,S                             ,SYLV                                    ,NET_SALES                     ,Discontinuing,Traditional,S0 ,J,J,GEW,Global Electric Wholesalers,NA                            ,SP_000003,EDI,Commercial & Industrial,19.14,12.7284,6,0,AUD,,INV_000538,LINE_000001,20120104,ORD_000536,20120104,49:58.7
20120522,2012,11,2012,5,22,101,CUST_000128,200,ITEM_000013,OTH                           ,999,14001,5,Trade          ,S                             ,NA                                      ,NET_SALES                     ,Discontinuing,Traditional,N0 ,J,J,MED,Metro Electrical Distributors,NA                            ,SP_000012,EDI,Commercial & Industrial,16.36,5.8667,1,0,AUD,,INV_000587,LINE_000001,20120522,ORD_000586,20120522,49:58.7
20120514,2012,11,2012,5,14,101,CUST_000212,300,ITEM_000008,LMP                           ,LMP01008                      ,LMP01                         ,5,Trade          ,S                             ,SYLV                                    ,NET_SALES                     ,Discontinuing,Traditional,V0 ,J,J,MED,Metro Electrical Distributors,NA                            ,SP_000004,CRR,Commercial & Industrial,-44.83,-1.93,-1,0,AUD,,INV_000588,LINE_000001,20120514,ORD_000587,20120514,49:58.7
20120601,2012,12,2012,6,1,101,CUST_000078,300,ITEM_000008,LMP                           ,LMP01008                      ,LMP01                         ,5,Trade          ,S                             ,SYLV                                    ,NET_SALES                     ,Discontinuing,Traditional,V0 ,J,J,BPS,BrightPower Solutions,NA                            ,SP_000008,NOR,Commercial & Industrial,20.1,12.7284,6,0,AUD,,INV_000589,LINE_000001,20120601,ORD_000588,20120601,49:58.7
20120314,2012,9,2012,3,14,101,CUST_000137,200,ITEM_000008,LMP                           ,LMP01008                      ,LMP01                         ,5,Trade          ,S                             ,SYLV                                    ,NET_SALES                     ,Discontinuing,Traditional,N0 ,J,J,UES,Unified Electrical Suppliers,NA                            ,SP_000010,NOR,Commercial & Industrial,100.5,63.642,30,0,AUD,,INV_000590,LINE_000001,20120314,ORD_000589,20120314,49:58.7
20120117,2012,7,2012,1,17,101,CUST_000132,200,ITEM_000008,LMP                           ,LMP01008                      ,LMP01                         ,5,Trade          ,S                             ,SYLV                                    ,NET_SALES                     ,Discontinuing,Traditional,N0 ,J,J,MED,Metro Electrical Distributors,NA                            ,SP_000010,EDI,Commercial & Industrial,76.56,50.9136,24,0,AUD,,INV_000591,LINE_000001,20120117,ORD_000590,20120117,49:58.7
20120210,2012,8,2012,2,10,101,CUST_000120,300,ITEM_000008,LMP                           ,LMP01008                      ,LMP01                         ,5,Trade          ,S                             ,SYLV                                    ,NET_SALES                     ,Discontinuing,Traditional,V0 ,J,J,BPS,BrightPower Solutions,NA                            ,SP_000002,NOR,Commercial & Industrial,38.28,25.4568,12,0,AUD,,INV_000592,LINE_000001,20120210,ORD_000591,20120210,49:58.7
20120315,2012,9,2012,3,15,101,CUST_000038,400,ITEM_000003,LMP                           ,LMP01008                      ,LMP01                         ,5,Trade          ,S                             ,SYLV                                    ,NET_SALES                     ,Discontinuing,Traditional,Q0 ,J,J,ELC,ElectraCorp Ltd,NA                            ,SP_000015,EDI,Commercial & Industrial,78.79,50.9136,24,0,AUD,,INV_000593,LINE_000001,20120315,ORD_000592,20120315,49:58.7
20120404,2012,10,2012,4,4,101,CUST_000038,400,ITEM_000003,LMP                           ,LMP01008                      ,LMP01                         ,5,Trade          ,S                             ,SYLV                                    ,NET_SALES                     ,Discontinuing,Traditional,Q0 ,J,J,ELC,ElectraCorp Ltd,NA                            ,SP_000015,EDI,Commercial & Industrial,321.6,203.6544,96,0,AUD,,INV_000594,LINE_000001,20120404,ORD_000593,20120403,49:58.7
20120605,2012,12,2012,6,5,101,CUST_000206,300,ITEM_000002,LMP                           ,LMP01008                      ,LMP01                         ,5,Trade          ,S                             ,SYLV                                    ,NET_SALES                     ,Discontinuing,Traditional,V0 ,J,J,MED,Metro Electrical Distributors,NA                            ,SP_000004,EDI,Commercial & Industrial,40.2,25.4568,12,0,AUD,,INV_000595,LINE_000001,20120605,ORD_000594,20120605,49:58.7
20120605,2012,12,2012,6,5,101,CUST_000206,300,ITEM_000010,LMP                           ,LMP01008                      ,LMP01                         ,5,Trade          ,S                             ,SYLV                                    ,NET_SALES                     ,Discontinuing,Traditional,V0 ,J,J,MED,Metro Electrical Distributors,NA                            ,SP_000004,EDI,Commercial & Industrial,40.2,25.4568,12,0,AUD,,INV_000596,LINE_000002,20120605,ORD_000594,20120605,49:58.7
20120424,2012,10,2012,4,24,101,CUST_000213,400,ITEM_000002,LMP                           ,LMP01008                      ,LMP01                         ,5,Trade          ,S                             ,SYLV                                    ,NET_SALES                     ,Discontinuing,Traditional,Q0 ,J,J,MED,Metro Electrical Distributors,NA                            ,SP_000019,EDI,Commercial & Industrial,40.2,25.4568,12,0,AUD,,INV_000597,LINE_000001,20120424,ORD_000595,20120423,49:58.7
20120516,2012,11,2012,5,16,101,CUST_000004,300,ITEM_000002,LMP                           ,LMP01008                      ,LMP01                         ,5,Trade          ,S                             ,SYLV                                    ,NET_SALES                     ,Discontinuing,Traditional,V0 ,J,J,BPS,BrightPower Solutions,NA                            ,SP_000004,NOR,Commercial & Industrial,18.9,12.7284,6,0,AUD,,INV_000598,LINE_000001,20120516,ORD_000596,20120515,49:58.7
20120605,2012,12,2012,6,5,101,CUST_000082,200,ITEM_000010,LMP                           ,LMP01008                      ,LMP01                         ,5,Trade          ,S                             ,SYLV                                    ,NET_SALES                     ,Discontinuing,Traditional,N0 ,J,J,MED,Metro Electrical Distributors,NA                            ,SP_000011,EDI,Commercial & Industrial,20.1,12.7284,6,0,AUD,,INV_000176,LINE_000001,20120605,ORD_000175,20120604,49:58.7
20120103,2012,7,2012,1,3,101,CUST_000214,400,ITEM_000002,LMP                           ,LMP01008                      ,LMP01                         ,5,Trade          ,S                             ,SYLV                                    ,NET_SALES                     ,Discontinuing,Traditional,Q0 ,J,J,ELC,ElectraCorp Ltd,NA                            ,SP_000006,NOR,Commercial & Industrial,12.76,8.4856,4,0,AUD,,INV_000599,LINE_000001,20120103,ORD_000597,20120103,49:58.7
20120622,2012,12,2012,6,22,101,CUST_000215,210,ITEM_000004,FLD                           ,FLD03002                      ,FLD03                         ,1,Professional   ,S                             ,SYLV                                    ,NET_SALES                     ,Discontinuing,Traditional,N0 ,J,J,MED,Metro Electrical Distributors,NA                            ,SP_000042,PRO,Commercial & Industrial,2018.04,1049.38,2,0,AUD,,INV_000600,LINE_000001,20120622,ORD_000598,20120606,49:58.7
20120216,2012,8,2012,2,16,101,CUST_000166,300,ITEM_000001,LMP                           ,LMP01008                      ,LMP01                         ,5,Trade          ,S                             ,SYLV                                    ,NET_SALES                     ,Discontinuing,Traditional,V0 ,J,J,MED,Metro Electrical Distributors,NA                            ,SP_000005,EDI,Commercial & Industrial,38.28,25.4568,12,0,AUD,,INV_000601,LINE_000001,20120216,ORD_000599,20120216,49:58.7
20120403,2012,10,2012,4,3,101,CUST_000167,500,ITEM_000001,LMP                           ,LMP01008                      ,LMP01                         ,5,Trade          ,S                             ,SYLV                                    ,NET_SALES                     ,Discontinuing,Traditional,S0 ,J,J,GEW,Global Electric Wholesalers,NA                            ,SP_000003,NOR,Commercial & Industrial,40.2,25.4568,12,0,AUD,,INV_000602,LINE_000001,20120403,ORD_000600,20120403,49:58.7
20120206,2012,8,2012,2,6,101,CUST_000167,500,ITEM_000001,LMP                           ,LMP01008                      ,LMP01                         ,5,Trade          ,S                             ,SYLV                                    ,NET_SALES                     ,Discontinuing,Traditional,S0 ,J,J,GEW,Global Electric Wholesalers,NA                            ,SP_000003,NOR,Commercial & Industrial,63.8,42.428,20,0,AUD,,INV_000603,LINE_000001,20120206,ORD_000601,20120206,49:58.7
20120306,2012,9,2012,3,6,100,CUST_000046,720,ITEM_000033,SUR                           ,SUR08001                      ,SUR08                         ,1,Professional   ,P                             ,PIER                                    ,NET_SALES                     ,Continuing,LED,KN0,J,J,INTERCO   ,InterGlobal Trading,NA                            ,SP_000016,NOR,Commercial & Industrial,155.18,118.4861,1,0,AUD,,INV_000295,LINE_000008,20120306,ORD_000602,20120306,49:58.7
20120402,2012,10,2012,4,2,100,CUST_000046,720,ITEM_000034,SUR                           ,SUR08001                      ,SUR08                         ,1,Trade          ,P                             ,PIER                                    ,NET_SALES                     ,Continuing,LED,KN0,J,J,INTERCO   ,InterGlobal Trading,NA                            ,SP_000016,NOR,Commercial & Industrial,82.38,79.9849,1,0,AUD,,INV_000536,LINE_000008,20120402,ORD_000603,20120402,49:58.7
20120607,2012,12,2012,6,7,101,CUST_000216,400,ITEM_000001,LMP                           ,LMP01008                      ,LMP01                         ,5,Trade          ,S                             ,SYLV                                    ,NET_SALES                     ,Discontinuing,Traditional,Q0 ,J,J,ELC,ElectraCorp Ltd,NA                            ,SP_000020,EDI,Commercial & Industrial,80.4,50.9136,24,0,AUD,,INV_000604,LINE_000001,20120607,ORD_000604,20120607,49:58.7
20120518,2012,11,2012,5,18,101,CUST_000171,300,ITEM_000001,LMP                           ,LMP01008                      ,LMP01                         ,5,Trade          ,S                             ,SYLV                                    ,NET_SALES                     ,Discontinuing,Traditional,V0 ,J,J,BPS,BrightPower Solutions,NA                            ,SP_000008,NOR,Commercial & Industrial,40.2,25.4568,12,0,AUD,,INV_000605,LINE_000001,20120518,ORD_000605,20120518,49:58.7
20120608,2012,12,2012,6,8,101,CUST_000100,400,ITEM_000011,OTH                           ,999,14001,5,Trade          ,S                             ,NA                                      ,NET_SALES                     ,Discontinuing,Traditional,Q0 ,J,J,BPS,BrightPower Solutions,NA                            ,SP_000006,NOR,Commercial & Industrial,40.2,25.4568,12,0,AUD,,INV_000606,LINE_000001,20120608,ORD_000606,20120608,49:58.7
20120619,2012,12,2012,6,19,101,CUST_000168,300,ITEM_000014,OTH                           ,999,14001,5,Trade          ,S                             ,NA                                      ,NET_SALES                     ,Discontinuing,Traditional,V0 ,J,J,BPS,BrightPower Solutions,NA                            ,SP_000005,NOR,Commercial & Industrial,120.6,76.3704,36,0,AUD,,INV_000607,LINE_000001,20120619,ORD_000607,20120619,49:58.7
20120410,2012,10,2012,4,10,101,CUST_000217,400,ITEM_000011,OTH                           ,999,14001,5,Trade          ,S                             ,NA                                      ,NET_SALES                     ,Discontinuing,Traditional,Q0 ,J,J,MED,Metro Electrical Distributors,NA                            ,SP_000015,EDI,Commercial & Industrial,60.3,38.1852,18,0,AUD,,INV_000608,LINE_000001,20120410,ORD_000608,20120410,49:58.7
20120104,2012,7,2012,1,4,101,CUST_000211,410,ITEM_000011,OTH                           ,999,14001,5,Trade          ,S                             ,NA                                      ,NET_SALES                     ,Discontinuing,Traditional,Q1 ,J,J,MED,Metro Electrical Distributors,NA                            ,SP_000001,EDI,Commercial & Industrial,114.84,76.3704,36,0,AUD,,INV_000609,LINE_000001,20120104,ORD_000609,20120103,49:58.7
20120419,2012,10,2012,4,19,101,CUST_000171,300,ITEM_000014,OTH                           ,999,14001,5,Trade          ,S                             ,NA                                      ,NET_SALES                     ,Discontinuing,Traditional,V0 ,J,J,BPS,BrightPower Solutions,NA                            ,SP_000008,NOR,Commercial & Industrial,20.1,12.7284,6,0,AUD,,INV_000610,LINE_000001,20120419,ORD_000610,20120419,49:58.7
20120419,2012,10,2012,4,19,101,CUST_000175,400,ITEM_000035,FLD                           ,FLD03002                      ,FLD03                         ,1,Professional   ,S                             ,SYLV                                    ,NET_SALES                     ,Discontinuing,Traditional,Q0 ,E,J,NES,NextGen Electrical Solutions,NA                            ,SP_000006,NOR,Commercial & Industrial,319.41,159.71,1,0,AUD,,INV_000611,LINE_000002,20120419,ORD_000611,20120419,49:58.7
20120320,2012,9,2012,3,20,101,CUST_000196,400,ITEM_000011,OTH                           ,999,14001,5,Trade          ,S                             ,NA                                      ,NET_SALES                     ,Discontinuing,Traditional,Q0 ,J,J,ELC,ElectraCorp Ltd,NA                            ,SP_000020,CDG,Commercial & Industrial,-3.19,-2.1214,-1,0,AUD,,INV_000612,LINE_000001,20120320,ORD_000612,20120320,49:58.7
20120508,2012,11,2012,5,8,101,CUST_000218,400,ITEM_000011,OTH                           ,999,14001,5,Trade          ,S                             ,NA                                      ,NET_SALES                     ,Discontinuing,Traditional,Q0 ,J,J,ELC,ElectraCorp Ltd,NA                            ,SP_000018,NOR,Commercial & Industrial,80.4,50.9136,24,0,AUD,,INV_000613,LINE_000001,20120508,ORD_000613,20120504,49:58.7
20120605,2012,12,2012,6,5,101,CUST_000058,400,ITEM_000006,LMP                           ,LMP01008                      ,LMP01                         ,5,Trade          ,S                             ,SYLV                                    ,NET_SALES                     ,Discontinuing,Traditional,Q0 ,J,J,MED,Metro Electrical Distributors,NA                            ,SP_000001,EDI,Commercial & Industrial,16.75,10.607,5,0,AUD,,INV_000614,LINE_000001,20120605,ORD_000614,20120604,49:58.7
20120319,2012,9,2012,3,19,101,CUST_000042,300,ITEM_000020,TRO                           ,TRO03001                      ,TRO03                         ,1,Professional   ,P                             ,PIER                                    ,NET_SALES                     ,Discontinuing,Traditional,V0 ,B,J,MED,Metro Electrical Distributors,NA                            ,SP_000043,PRO,Commercial & Industrial,450.0,230.19,3,0,AUD,,INV_000615,LINE_000001,20120319,ORD_000615,20120319,49:58.7
20120321,2012,9,2012,3,21,101,CUST_000051,300,ITEM_000005,LMP                           ,LMP01008                      ,LMP01                         ,5,Trade          ,S                             ,SYLV                                    ,NET_SALES                     ,Discontinuing,Traditional,V0 ,J,J,MED,Metro Electrical Distributors,NA                            ,SP_000008,EDI,Commercial & Industrial,80.4,50.9136,24,0,AUD,,INV_000616,LINE_000001,20120321,ORD_000616,20120321,49:58.7
20120123,2012,7,2012,1,23,101,CUST_000159,200,ITEM_000005,LMP                           ,LMP01008                      ,LMP01                         ,5,Trade          ,S                             ,SYLV                                    ,NET_SALES                     ,Discontinuing,Traditional,N0 ,J,J,MED,Metro Electrical Distributors,NA                            ,SP_000007,EDI,Commercial & Industrial,76.56,50.9136,24,0,AUD,,INV_000617,LINE_000001,20120123,ORD_000617,20120123,49:58.7
20120601,2012,12,2012,6,1,101,CUST_000159,200,ITEM_000005,LMP                           ,LMP01008                      ,LMP01                         ,5,Trade          ,S                             ,SYLV                                    ,NET_SALES                     ,Discontinuing,Traditional,N0 ,J,J,MED,Metro Electrical Distributors,NA                            ,SP_000007,EDI,Commercial & Industrial,60.3,38.1852,18,0,AUD,,INV_000423,LINE_000001,20120601,ORD_000422,20120601,49:58.7
20120315,2012,9,2012,3,15,101,CUST_000164,600,ITEM_000005,LMP                           ,LMP01008                      ,LMP01                         ,5,Trade          ,S                             ,SYLV                                    ,NET_SALES                     ,Discontinuing,Traditional,W0 ,J,J,ELC,ElectraCorp Ltd,NA                            ,SP_000032,EDI,Commercial & Industrial,157.58,101.8272,48,0,AUD,,INV_000618,LINE_000001,20120315,ORD_000618,20120315,49:58.7
20120314,2012,9,2012,3,14,101,CUST_000120,300,ITEM_000008,LMP                           ,LMP01008                      ,LMP01                         ,5,Trade          ,S                             ,SYLV                                    ,NET_SALES                     ,Discontinuing,Traditional,V0 ,J,J,BPS,BrightPower Solutions,NA                            ,SP_000002,NOR,Commercial & Industrial,120.6,76.3704,36,0,AUD,,INV_000466,LINE_000001,20120314,ORD_000462,20120313,49:58.7
20120424,2012,10,2012,4,24,101,CUST_000021,200,ITEM_000008,LMP                           ,LMP01008                      ,LMP01                         ,5,Trade          ,S                             ,SYLV                                    ,NET_SALES                     ,Discontinuing,Traditional,N0 ,J,J,MED,Metro Electrical Distributors,NA                            ,SP_000012,NOR,Commercial & Industrial,20.1,12.7284,6,0,AUD,,INV_000619,LINE_000001,20120424,ORD_000619,20120424,49:58.7
20120105,2012,7,2012,1,5,101,CUST_000149,500,ITEM_000008,LMP                           ,LMP01008                      ,LMP01                         ,5,Trade          ,S                             ,SYLV                                    ,NET_SALES                     ,Discontinuing,Traditional,S0 ,J,J,GEW,Global Electric Wholesalers,NA                            ,SP_000003,EDI,Commercial & Industrial,19.14,12.7284,6,0,AUD,,INV_000398,LINE_000001,20120105,ORD_000397,20120105,49:58.7
20120412,2012,10,2012,4,12,101,CUST_000078,300,ITEM_000008,LMP                           ,LMP01008                      ,LMP01                         ,5,Trade          ,S                             ,SYLV                                    ,NET_SALES                     ,Discontinuing,Traditional,V0 ,J,J,BPS,BrightPower Solutions,NA                            ,SP_000008,NOR,Commercial & Industrial,40.2,25.4568,12,0,AUD,,INV_000168,LINE_000001,20120412,ORD_000167,20120412,49:58.7
20120323,2012,9,2012,3,23,101,CUST_000128,200,ITEM_000008,LMP                           ,LMP01008                      ,LMP01                         ,5,Trade          ,S                             ,SYLV                                    ,NET_SALES                     ,Discontinuing,Traditional,N0 ,J,J,MED,Metro Electrical Distributors,NA                            ,SP_000012,EDI,Commercial & Industrial,40.2,25.4568,12,0,AUD,,INV_000620,LINE_000001,20120323,ORD_000620,20120323,49:58.7
20120523,2012,11,2012,5,23,101,CUST_000013,300,ITEM_000008,LMP                           ,LMP01008                      ,LMP01                         ,5,Trade          ,S                             ,SYLV                                    ,NET_SALES                     ,Discontinuing,Traditional,V0 ,J,J,BPS,BrightPower Solutions,NA                            ,SP_000002,NOR,Commercial & Industrial,80.4,50.9136,24,0,AUD,,INV_000577,LINE_000002,20120523,ORD_000574,20120521,49:58.7
20120614,2012,12,2012,6,14,101,CUST_000014,300,ITEM_000008,LMP                           ,LMP01008                      ,LMP01                         ,5,Trade          ,S                             ,SYLV                                    ,NET_SALES                     ,Discontinuing,Traditional,V0 ,J,J,BPS,BrightPower Solutions,NA                            ,SP_000004,NOR,Commercial & Industrial,40.2,25.4568,12,0,AUD,,INV_000621,LINE_000001,20120614,ORD_000621,20120614,49:58.7
20120119,2012,7,2012,1,19,101,CUST_000215,210,ITEM_000004,FLD                           ,FLD03002                      ,FLD03                         ,1,Professional   ,S                             ,SYLV                                    ,NET_SALES                     ,Discontinuing,Traditional,N0 ,J,J,MED,Metro Electrical Distributors,NA                            ,SP_000012,NOR,Commercial & Industrial,4036.08,2098.76,4,0,AUD,,INV_000622,LINE_000001,20120119,ORD_000622,20120118,49:58.7
20120302,2012,9,2012,3,2,101,CUST_000214,400,ITEM_000002,LMP                           ,LMP01008                      ,LMP01                         ,5,Trade          ,S                             ,SYLV                                    ,NET_SALES                     ,Discontinuing,Traditional,Q0 ,J,J,ELC,ElectraCorp Ltd,NA                            ,SP_000006,NOR,Commercial & Industrial,12.76,8.4856,4,0,AUD,,INV_000623,LINE_000002,20120302,ORD_000623,20120301,49:58.7
20120302,2012,9,2012,3,2,101,CUST_000219,400,ITEM_000002,LMP                           ,LMP01008                      ,LMP01                         ,5,Trade          ,S                             ,SYLV                                    ,NET_SALES                     ,Discontinuing,Traditional,Q0 ,J,J,ELC,ElectraCorp Ltd,NA                            ,SP_000044,PRO,Commercial & Industrial,37.44,25.4568,12,0,AUD,,INV_000624,LINE_000001,20120302,ORD_000624,20120302,49:58.7
20120124,2012,7,2012,1,24,101,CUST_000147,300,ITEM_000003,LMP                           ,LMP01008                      ,LMP01                         ,5,Trade          ,S                             ,SYLV                                    ,NET_SALES                     ,Discontinuing,Traditional,N0 ,J,J,BPS,BrightPower Solutions,NA                            ,SP_000005,CRR,Commercial & Industrial,-2.9,-1.93,-1,0,AUD,,INV_000625,LINE_000001,20120124,ORD_000625,20120124,49:58.7
20120510,2012,11,2012,5,10,101,CUST_000114,300,ITEM_000003,LMP                           ,LMP01008                      ,LMP01                         ,5,Trade          ,S                             ,SYLV                                    ,NET_SALES                     ,Discontinuing,Traditional,V0 ,J,J,BPS,BrightPower Solutions,NA                            ,SP_000002,NOR,Commercial & Industrial,18.9,12.7284,6,0,AUD,,INV_000626,LINE_000001,20120510,ORD_000626,20120510,49:58.7
20120503,2012,11,2012,5,3,101,CUST_000220,300,ITEM_000002,LMP                           ,LMP01008                      ,LMP01                         ,5,Trade          ,S                             ,SYLV                                    ,NET_SALES                     ,Discontinuing,Traditional,V0 ,J,J,BPS,BrightPower Solutions,NA                            ,SP_000004,NOR,Commercial & Industrial,18.9,12.7284,6,0,AUD,,INV_000627,LINE_000002,20120503,ORD_000627,20120503,49:58.7
20120625,2012,12,2012,6,25,101,CUST_000218,400,ITEM_000011,OTH                           ,999,14001,5,Trade          ,S                             ,NA                                      ,NET_SALES                     ,Discontinuing,Traditional,Q0 ,J,J,ELC,ElectraCorp Ltd,NA                            ,SP_000018,EDI,Commercial & Industrial,120.6,76.3704,36,0,AUD,,INV_000628,LINE_000001,20120625,ORD_000628,20120625,49:58.7
20120321,2012,9,2012,3,21,101,CUST_000196,400,ITEM_000011,OTH                           ,999,14001,5,Trade          ,S                             ,NA                                      ,NET_SALES                     ,Discontinuing,Traditional,Q0 ,J,J,ELC,ElectraCorp Ltd,NA                            ,SP_000020,EDI,Commercial & Industrial,78.79,50.9136,24,0,AUD,,INV_000629,LINE_000001,20120321,ORD_000629,20120320,49:58.7
20120320,2012,9,2012,3,20,101,CUST_000196,400,ITEM_000014,OTH                           ,999,14001,5,Trade          ,S                             ,NA                                      ,NET_SALES                     ,Discontinuing,Traditional,Q0 ,J,J,ELC,ElectraCorp Ltd,NA                            ,SP_000020,CDG,Commercial & Industrial,-2.9,-2.1214,-1,0,AUD,,INV_000612,LINE_000001,20120320,ORD_000612,20120320,49:58.7
20120321,2012,9,2012,3,21,101,CUST_000196,400,ITEM_000014,OTH                           ,999,14001,5,Trade          ,S                             ,NA                                      ,NET_SALES                     ,Discontinuing,Traditional,Q0 ,J,J,ELC,ElectraCorp Ltd,NA                            ,SP_000020,EDI,Commercial & Industrial,39.4,25.4568,12,0,AUD,,INV_000629,LINE_000001,20120321,ORD_000629,20120320,49:58.7
20120125,2012,7,2012,1,25,100,CUST_000046,720,ITEM_000017,SUR                           ,SUR08001                      ,SUR08                         ,7,Trade          ,P                             ,96,REBATE_EXEMPT_EOL             ,Discontinuing,Traditional,KN0,J,J,INTERCO   ,InterGlobal Trading,NA                            ,SP_000016,NOR,Commercial & Industrial,1732.8,1559.568,96,0,AUD,,INV_000630,LINE_000008,20120125,ORD_000630,20120125,49:58.7
20120206,2012,8,2012,2,6,100,CUST_000046,720,ITEM_000032,OTH                           ,999,14001,1,Professional   ,P                             ,NA                                      ,NET_SALES                     ,Continuing,Accessories,KN0,J,J,INTERCO   ,InterGlobal Trading,NA                            ,SP_000016,NOR,Commercial & Industrial,210.98,160.1452,2,0,AUD,,INV_000539,LINE_000004,20120206,ORD_000631,20120206,49:58.7
20120217,2012,8,2012,2,17,101,CUST_000124,310,ITEM_000006,LMP                           ,LMP01008                      ,LMP01                         ,5,Trade          ,S                             ,SYLV                                    ,NET_SALES                     ,Discontinuing,Traditional,T0 ,J,J,ELC,ElectraCorp Ltd,NA                            ,SP_000027,NOR,Commercial & Industrial,19.14,12.7284,6,0,AUD,,INV_000631,LINE_000001,20120217,ORD_000632,20120216,49:58.7
20120419,2012,10,2012,4,19,101,CUST_000208,210,ITEM_000005,LMP                           ,LMP01008                      ,LMP01                         ,5,Trade          ,S                             ,SYLV                                    ,NET_SALES                     ,Discontinuing,Traditional,N0 ,J,J,MED,Metro Electrical Distributors,NA                            ,SP_000012,EDI,Commercial & Industrial,80.4,50.9136,24,0,AUD,,INV_000632,LINE_000001,20120419,ORD_000633,20120419,49:58.7
20120503,2012,11,2012,5,3,101,CUST_000208,210,ITEM_000005,LMP                           ,LMP01008                      ,LMP01                         ,5,Trade          ,S                             ,SYLV                                    ,NET_SALES                     ,Discontinuing,Traditional,N0 ,J,J,MED,Metro Electrical Distributors,NA                            ,SP_000012,EDI,Commercial & Industrial,160.8,101.8272,48,0,AUD,,INV_000633,LINE_000001,20120503,ORD_000634,20120502,49:58.7
20120119,2012,7,2012,1,19,101,CUST_000121,300,ITEM_000005,LMP                           ,LMP01008                      ,LMP01                         ,5,Trade          ,S                             ,SYLV                                    ,NET_SALES                     ,Discontinuing,Traditional,V0 ,J,J,AEG,Aussie Energy Group,NA                            ,SP_000008,NOR,Commercial & Industrial,114.84,76.3704,36,0,AUD,,INV_000634,LINE_000002,20120119,ORD_000635,20120110,49:58.7
20120507,2012,11,2012,5,7,101,CUST_000033,200,ITEM_000005,LMP                           ,LMP01008                      ,LMP01                         ,5,Trade          ,S                             ,SYLV                                    ,NET_SALES                     ,Discontinuing,Traditional,N0 ,J,J,MED,Metro Electrical Distributors,NA                            ,SP_000010,EDI,Commercial & Industrial,20.1,12.7284,6,0,AUD,,INV_000635,LINE_000001,20120507,ORD_000636,20120507,49:58.7
20120228,2012,8,2012,2,28,101,CUST_000221,200,ITEM_000005,LMP                           ,LMP01008                      ,LMP01                         ,5,Trade          ,S                             ,SYLV                                    ,NET_SALES                     ,Discontinuing,Traditional,N0 ,J,J,MED,Metro Electrical Distributors,NA                            ,SP_000012,NOR,Commercial & Industrial,38.28,25.4568,12,0,AUD,,INV_000636,LINE_000001,20120228,ORD_000637,20120228,49:58.7
20120507,2012,11,2012,5,7,101,CUST_000128,200,ITEM_000005,LMP                           ,LMP01008                      ,LMP01                         ,5,Trade          ,S                             ,SYLV                                    ,NET_SALES                     ,Discontinuing,Traditional,N0 ,J,J,MED,Metro Electrical Distributors,NA                            ,SP_000012,EDI,Commercial & Industrial,201.0,127.284,60,0,AUD,,INV_000637,LINE_000001,20120507,ORD_000638,20120507,49:58.7
20120116,2012,7,2012,1,16,101,CUST_000128,200,ITEM_000005,LMP                           ,LMP01008                      ,LMP01                         ,5,Trade          ,S                             ,SYLV                                    ,NET_SALES                     ,Discontinuing,Traditional,N0 ,J,J,MED,Metro Electrical Distributors,NA                            ,SP_000012,EDI,Commercial & Industrial,57.42,38.1852,18,0,AUD,,INV_000638,LINE_000002,20120116,ORD_000639,20120116,49:58.7
20120123,2012,7,2012,1,23,101,CUST_000051,300,ITEM_000008,LMP                           ,LMP01008                      ,LMP01                         ,5,Trade          ,S                             ,SYLV                                    ,NET_SALES                     ,Discontinuing,Traditional,V0 ,J,J,MED,Metro Electrical Distributors,NA                            ,SP_000008,EDI,Commercial & Industrial,38.28,25.4568,12,0,AUD,,INV_000639,LINE_000001,20120123,ORD_000640,20120123,49:58.7
20120501,2012,11,2012,5,1,101,CUST_000013,300,ITEM_000008,LMP                           ,LMP01008                      ,LMP01                         ,5,Trade          ,S                             ,SYLV                                    ,NET_SALES                     ,Discontinuing,Traditional,V0 ,J,J,BPS,BrightPower Solutions,NA                            ,SP_000002,NOR,Commercial & Industrial,60.3,38.1852,18,0,AUD,,INV_000640,LINE_000001,20120501,ORD_000641,20120501,49:58.7
20120619,2012,12,2012,6,19,101,CUST_000013,300,ITEM_000008,LMP                           ,LMP01008                      ,LMP01                         ,5,Trade          ,S                             ,SYLV                                    ,NET_SALES                     ,Discontinuing,Traditional,V0 ,J,J,BPS,BrightPower Solutions,NA                            ,SP_000002,NOR,Commercial & Industrial,60.3,38.1852,18,0,AUD,,INV_000641,LINE_000001,20120619,ORD_000642,20120618,49:58.7
20120216,2012,8,2012,2,16,101,CUST_000013,300,ITEM_000008,LMP                           ,LMP01008                      ,LMP01                         ,5,Trade          ,S                             ,SYLV                                    ,NET_SALES                     ,Discontinuing,Traditional,V0 ,J,J,BPS,BrightPower Solutions,NA                            ,SP_000002,NOR,Commercial & Industrial,38.28,25.4568,12,0,AUD,,INV_000642,LINE_000001,20120216,ORD_000643,20120216,49:58.7
20120614,2012,12,2012,6,14,101,CUST_000222,300,ITEM_000008,LMP                           ,LMP01008                      ,LMP01                         ,5,Trade          ,S                             ,SYLV                                    ,NET_SALES                     ,Discontinuing,Traditional,V0 ,J,J,BPS,BrightPower Solutions,NA                            ,SP_000005,NOR,Commercial & Industrial,20.1,12.7284,6,0,AUD,,INV_000643,LINE_000001,20120614,ORD_000644,20120613,49:58.7
20120210,2012,8,2012,2,10,101,CUST_000020,300,ITEM_000008,LMP                           ,LMP01008                      ,LMP01                         ,5,Trade          ,S                             ,SYLV                                    ,NET_SALES                     ,Discontinuing,Traditional,V0 ,J,J,MED,Metro Electrical Distributors,NA                            ,SP_000005,NOR,Commercial & Industrial,19.14,12.7284,6,0,AUD,,INV_000644,LINE_000001,20120210,ORD_000645,20120210,49:58.7
20120509,2012,11,2012,5,9,101,CUST_000223,400,ITEM_000002,LMP                           ,LMP01008                      ,LMP01                         ,5,Trade          ,S                             ,SYLV                                    ,NET_SALES                     ,Discontinuing,Traditional,Q0 ,J,J,MED,Metro Electrical Distributors,NA                            ,SP_000020,NOR,Commercial & Industrial,55.62,38.1852,18,0,AUD,,INV_000645,LINE_000001,20120509,ORD_000646,20120509,49:58.7
20120607,2012,12,2012,6,7,101,CUST_000223,400,ITEM_000003,LMP                           ,LMP01008                      ,LMP01                         ,5,Trade          ,S                             ,SYLV                                    ,NET_SALES                     ,Discontinuing,Traditional,Q0 ,J,J,MED,Metro Electrical Distributors,NA                            ,SP_000020,NOR,Commercial & Industrial,111.24,76.3704,36,0,AUD,,INV_000646,LINE_000001,20120607,ORD_000647,20120606,49:58.7
20120613,2012,12,2012,6,13,101,CUST_000119,300,ITEM_000002,LMP                           ,LMP01008                      ,LMP01                         ,5,Trade          ,S                             ,SYLV                                    ,NET_SALES                     ,Discontinuing,Traditional,V0 ,J,J,BPS,BrightPower Solutions,NA                            ,SP_000008,NOR,Commercial & Industrial,40.2,25.4568,12,0,AUD,,INV_000535,LINE_000001,20120613,ORD_000533,20120612,49:58.7
20120627,2012,12,2012,6,27,101,CUST_000119,300,ITEM_000002,LMP                           ,LMP01008                      ,LMP01                         ,5,Trade          ,S                             ,SYLV                                    ,NET_SALES                     ,Discontinuing,Traditional,V0 ,J,J,BPS,BrightPower Solutions,NA                            ,SP_000008,NOR,Commercial & Industrial,20.1,12.7284,6,0,AUD,,INV_000647,LINE_000001,20120627,ORD_000648,20120627,49:58.7
20120220,2012,8,2012,2,20,101,CUST_000038,400,ITEM_000002,LMP                           ,LMP01008                      ,LMP01                         ,5,Trade          ,S                             ,SYLV                                    ,NET_SALES                     ,Discontinuing,Traditional,Q0 ,J,J,ELC,ElectraCorp Ltd,NA                            ,SP_000015,NOR,Commercial & Industrial,19.14,12.7284,6,0,AUD,,INV_000648,LINE_000001,20120220,ORD_000649,20120220,49:58.7
20120503,2012,11,2012,5,3,101,CUST_000224,300,ITEM_000002,LMP                           ,LMP01008                      ,LMP01                         ,5,Trade          ,S                             ,SYLV                                    ,NET_SALES                     ,Discontinuing,Traditional,V0 ,J,J,BPS,BrightPower Solutions,NA                            ,SP_000005,NOR,Commercial & Industrial,37.8,25.4568,12,0,AUD,,INV_000649,LINE_000002,20120503,ORD_000650,20120502,49:58.7
20120601,2012,12,2012,6,1,101,CUST_000195,300,ITEM_000014,OTH                           ,999,14001,5,Trade          ,S                             ,NA                                      ,NET_SALES                     ,Discontinuing,Traditional,V0 ,J,J,MED,Metro Electrical Distributors,NA                            ,SP_000002,EDI,Commercial & Industrial,100.5,63.642,30,0,AUD,,INV_000650,LINE_000002,20120601,ORD_000651,20120601,49:58.7
20120405,2012,10,2012,4,5,101,CUST_000205,400,ITEM_000011,OTH                           ,999,14001,5,Trade          ,S                             ,NA                                      ,NET_SALES                     ,Discontinuing,Traditional,Q0 ,J,J,ELC,ElectraCorp Ltd,NA                            ,SP_000019,EDI,Commercial & Industrial,32.83,21.214,10,0,AUD,,INV_000651,LINE_000001,20120405,ORD_000652,20120404,49:58.7
20120402,2012,10,2012,4,2,101,CUST_000225,410,ITEM_000011,OTH                           ,999,14001,5,Trade          ,S                             ,NA                                      ,NET_SALES                     ,Discontinuing,Traditional,Q1 ,J,J,ELC,ElectraCorp Ltd,NA                            ,SP_000001,NOR,Commercial & Industrial,87.1,55.1564,26,0,AUD,,INV_000652,LINE_000001,20120402,ORD_000653,20120402,49:58.7
20120604,2012,12,2012,6,4,101,CUST_000225,410,ITEM_000011,OTH                           ,999,14001,5,Trade          ,S                             ,NA                                      ,NET_SALES                     ,Discontinuing,Traditional,Q1 ,J,J,ELC,ElectraCorp Ltd,NA                            ,SP_000001,NOR,Commercial & Industrial,40.2,25.4568,12,0,AUD,,INV_000653,LINE_000001,20120604,ORD_000654,20120604,49:58.7
20120416,2012,10,2012,4,16,101,CUST_000003,500,ITEM_000014,OTH                           ,999,14001,5,Trade          ,S                             ,NA                                      ,NET_SALES                     ,Discontinuing,Traditional,S0 ,J,J,GEW,Global Electric Wholesalers,NA                            ,SP_000003,EDI,Commercial & Industrial,20.1,12.7284,6,0,AUD,,INV_000654,LINE_000001,20120416,ORD_000655,20120416,49:58.7
20120606,2012,12,2012,6,6,101,CUST_000190,300,ITEM_000014,OTH                           ,999,14001,5,Trade          ,S                             ,NA                                      ,NET_SALES                     ,Discontinuing,Traditional,V0 ,J,J,BPS,BrightPower Solutions,NA                            ,SP_000002,NOR,Commercial & Industrial,20.1,12.7284,6,0,AUD,,INV_000655,LINE_000001,20120606,ORD_000656,20120606,49:58.7
20120229,2012,8,2012,2,29,101,CUST_000226,200,ITEM_000005,LMP                           ,LMP01008                      ,LMP01                         ,5,Trade          ,S                             ,SYLV                                    ,NET_SALES                     ,Discontinuing,Traditional,N0 ,J,J,ELC,ElectraCorp Ltd,NA                            ,SP_000007,EDI,Commercial & Industrial,38.28,25.4568,12,0,AUD,,INV_000656,LINE_000001,20120229,ORD_000657,20120229,49:58.7
20130611,2013,12,2013,6,11,205,CUST_000227,200,ITEM_000036,OTH                           ,999,14001,5,Trade          ,C                             ,NA                                      ,NET_SALES                     ,Continuing,Accessories,Unk,U,U,NES,NextGen Electrical Solutions,NA                            ,SP_000010,NOR,Commercial & Industrial,53.4,22.97,2,0,AUD,,INV_000657,LINE_000014,20130611,ORD_000658,20130611,49:58.7
20130111,2013,7,2013,1,11,205,CUST_000036,200,ITEM_000036,OTH                           ,999,14001,5,Trade          ,C                             ,NA                                      ,NET_SALES                     ,Continuing,Accessories,Unk,U,U,MED,Metro Electrical Distributors,NA                            ,SP_000011,NOR,Commercial & Industrial,24.9,11.485,1,0,AUD,,INV_000658,LINE_000014,20130111,ORD_000659,20130111,49:58.7
20130328,2013,9,2013,3,28,205,CUST_000058,400,ITEM_000037,COM                           ,COM03002                      ,COM03                         ,5,Trade          ,C                             ,220,NET_SALES                     ,Continuing,Accessories,5N2,I,J,MED,Metro Electrical Distributors,NA                            ,SP_000001,NOR,Commercial & Industrial,22.5,14.07,3,0,AUD,,INV_000659,LINE_000014,20130328,ORD_000660,20130327,49:58.7
20130306,2013,9,2013,3,6,205,CUST_000228,200,ITEM_000037,COM                           ,COM03002                      ,COM03                         ,5,Trade          ,C                             ,220,NET_SALES                     ,Continuing,Accessories,5N2,I,J,NES,NextGen Electrical Solutions,NA                            ,SP_000010,NOR,Commercial & Industrial,7.5,4.69,1,0,AUD,,INV_000660,LINE_000014,20130306,ORD_000661,20130305,49:58.7
20130306,2013,9,2013,3,6,205,CUST_000229,400,ITEM_000037,COM                           ,COM03002                      ,COM03                         ,5,Trade          ,C                             ,220,NET_SALES                     ,Continuing,Accessories,5N2,I,J,NES,NextGen Electrical Solutions,NA                            ,SP_000018,NOR,Commercial & Industrial,15.0,9.38,2,0,AUD,,INV_000661,LINE_000014,20130306,ORD_000662,20130305,49:58.7
20130607,2013,12,2013,6,7,205,CUST_000230,510,ITEM_000037,COM                           ,COM03002                      ,COM03                         ,5,Trade          ,C                             ,220,NET_SALES                     ,Continuing,Accessories,5N2,I,J,AEG,Aussie Energy Group,NA                            ,SP_000029,NOR,Commercial & Industrial,150.0,93.8,20,0,AUD,,INV_000662,LINE_000014,20130607,ORD_000663,20130607,49:58.7
20130410,2013,10,2013,4,10,101,CUST_000039,400,ITEM_000038,SUR                           ,SUR01001                      ,SUR01                         ,7,Professional   ,S                             ,86,NET_SALES                     ,Discontinuing,Traditional,Unk,U,U,MED,Metro Electrical Distributors,NA                            ,SP_000006,NOR,Commercial & Industrial,2569.97,1413.49,13,0,AUS,,INV_000663,LINE_000014,20130410,ORD_000664,20130410,49:58.7
20130308,2013,9,2013,3,8,205,CUST_000231,200,ITEM_000039,LMP                           ,LMP05003                      ,LMP05                         ,7,Trade          ,C                             ,76,NET_SALES                     ,Discontinuing,Traditional,5N2,C,J,NLG,Nationwide Lighting Group,NA                            ,SP_000012,NOR,Commercial & Industrial,5.2,0.8034,2,0,AUD,,INV_000664,LINE_000014,20130308,ORD_000665,20130308,49:58.7
20130315,2013,9,2013,3,15,205,CUST_000232,200,ITEM_000039,LMP                           ,LMP05003                      ,LMP05                         ,7,Trade          ,C                             ,76,NET_SALES                     ,Discontinuing,Traditional,5N2,C,J,ZZ2       ,Independent Retailers Association,NA                            ,SP_000045,NOR,Commercial & Industrial,5.2,0.8034,2,0,AUD,,INV_000665,LINE_000014,20130315,ORD_000666,20130314,49:58.7
20130107,2013,7,2013,1,7,205,CUST_000232,200,ITEM_000039,LMP                           ,LMP05003                      ,LMP05                         ,7,Trade          ,C                             ,76,NET_SALES                     ,Discontinuing,Traditional,5N2,C,J,ZZ2       ,Independent Retailers Association,NA                            ,SP_000045,NOR,Commercial & Industrial,2.6,0.4017,1,0,AUD,,INV_000666,LINE_000014,20130107,ORD_000667,20130107,49:58.7
20130520,2013,11,2013,5,20,205,CUST_000232,200,ITEM_000039,LMP                           ,LMP05003                      ,LMP05                         ,7,Trade          ,C                             ,76,NET_SALES                     ,Discontinuing,Traditional,5N2,C,J,ZZ2       ,Independent Retailers Association,NA                            ,SP_000045,NOR,Commercial & Industrial,2.6,0.4017,1,0,AUD,,INV_000667,LINE_000014,20130520,ORD_000668,20130517,49:58.7
20130502,2013,11,2013,5,2,205,CUST_000233,310,ITEM_000039,LMP                           ,LMP05003                      ,LMP05                         ,7,Trade          ,C                             ,76,NET_SALES                     ,Discontinuing,Traditional,5N2,C,J,ZZ2       ,Independent Retailers Association,NA                            ,SP_000005,NOR,Commercial & Industrial,2.34,0.4017,1,0,AUD,,INV_000668,LINE_000014,20130502,ORD_000669,20130501,49:58.7
20130521,2013,11,2013,5,21,205,CUST_000234,300,ITEM_000039,LMP                           ,LMP05003                      ,LMP05                         ,7,Trade          ,C                             ,76,NET_SALES                     ,Discontinuing,Traditional,5N2,C,J,ZZ2       ,Independent Retailers Association,NA                            ,SP_000033,NOR,Commercial & Industrial,4.68,0.8034,2,0,AUD,,INV_000669,LINE_000014,20130521,ORD_000670,20130521,49:58.7
20130523,2013,11,2013,5,23,205,CUST_000235,500,ITEM_000039,LMP                           ,LMP05003                      ,LMP05                         ,7,Trade          ,C                             ,76,NET_SALES                     ,Discontinuing,Traditional,5S0,E,J,ZZ8       ,EndUser Solutions,NA                            ,SP_000046,NOR,Commercial & Industrial,2.21,0.4017,1,0,AUD,,INV_000670,LINE_000014,20130523,ORD_000671,20130522,49:58.7
20130212,2013,8,2013,2,12,205,CUST_000229,400,ITEM_000037,COM                           ,COM03002                      ,COM03                         ,5,Trade          ,C                             ,220,NET_SALES                     ,Continuing,Accessories,5N2,I,J,NES,NextGen Electrical Solutions,NA                            ,SP_000018,NOR,Commercial & Industrial,7.5,4.69,1,0,AUD,,INV_000671,LINE_000014,20130212,ORD_000672,20130211,49:58.7
20130228,2013,8,2013,2,28,205,CUST_000236,410,ITEM_000037,COM                           ,COM03002                      ,COM03                         ,5,Trade          ,C                             ,220,NET_SALES                     ,Continuing,Accessories,5N2,I,J,MED,Metro Electrical Distributors,NA                            ,SP_000001,NOR,Commercial & Industrial,55.3,32.83,7,0,AUD,,INV_000672,LINE_000014,20130228,ORD_000673,20130228,49:58.7
20130626,2013,12,2013,6,26,205,CUST_000237,200,ITEM_000037,COM                           ,COM03002                      ,COM03                         ,5,Trade          ,C                             ,220,NET_SALES                     ,Continuing,Accessories,5N2,I,J,MED,Metro Electrical Distributors,NA                            ,SP_000011,NOR,Commercial & Industrial,75.0,46.9,10,0,AUD,,INV_000673,LINE_000014,20130626,ORD_000674,20130626,49:58.7
20130509,2013,11,2013,5,9,205,CUST_000238,400,ITEM_000037,COM                           ,COM03002                      ,COM03                         ,5,Trade          ,C                             ,220,NET_SALES                     ,Continuing,Accessories,5N2,I,J,MED,Metro Electrical Distributors,NA                            ,SP_000001,NOR,Commercial & Industrial,150.0,93.8,20,0,AUD,,INV_000674,LINE_000014,20130509,ORD_000675,20130509,49:58.7
20130422,2013,10,2013,4,22,205,CUST_000007,400,ITEM_000037,COM                           ,COM03002                      ,COM03                         ,5,Trade          ,C                             ,220,NET_SALES                     ,Continuing,Accessories,5N2,I,J,MED,Metro Electrical Distributors,NA                            ,SP_000006,NOR,Commercial & Industrial,150.0,93.8,20,0,AUD,,INV_000675,LINE_000014,20130422,ORD_000676,20130422,49:58.7
20130527,2013,11,2013,5,27,205,CUST_000239,500,ITEM_000040,LMP                           ,LMP04002                      ,LMP04                         ,5,Trade          ,C                             ,CROM                                    ,NET_SALES                     ,Discontinuing,Traditional,Unk,U,U,ZZ2       ,Independent Retailers Association,NA                            ,SP_000046,NOR,Commercial & Industrial,24.0,7.819,10,0,AUD,,INV_000676,LINE_000014,20130527,ORD_000677,20130527,49:58.7
20130506,2013,11,2013,5,6,205,CUST_000239,500,ITEM_000040,LMP                           ,LMP04002                      ,LMP04                         ,5,Trade          ,C                             ,CROM                                    ,NET_SALES                     ,Discontinuing,Traditional,Unk,U,U,ZZ2       ,Independent Retailers Association,NA                            ,SP_000046,NOR,Commercial & Industrial,24.0,7.819,10,0,AUD,,INV_000677,LINE_000014,20130506,ORD_000678,20130506,49:58.7
20130617,2013,12,2013,6,17,205,CUST_000239,500,ITEM_000040,LMP                           ,LMP04002                      ,LMP04                         ,5,Trade          ,C                             ,CROM                                    ,NET_SALES                     ,Discontinuing,Traditional,Unk,U,U,ZZ2       ,Independent Retailers Association,NA                            ,SP_000046,NOR,Commercial & Industrial,24.0,7.819,10,0,AUD,,INV_000678,LINE_000014,20130617,ORD_000679,20130617,49:58.7
20130117,2013,7,2013,1,17,205,CUST_000196,400,ITEM_000040,LMP                           ,LMP04002                      ,LMP04                         ,5,Trade          ,C                             ,CROM                                    ,NET_SALES                     ,Discontinuing,Traditional,5N2,J,J,ELC,ElectraCorp Ltd,NA                            ,SP_000020,NOR,Commercial & Industrial,33.6,12.2668,14,0,AUD,,INV_000679,LINE_000014,20130117,ORD_000680,20130116,49:58.7
20130419,2013,10,2013,4,19,205,CUST_000240,410,ITEM_000040,LMP                           ,LMP04002                      ,LMP04                         ,5,Trade          ,C                             ,CROM                                    ,NET_SALES                     ,Discontinuing,Traditional,5Q0,J,J,ZZ3       ,ProLighting Specialists,NA                            ,SP_000018,NOR,Commercial & Industrial,21.6,9.229,10,0,AUD,,INV_000680,LINE_000014,20130419,ORD_000681,20130326,49:58.7
20130110,2013,7,2013,1,10,205,CUST_000115,210,ITEM_000037,COM                           ,COM03002                      ,COM03                         ,5,Trade          ,C                             ,220,NET_SALES                     ,Continuing,Accessories,5N2,I,J,BPS,BrightPower Solutions,NA                            ,SP_000012,NOR,Commercial & Industrial,87.6,56.28,12,0,AUD,,INV_000681,LINE_000014,20130110,ORD_000682,20130110,49:58.7
20130515,2013,11,2013,5,15,205,CUST_000241,500,ITEM_000037,COM                           ,COM03002                      ,COM03                         ,5,Trade          ,C                             ,220,NET_SALES                     ,Continuing,Accessories,5N2,I,J,MED,Metro Electrical Distributors,NA                            ,SP_000047,NOR,Commercial & Industrial,112.5,70.35,15,0,AUD,,INV_000682,LINE_000014,20130515,ORD_000683,20130514,49:58.7
20130507,2013,11,2013,5,7,205,CUST_000180,300,ITEM_000037,COM                           ,COM03002                      ,COM03                         ,5,Trade          ,C                             ,220,NET_SALES                     ,Continuing,Accessories,5V0,E,J,MED,Metro Electrical Distributors,NA                            ,SP_000008,NOR,Commercial & Industrial,22.5,13.9644,3,0,AUD,,INV_000683,LINE_000014,20130507,ORD_000684,20130506,49:58.7
20130116,2013,7,2013,1,16,205,CUST_000242,300,ITEM_000037,COM                           ,COM03002                      ,COM03                         ,5,Trade          ,C                             ,220,NET_SALES                     ,Continuing,Accessories,5V0,E,J,MED,Metro Electrical Distributors,NA                            ,SP_000002,NOR,Commercial & Industrial,7.3,4.42,1,0,AUD,,INV_000684,LINE_000014,20130116,ORD_000685,20121220,49:58.7
20130528,2013,11,2013,5,28,205,CUST_000230,510,ITEM_000037,COM                           ,COM03002                      ,COM03                         ,5,Trade          ,C                             ,220,NET_SALES                     ,Continuing,Accessories,5N2,I,J,AEG,Aussie Energy Group,NA                            ,SP_000029,NOR,Commercial & Industrial,150.0,93.8,20,0,AUD,,INV_000685,LINE_000014,20130528,ORD_000686,20130528,49:58.7
20130404,2013,10,2013,4,4,205,CUST_000175,400,ITEM_000037,COM                           ,COM03002                      ,COM03                         ,5,Trade          ,C                             ,220,NET_SALES                     ,Continuing,Accessories,5N2,I,J,NES,NextGen Electrical Solutions,NA                            ,SP_000006,NOR,Commercial & Industrial,45.0,28.14,6,0,AUD,,INV_000686,LINE_000014,20130404,ORD_000687,20130403,49:58.7
20130228,2013,8,2013,2,28,205,CUST_000175,400,ITEM_000037,COM                           ,COM03002                      ,COM03                         ,5,Trade          ,C                             ,220,NET_SALES                     ,Continuing,Accessories,5N2,I,J,NES,NextGen Electrical Solutions,NA                            ,SP_000006,NOR,Commercial & Industrial,150.0,93.8,20,0,AUD,,INV_000687,LINE_000014,20130228,ORD_000688,20130227,49:58.7
20130530,2013,11,2013,5,30,205,CUST_000235,500,ITEM_000039,LMP                           ,LMP05003                      ,LMP05                         ,7,Trade          ,C                             ,76,NET_SALES                     ,Discontinuing,Traditional,5S0,E,J,ZZ8       ,EndUser Solutions,NA                            ,SP_000046,NOR,Commercial & Industrial,4.42,0.8034,2,0,AUD,,INV_000688,LINE_000014,20130530,ORD_000689,20130529,49:58.7
20130516,2013,11,2013,5,16,205,CUST_000235,500,ITEM_000039,LMP                           ,LMP05003                      ,LMP05                         ,7,Trade          ,C                             ,76,NET_SALES                     ,Discontinuing,Traditional,5S0,E,J,ZZ8       ,EndUser Solutions,NA                            ,SP_000046,NOR,Commercial & Industrial,2.21,0.4017,1,0,AUD,,INV_000689,LINE_000014,20130516,ORD_000690,20130515,49:58.7
20130426,2013,10,2013,4,26,205,CUST_000243,200,ITEM_000039,LMP                           ,LMP05003                      ,LMP05                         ,7,Trade          ,C                             ,76,NET_SALES                     ,Discontinuing,Traditional,5N2,C,J,MED,Metro Electrical Distributors,NA                            ,SP_000010,NOR,Commercial & Industrial,14.28,2.4102,6,0,AUD,,INV_000690,LINE_000014,20130426,ORD_000691,20130426,49:58.7
20130220,2013,8,2013,2,20,205,CUST_000244,300,ITEM_000039,LMP                           ,LMP05003                      ,LMP05                         ,7,Trade          ,C                             ,76,NET_SALES                     ,Discontinuing,Traditional,5N2,C,J,ZZZ       ,General Suppliers Pty,NA                            ,SP_000033,NOR,Commercial & Industrial,110.24,20.8884,52,0,AUD,,INV_000691,LINE_000014,20130220,ORD_000692,20130219,49:58.7
20130423,2013,10,2013,4,23,205,CUST_000232,200,ITEM_000039,LMP                           ,LMP05003                      ,LMP05                         ,7,Trade          ,C                             ,76,NET_SALES                     ,Discontinuing,Traditional,5N2,C,J,ZZ2       ,Independent Retailers Association,NA                            ,SP_000045,NOR,Commercial & Industrial,2.6,0.4017,1,0,AUD,,INV_000692,LINE_000014,20130423,ORD_000693,20130422,49:58.7
20130624,2013,12,2013,6,24,205,CUST_000234,300,ITEM_000039,LMP                           ,LMP05003                      ,LMP05                         ,7,Trade          ,C                             ,76,NET_SALES                     ,Discontinuing,Traditional,5N2,C,J,ZZ2       ,Independent Retailers Association,NA                            ,SP_000033,NOR,Commercial & Industrial,7.02,1.2051,3,0,AUD,,INV_000693,LINE_000014,20130624,ORD_000694,20130621,49:58.7
20130319,2013,9,2013,3,19,205,CUST_000245,200,ITEM_000039,LMP                           ,LMP05003                      ,LMP05                         ,7,Trade          ,C                             ,76,NET_SALES                     ,Discontinuing,Traditional,5N2,C,J,ZZ2       ,Independent Retailers Association,NA                            ,SP_000048,CRD,Commercial & Industrial,-2.34,0.0,0,1,AUD,,INV_000694,LINE_000014,20130319,ORD_000695,20130319,49:58.7
20130312,2013,9,2013,3,12,205,CUST_000239,500,ITEM_000040,LMP                           ,LMP04002                      ,LMP04                         ,5,Trade          ,C                             ,CROM                                    ,NET_SALES                     ,Discontinuing,Traditional,Unk,U,U,ZZ2       ,Independent Retailers Association,NA                            ,SP_000046,NOR,Commercial & Industrial,24.0,8.765,10,0,AUD,,INV_000695,LINE_000014,20130312,ORD_000696,20130312,49:58.7
20130603,2013,12,2013,6,3,205,CUST_000239,500,ITEM_000040,LMP                           ,LMP04002                      ,LMP04                         ,5,Trade          ,C                             ,CROM                                    ,NET_SALES                     ,Discontinuing,Traditional,Unk,U,U,ZZ2       ,Independent Retailers Association,NA                            ,SP_000046,NOR,Commercial & Industrial,24.0,7.819,10,0,AUD,,INV_000696,LINE_000014,20130603,ORD_000697,20130603,49:58.7
20130521,2013,11,2013,5,21,205,CUST_000239,500,ITEM_000040,LMP                           ,LMP04002                      ,LMP04                         ,5,Trade          ,C                             ,CROM                                    ,NET_SALES                     ,Discontinuing,Traditional,Unk,U,U,ZZ2       ,Independent Retailers Association,NA                            ,SP_000046,NOR,Commercial & Industrial,24.0,7.819,10,0,AUD,,INV_000697,LINE_000014,20130521,ORD_000698,20130520,49:58.7
20130419,2013,10,2013,4,19,205,CUST_000043,300,ITEM_000040,LMP                           ,LMP04002                      ,LMP04                         ,5,Trade          ,C                             ,CROM                                    ,NET_SALES                     ,Discontinuing,Traditional,5N2,J,J,MED,Metro Electrical Distributors,NA                            ,SP_000008,NOR,Commercial & Industrial,12.0,3.9095,5,0,AUD,,INV_000698,LINE_000014,20130419,ORD_000699,20130419,49:58.7
20130618,2013,12,2013,6,18,205,CUST_000246,500,ITEM_000040,LMP                           ,LMP04002                      ,LMP04                         ,5,Trade          ,C                             ,CROM                                    ,NET_SALES                     ,Discontinuing,Traditional,Unk,U,U,ZZ2       ,Independent Retailers Association,NA                            ,SP_000049,NOR,Commercial & Industrial,48.0,15.638,20,0,AUD,,INV_000699,LINE_000014,20130618,ORD_000700,20130618,49:58.7
20130314,2013,9,2013,3,14,205,CUST_000246,500,ITEM_000040,LMP                           ,LMP04002                      ,LMP04                         ,5,Trade          ,C                             ,CROM                                    ,NET_SALES                     ,Discontinuing,Traditional,Unk,U,U,ZZ2       ,Independent Retailers Association,NA                            ,SP_000049,NOR,Commercial & Industrial,24.0,8.765,10,0,AUD,,INV_000700,LINE_000014,20130314,ORD_000701,20130314,49:58.7
20130108,2013,7,2013,1,8,205,CUST_000247,500,ITEM_000040,LMP                           ,LMP04002                      ,LMP04                         ,5,Trade          ,C                             ,CROM                                    ,NET_SALES                     ,Discontinuing,Traditional,Unk,U,U,ZZ2       ,Independent Retailers Association,NA                            ,SP_000003,NOR,Commercial & Industrial,24.0,8.771,10,0,AUD,,INV_000701,LINE_000014,20130108,ORD_000702,20130107,49:58.7
20130116,2013,7,2013,1,16,205,CUST_000175,400,ITEM_000037,COM                           ,COM03002                      ,COM03                         ,5,Trade          ,C                             ,220,NET_SALES                     ,Continuing,Accessories,5N2,I,J,NES,NextGen Electrical Solutions,NA                            ,SP_000006,NOR,Commercial & Industrial,146.0,93.8,20,0,AUD,,INV_000702,LINE_000014,20130116,ORD_000703,20130115,49:58.7
20130514,2013,11,2013,5,14,205,CUST_000241,500,ITEM_000037,COM                           ,COM03002                      ,COM03                         ,5,Trade          ,C                             ,220,NET_SALES                     ,Continuing,Accessories,5S0,E,J,MED,Metro Electrical Distributors,NA                            ,SP_000047,NOR,Commercial & Industrial,37.5,23.449,5,0,AUD,,INV_000703,LINE_000014,20130514,ORD_000704,20130514,49:58.7
20130403,2013,10,2013,4,3,205,CUST_000007,400,ITEM_000037,COM                           ,COM03002                      ,COM03                         ,5,Trade          ,C                             ,220,NET_SALES                     ,Continuing,Accessories,5N2,I,J,MED,Metro Electrical Distributors,NA                            ,SP_000006,NOR,Commercial & Industrial,150.0,93.8,20,0,AUD,,INV_000704,LINE_000014,20130403,ORD_000705,20130402,49:58.7
20130222,2013,8,2013,2,22,205,CUST_000204,310,ITEM_000037,COM                           ,COM03002                      ,COM03                         ,5,Trade          ,C                             ,220,NET_SALES                     ,Continuing,Accessories,5N2,I,J,MED,Metro Electrical Distributors,NA                            ,SP_000005,NOR,Commercial & Industrial,7.5,4.69,1,0,AUD,,INV_000705,LINE_000014,20130222,ORD_000706,20130221,49:58.7
20130221,2013,8,2013,2,21,205,CUST_000235,500,ITEM_000039,LMP                           ,LMP05003                      ,LMP05                         ,7,Trade          ,C                             ,76,NET_SALES                     ,Discontinuing,Traditional,5S0,E,J,ZZ8       ,EndUser Solutions,NA                            ,SP_000046,NOR,Commercial & Industrial,2.21,0.4017,1,0,AUD,,INV_000706,LINE_000014,20130221,ORD_000707,20130221,49:58.7
20130618,2013,12,2013,6,18,205,CUST_000248,500,ITEM_000039,LMP                           ,LMP05003                      ,LMP05                         ,7,Trade          ,C                             ,76,NET_SALES                     ,Discontinuing,Traditional,5S0,E,J,ZZ2       ,Independent Retailers Association,NA                            ,SP_000050,NOR,Commercial & Industrial,14.04,2.4102,6,0,AUD,,INV_000707,LINE_000014,20130618,ORD_000708,20130617,49:58.7
20130118,2013,7,2013,1,18,101,CUST_000046,720,ITEM_000041,PEN                           ,PEN01001                      ,PEN01                         ,6,Professional   ,P                             ,219,NET_SALES                     ,Discontinuing,Traditional,1N0,I,E,INTERCO   ,InterGlobal Trading,NA                            ,SP_000023,NOR,Commercial & Industrial,314.34,290.5159,1,0,AUD,,INV_000708,LINE_000004,20130118,ORD_000709,20130118,49:58.7
20130307,2013,9,2013,3,7,101,CUST_000249,300,ITEM_000041,PEN                           ,PEN01001                      ,PEN01                         ,6,Professional   ,P                             ,219,NET_SALES                     ,Discontinuing,Traditional,1V0,I,J,MED,Metro Electrical Distributors,NA                            ,SP_000051,PRO,Commercial & Industrial,630.0,308.18,1,0,AUD,,INV_000709,LINE_000001,20130307,ORD_000710,20130207,49:58.7
20130429,2013,10,2013,4,29,101,CUST_000046,720,ITEM_000042,COM                           ,COM90001                      ,COM90                         ,6,Professional   ,P                             ,219,NET_SALES                     ,Continuing,Accessories,1N0,I,E,INTERCO   ,InterGlobal Trading,NA                            ,SP_000023,NOR,Commercial & Industrial,1297.04,1258.116,4,0,AUD,,INV_000710,LINE_000008,20130429,ORD_000711,20130429,49:58.7
20130115,2013,7,2013,1,15,101,CUST_000250,400,ITEM_000042,COM                           ,COM90001                      ,COM90                         ,6,Professional   ,P                             ,219,NET_SALES                     ,Continuing,Accessories,1Q0,I,E,NLG,Nationwide Lighting Group,BDG                           ,SP_000044,PRO,Commercial & Industrial,2393.58,848.28,3,0,AUD,,INV_000711,LINE_000001,20130115,ORD_000712,20121121,49:58.7
20130613,2013,12,2013,6,13,101,CUST_000251,200,ITEM_000043,COM                           ,COM90001                      ,COM90                         ,6,Professional   ,P                             ,219,NET_SALES                     ,Discontinuing,Traditional,1N1,I,E,ZZZ       ,General Suppliers Pty,NA                            ,SP_000052,CRR,Commercial & Industrial,0.0,-963.4,-4,0,AUD,,INV_000712,LINE_000002,20130613,ORD_000713,20130612,49:58.7
20130506,2013,11,2013,5,6,101,CUST_000251,200,ITEM_000043,COM                           ,COM90001                      ,COM90                         ,6,Professional   ,P                             ,219,NET_SALES                     ,Discontinuing,Traditional,1N1,I,E,ZZZ       ,General Suppliers Pty,NA                            ,SP_000017,PRD,Commercial & Industrial,0.0,973.04,4,0,AUD,,INV_000713,LINE_000001,20130506,ORD_000714,20121204,49:58.7
20130118,2013,7,2013,1,18,101,CUST_000046,720,ITEM_000043,COM                           ,COM90001                      ,COM90                         ,6,Professional   ,P                             ,219,NET_SALES                     ,Discontinuing,Traditional,1N0,I,E,INTERCO   ,InterGlobal Trading,NA                            ,SP_000023,NOR,Commercial & Industrial,990.56,960.7472,4,0,AUD,,INV_000708,LINE_000004,20130118,ORD_000709,20130118,49:58.7
20130611,2013,12,2013,6,11,205,CUST_000252,200,ITEM_000044,LMP                           ,LMP05017                      ,LMP05                         ,7,Trade          ,C                             ,76,NET_SALES                     ,Discontinuing,Traditional,5N2,J,J,ZZ2       ,Independent Retailers Association,NA                            ,SP_000026,NOR,Commercial & Industrial,16.2,4.365,10,0,AUD,,INV_000714,LINE_000014,20130611,ORD_000715,20130610,49:58.7
20130129,2013,7,2013,1,29,205,CUST_000253,300,ITEM_000037,COM                           ,COM03002                      ,COM03                         ,5,Trade          ,C                             ,220,NET_SALES                     ,Continuing,Accessories,5V0,E,J,NES,NextGen Electrical Solutions,NA                            ,SP_000008,NOR,Commercial & Industrial,146.0,93.096,20,0,AUD,,INV_000715,LINE_000014,20130129,ORD_000716,20130117,49:58.7
20130107,2013,7,2013,1,7,205,CUST_000254,410,ITEM_000045,COM                           ,COM03002                      ,COM03                         ,5,Trade          ,C                             ,CROM                                    ,NET_SALES                     ,Continuing,Accessories,5N2,A,J,ELC,ElectraCorp Ltd,NA                            ,SP_000015,NOR,Commercial & Industrial,185.76,79.96,4,0,AUD,,INV_000716,LINE_000014,20130107,ORD_000717,20130107,49:58.7
20130410,2013,10,2013,4,10,205,CUST_000255,600,ITEM_000045,COM                           ,COM03002                      ,COM03                         ,5,Trade          ,C                             ,CROM                                    ,NET_SALES                     ,Continuing,Accessories,5W0,D,J,NES,NextGen Electrical Solutions,NA                            ,SP_000031,NOR,Commercial & Industrial,202.5,119.94,6,0,AUD,,INV_000717,LINE_000014,20130410,ORD_000718,20130409,49:58.7
20130124,2013,7,2013,1,24,205,CUST_000256,200,ITEM_000045,COM                           ,COM03002                      ,COM03                         ,5,Trade          ,C                             ,CROM                                    ,NET_SALES                     ,Continuing,Accessories,5N2,A,J,NES,NextGen Electrical Solutions,NA                            ,SP_000010,NOR,Commercial & Industrial,101.25,59.97,3,0,AUD,,INV_000718,LINE_000014,20130124,ORD_000719,20130118,49:58.7
20130503,2013,11,2013,5,3,205,CUST_000257,600,ITEM_000045,COM                           ,COM03002                      ,COM03                         ,5,Trade          ,C                             ,CROM                                    ,NET_SALES                     ,Continuing,Accessories,5W0,D,J,NLG,Nationwide Lighting Group,NA                            ,SP_000031,NOR,Commercial & Industrial,33.75,19.99,1,0,AUD,,INV_000719,LINE_000014,20130503,ORD_000720,20130503,49:58.7
20130424,2013,10,2013,4,24,205,CUST_000258,500,ITEM_000045,COM                           ,COM03002                      ,COM03                         ,5,Trade          ,C                             ,CROM                                    ,NET_SALES                     ,Continuing,Accessories,5S0,D,J,MED,Metro Electrical Distributors,NA                            ,SP_000029,NOR,Commercial & Industrial,67.5,39.98,2,0,AUD,,INV_000720,LINE_000014,20130424,ORD_000721,20130424,49:58.7
20130422,2013,10,2013,4,22,205,CUST_000259,500,ITEM_000045,COM                           ,COM03002                      ,COM03                         ,5,Trade          ,C                             ,CROM                                    ,NET_SALES                     ,Continuing,Accessories,5S0,D,J,MED,Metro Electrical Distributors,NA                            ,SP_000022,NOR,Commercial & Industrial,33.75,19.99,1,0,AUD,,INV_000721,LINE_000014,20130422,ORD_000722,20130419,49:58.7
20130501,2013,11,2013,5,1,205,CUST_000247,500,ITEM_000040,LMP                           ,LMP04002                      ,LMP04                         ,5,Trade          ,C                             ,CROM                                    ,NET_SALES                     ,Discontinuing,Traditional,Unk,U,U,ZZ2       ,Independent Retailers Association,NA                            ,SP_000003,NOR,Commercial & Industrial,24.0,7.819,10,0,AUD,,INV_000722,LINE_000014,20130501,ORD_000723,20130501,49:58.7
20130211,2013,8,2013,2,11,205,CUST_000260,200,ITEM_000040,LMP                           ,LMP04002                      ,LMP04                         ,5,Trade          ,C                             ,CROM                                    ,NET_SALES                     ,Discontinuing,Traditional,5N2,J,J,NES,NextGen Electrical Solutions,NA                            ,SP_000012,NOR,Commercial & Industrial,120.0,43.81,50,0,AUD,,INV_000723,LINE_000014,20130211,ORD_000724,20130208,49:58.7
20130211,2013,8,2013,2,11,205,CUST_000239,500,ITEM_000040,LMP                           ,LMP04002                      ,LMP04                         ,5,Trade          ,C                             ,CROM                                    ,NET_SALES                     ,Discontinuing,Traditional,Unk,U,U,ZZ2       ,Independent Retailers Association,NA                            ,SP_000046,NOR,Commercial & Industrial,24.0,8.765,10,0,AUD,,INV_000724,LINE_000014,20130211,ORD_000725,20130211,49:58.7
20130516,2013,11,2013,5,16,205,CUST_000235,500,ITEM_000040,LMP                           ,LMP04002                      ,LMP04                         ,5,Trade          ,C                             ,CROM                                    ,NET_SALES                     ,Discontinuing,Traditional,Unk,U,U,ZZ8       ,EndUser Solutions,NA                            ,SP_000046,NOR,Commercial & Industrial,28.56,10.9466,14,0,AUD,,INV_000725,LINE_000014,20130516,ORD_000726,20130515,49:58.7
20130227,2013,8,2013,2,27,205,CUST_000261,410,ITEM_000040,LMP                           ,LMP04002                      ,LMP04                         ,5,Trade          ,C                             ,CROM                                    ,NET_SALES                     ,Discontinuing,Traditional,5N2,J,J,ZZ6       ,Constructor Supplies,NA                            ,SP_000001,NOR,Commercial & Industrial,115.0,43.81,50,0,AUD,,INV_000726,LINE_000014,20130227,ORD_000727,20130227,49:58.7
20130211,2013,8,2013,2,11,205,CUST_000261,410,ITEM_000040,LMP                           ,LMP04002                      ,LMP04                         ,5,Trade          ,C                             ,CROM                                    ,NET_SALES                     ,Discontinuing,Traditional,5N2,J,J,ZZ6       ,Constructor Supplies,NA                            ,SP_000001,NOR,Commercial & Industrial,690.0,262.86,300,0,AUD,,INV_000727,LINE_000014,20130211,ORD_000728,20130208,49:58.7
20130108,2013,7,2013,1,8,205,CUST_000261,410,ITEM_000040,LMP                           ,LMP04002                      ,LMP04                         ,5,Trade          ,C                             ,CROM                                    ,NET_SALES                     ,Discontinuing,Traditional,5N2,J,J,ZZ6       ,Constructor Supplies,NA                            ,SP_000001,NOR,Commercial & Industrial,1150.0,438.1,500,0,AUD,,INV_000728,LINE_000014,20130108,ORD_000729,20130107,49:58.7
20130130,2013,7,2013,1,30,101,CUST_000262,500,ITEM_000046,940,704,2011,1,Professional   ,P                             ,NA                                      ,NET_SALES                     ,Continuing,Accessories,Unk,U,U,MED,Metro Electrical Distributors,NA                            ,SP_000003,PPO,Commercial & Industrial,816.0,447.4092,4,0,AUD,,INV_000729,LINE_000001,20130130,ORD_000730,20130130,49:58.7
20130115,2013,7,2013,1,15,101,CUST_000046,720,ITEM_000041,PEN                           ,PEN01001                      ,PEN01                         ,6,Professional   ,P                             ,219,NET_SALES                     ,Discontinuing,Traditional,1N0,I,E,INTERCO   ,InterGlobal Trading,NA                            ,SP_000023,NOR,Commercial & Industrial,1571.7,1452.5795,5,0,AUD,,INV_000730,LINE_000008,20130115,ORD_000709,20130115,49:58.7
20130510,2013,11,2013,5,10,205,CUST_000263,400,ITEM_000047,LMP                           ,LMP05002                      ,LMP05                         ,7,Trade          ,C                             ,76,NET_SALES                     ,Discontinuing,Traditional,5N2,C,J,ZZZ       ,General Suppliers Pty,NA                            ,SP_000001,NOR,Commercial & Industrial,24.0,13.176,30,0,AUD,,INV_000731,LINE_000014,20130510,ORD_000731,20130509,49:58.7
20130109,2013,7,2013,1,9,205,CUST_000264,300,ITEM_000047,LMP                           ,LMP05002                      ,LMP05                         ,7,Trade          ,C                             ,76,NET_SALES                     ,Discontinuing,Traditional,5N2,C,J,ZZ3       ,ProLighting Specialists,NA                            ,SP_000033,NOR,Commercial & Industrial,9.4,4.392,10,0,AUD,,INV_000732,LINE_000014,20130109,ORD_000732,20130108,49:58.7
20130409,2013,10,2013,4,9,205,CUST_000264,300,ITEM_000047,LMP                           ,LMP05002                      ,LMP05                         ,7,Trade          ,C                             ,76,NET_SALES                     ,Discontinuing,Traditional,5N2,C,J,ZZ3       ,ProLighting Specialists,NA                            ,SP_000033,NOR,Commercial & Industrial,18.8,8.784,20,0,AUD,,INV_000733,LINE_000014,20130409,ORD_000733,20130408,49:58.7
20130430,2013,10,2013,4,30,205,CUST_000265,300,ITEM_000047,LMP                           ,LMP05002                      ,LMP05                         ,7,Trade          ,C                             ,76,NET_SALES                     ,Discontinuing,Traditional,5V0,D,J,ZZ8       ,EndUser Solutions,NA                            ,SP_000033,CRD,Commercial & Industrial,-1.36,0.0,0,1,AUD,,INV_000734,LINE_000014,20130430,ORD_000734,20130430,49:58.7
20130118,2013,7,2013,1,18,205,CUST_000266,300,ITEM_000047,LMP                           ,LMP05002                      ,LMP05                         ,7,Trade          ,C                             ,76,NET_SALES                     ,Discontinuing,Traditional,5N2,C,J,ZZ2       ,Independent Retailers Association,NA                            ,SP_000053,NOR,Commercial & Industrial,10.0,4.392,10,0,AUD,,INV_000735,LINE_000014,20130118,ORD_000735,20130117,49:58.7
20130619,2013,12,2013,6,19,205,CUST_000267,300,ITEM_000047,LMP                           ,LMP05002                      ,LMP05                         ,7,Trade          ,C                             ,76,NET_SALES                     ,Discontinuing,Traditional,5N2,C,J,NLG,Nationwide Lighting Group,NA                            ,SP_000054,NOR,Commercial & Industrial,25.5,13.176,30,0,AUD,,INV_000736,LINE_000014,20130619,ORD_000736,20130619,49:58.7
20130626,2013,12,2013,6,26,205,CUST_000268,500,ITEM_000047,LMP                           ,LMP05002                      ,LMP05                         ,7,Trade          ,C                             ,76,NET_SALES                     ,Discontinuing,Traditional,5S0,D,J,ZZ3       ,ProLighting Specialists,NA                            ,SP_000055,NOR,Commercial & Industrial,1.87,0.8782,2,0,AUD,,INV_000737,LINE_000014,20130626,ORD_000737,20130626,49:58.7
20130227,2013,8,2013,2,27,101,CUST_000269,400,ITEM_000048,COM                           ,COM99001                      ,COM99                         ,4,Professional   ,P                             ,NA                                      ,NET_SALES                     ,Discontinuing,Traditional,1Q0,D,J,NES,NextGen Electrical Solutions,NA                            ,SP_000006,CRR,Commercial & Industrial,-1452.71,-726.36,-4,0,AUD,,INV_000738,LINE_000001,20130227,ORD_000738,20130227,49:58.7
20130422,2013,10,2013,4,22,101,CUST_000029,200,ITEM_000048,COM                           ,COM99001                      ,COM99                         ,4,Professional   ,P                             ,NA                                      ,NET_SALES                     ,Discontinuing,Traditional,1N1,D,E,MED,Metro Electrical Distributors,NA                            ,SP_000011,CRD,Commercial & Industrial,-2302.1,0.0,0,1,AUD,,INV_000739,LINE_000001,20130422,ORD_000739,20130422,49:58.7
20130109,2013,7,2013,1,9,101,CUST_000014,300,ITEM_000048,COM                           ,COM99001                      ,COM99                         ,4,Professional   ,P                             ,NA                                      ,NET_SALES                     ,Discontinuing,Traditional,1V0,D,J,BPS,BrightPower Solutions,NA                            ,SP_000004,NOR,Commercial & Industrial,526.75,181.59,1,0,AUD,,INV_000740,LINE_000001,20130109,ORD_000740,20130109,49:58.7
20130415,2013,10,2013,4,15,101,CUST_000270,400,ITEM_000048,COM                           ,COM99001                      ,COM99                         ,4,Professional   ,P                             ,NA                                      ,NET_SALES                     ,Discontinuing,Traditional,1Q0,D,J,ZZZ       ,General Suppliers Pty,NA                            ,SP_000025,CSH,Commercial & Industrial,1452.72,1089.54,6,0,AUD,,INV_000741,LINE_000001,20130415,ORD_000741,20130410,49:58.7
20130218,2013,8,2013,2,18,101,CUST_000271,500,ITEM_000048,COM                           ,COM99001                      ,COM99                         ,4,Professional   ,P                             ,NA                                      ,NET_SALES                     ,Discontinuing,Traditional,1S0,J,E,BPS,BrightPower Solutions,NA                            ,SP_000029,PPO,Commercial & Industrial,363.2,181.59,1,0,AUD,,INV_000742,LINE_000002,20130218,ORD_000742,20130204,49:58.7
20130319,2013,9,2013,3,19,101,CUST_000272,600,ITEM_000048,COM                           ,COM99001                      ,COM99                         ,4,Professional   ,P                             ,NA                                      ,NET_SALES                     ,Discontinuing,Traditional,1W0,D,E,MED,Metro Electrical Distributors,EDI                           ,SP_000031,NOR,Commercial & Industrial,363.18,181.59,1,0,AUD,,INV_000743,LINE_000001,20130319,ORD_000743,20130319,49:58.7
20130107,2013,7,2013,1,7,205,CUST_000232,200,ITEM_000049,LMP                           ,LMP02001                      ,LMP02                         ,5,Trade          ,C                             ,CROM                                    ,NET_SALES                     ,Discontinuing,Traditional,5N2,J,J,ZZ2       ,Independent Retailers Association,NA                            ,SP_000045,NOR,Commercial & Industrial,7.8,2.4556,2,0,AUD,,INV_000666,LINE_000014,20130107,ORD_000667,20130107,49:58.7
20130214,2013,8,2013,2,14,205,CUST_000273,400,ITEM_000049,LMP                           ,LMP02001                      ,LMP02                         ,5,Trade          ,C                             ,CROM                                    ,NET_SALES                     ,Discontinuing,Traditional,5N2,J,J,ZZ2       ,Independent Retailers Association,NA                            ,SP_000040,NOR,Commercial & Industrial,33.15,12.278,10,0,AUD,,INV_000744,LINE_000014,20130214,ORD_000744,20130213,49:58.7
20130109,2013,7,2013,1,9,205,CUST_000209,310,ITEM_000049,LMP                           ,LMP02001                      ,LMP02                         ,5,Trade          ,C                             ,CROM                                    ,NET_SALES                     ,Discontinuing,Traditional,5N2,J,J,BPS,BrightPower Solutions,NA                            ,SP_000005,NOR,Commercial & Industrial,195.0,61.39,50,0,AUD,,INV_000745,LINE_000014,20130109,ORD_000745,20130108,49:58.7
20130614,2013,12,2013,6,14,205,CUST_000209,310,ITEM_000049,LMP                           ,LMP02001                      ,LMP02                         ,5,Trade          ,C                             ,CROM                                    ,NET_SALES                     ,Discontinuing,Traditional,5N2,J,J,BPS,BrightPower Solutions,NA                            ,SP_000005,NOR,Commercial & Industrial,78.0,24.556,20,0,AUD,,INV_000746,LINE_000014,20130614,ORD_000746,20130614,49:58.7
20130116,2013,7,2013,1,16,205,CUST_000274,600,ITEM_000049,LMP                           ,LMP02001                      ,LMP02                         ,5,Trade          ,C                             ,CROM                                    ,NET_SALES                     ,Discontinuing,Traditional,5W0,J,J,ZZ2       ,Independent Retailers Association,NA                            ,SP_000056,NOR,Commercial & Industrial,7.02,2.4018,2,0,AUD,,INV_000747,LINE_000014,20130116,ORD_000747,20130116,49:58.7
20130520,2013,11,2013,5,20,205,CUST_000232,200,ITEM_000049,LMP                           ,LMP02001                      ,LMP02                         ,5,Trade          ,C                             ,CROM                                    ,NET_SALES                     ,Discontinuing,Traditional,5N2,J,J,ZZ2       ,Independent Retailers Association,NA                            ,SP_000045,NOR,Commercial & Industrial,21.06,7.3668,6,0,AUD,,INV_000667,LINE_000014,20130520,ORD_000668,20130517,49:58.7
20130402,2013,10,2013,4,2,101,CUST_000275,410,ITEM_000050,COM                           ,COM90001                      ,COM90                         ,6,Professional   ,P                             ,219,NET_SALES                     ,Continuing,Accessories,1Q1,I,E,ELC,ElectraCorp Ltd,TBA                           ,SP_000057,PRO,Commercial & Industrial,594.0,299.97,33,0,AUD,,INV_000748,LINE_000001,20130402,ORD_000748,20130221,49:58.7
20130129,2013,7,2013,1,29,101,CUST_000086,600,ITEM_000051,COM                           ,COM99001                      ,COM99                         ,4,Professional   ,P                             ,NA                                      ,NET_SALES                     ,Discontinuing,Traditional,1W0,E,E,MED,Metro Electrical Distributors,EDI                           ,SP_000024,NOR,Commercial & Industrial,810.76,405.38,2,0,AUD,,INV_000749,LINE_000001,20130129,ORD_000749,20121212,49:58.7
20130405,2013,10,2013,4,5,101,CUST_000276,210,ITEM_000051,COM                           ,COM99001                      ,COM99                         ,4,Professional   ,P                             ,NA                                      ,NET_SALES                     ,Discontinuing,Traditional,1N1,E,E,MED,Metro Electrical Distributors,NA                            ,SP_000021,NOR,Commercial & Industrial,1390.6,810.76,4,0,AUD,,INV_000750,LINE_000001,20130405,ORD_000750,20130318,49:58.7
20130430,2013,10,2013,4,30,205,CUST_000277,200,ITEM_000052,LMP                           ,LMP05002                      ,LMP05                         ,7,Trade          ,C                             ,76,NET_SALES                     ,Discontinuing,Traditional,5N2,G,J,ZZ1       ,Builders Supply Network,NA                            ,SP_000058,NOR,Commercial & Industrial,8.6,3.789,10,0,AUD,,INV_000751,LINE_000014,20130430,ORD_000751,20130430,49:58.7
20130517,2013,11,2013,5,17,205,CUST_000278,400,ITEM_000052,LMP                           ,LMP05002                      ,LMP05                         ,7,Trade          ,C                             ,76,NET_SALES                     ,Discontinuing,Traditional,5N2,G,J,ZZ1       ,Builders Supply Network,NA                            ,SP_000025,NOR,Commercial & Industrial,17.2,7.578,20,0,AUD,,INV_000752,LINE_000014,20130517,ORD_000752,20130415,49:58.7
20130520,2013,11,2013,5,20,205,CUST_000232,200,ITEM_000044,LMP                           ,LMP05017                      ,LMP05                         ,7,Trade          ,C                             ,76,NET_SALES                     ,Discontinuing,Traditional,5N2,J,J,ZZ2       ,Independent Retailers Association,NA                            ,SP_000045,NOR,Commercial & Industrial,3.24,0.873,2,0,AUD,,INV_000667,LINE_000014,20130520,ORD_000668,20130517,49:58.7
20130612,2013,12,2013,6,12,205,CUST_000279,200,ITEM_000044,LMP                           ,LMP05017                      ,LMP05                         ,7,Trade          ,C                             ,76,NET_SALES                     ,Discontinuing,Traditional,5N2,J,J,ZZ2       ,Independent Retailers Association,NA                            ,SP_000045,NOR,Commercial & Industrial,32.4,8.73,20,0,AUD,,INV_000753,LINE_000014,20130612,ORD_000753,20130611,49:58.7
20130212,2013,8,2013,2,12,205,CUST_000280,200,ITEM_000044,LMP                           ,LMP05017                      ,LMP05                         ,7,Trade          ,C                             ,76,NET_SALES                     ,Discontinuing,Traditional,5N2,J,J,ZZ2       ,Independent Retailers Association,NA                            ,SP_000045,NOR,Commercial & Industrial,13.77,4.365,10,0,AUD,,INV_000754,LINE_000014,20130212,ORD_000754,20130211,49:58.7
20130118,2013,7,2013,1,18,205,CUST_000281,200,ITEM_000044,LMP                           ,LMP05017                      ,LMP05                         ,7,Trade          ,C                             ,76,NET_SALES                     ,Discontinuing,Traditional,5N2,J,J,ZZ3       ,ProLighting Specialists,NA                            ,SP_000017,NOR,Commercial & Industrial,14.58,4.622,10,0,AUD,,INV_000755,LINE_000014,20130118,ORD_000755,20130117,49:58.7
20130212,2013,8,2013,2,12,205,CUST_000282,400,ITEM_000044,LMP                           ,LMP05017                      ,LMP05                         ,7,Trade          ,C                             ,76,NET_SALES                     ,Discontinuing,Traditional,5N2,J,J,NES,NextGen Electrical Solutions,NA                            ,SP_000015,NOR,Commercial & Industrial,9.72,2.619,6,0,AUD,,INV_000756,LINE_000014,20130212,ORD_000756,20130211,49:58.7
20130405,2013,10,2013,4,5,205,CUST_000283,200,ITEM_000044,LMP                           ,LMP05017                      ,LMP05                         ,7,Trade          ,C                             ,76,NET_SALES                     ,Discontinuing,Traditional,5N2,J,J,ZZ3       ,ProLighting Specialists,NA                            ,SP_000045,NOR,Commercial & Industrial,29.16,8.73,20,0,AUD,,INV_000757,LINE_000014,20130405,ORD_000757,20130404,49:58.7
20130524,2013,11,2013,5,24,205,CUST_000284,200,ITEM_000044,LMP                           ,LMP05017                      ,LMP05                         ,7,Trade          ,C                             ,76,NET_SALES                     ,Discontinuing,Traditional,5N2,J,J,ZZ2       ,Independent Retailers Association,NA                            ,SP_000009,NOR,Commercial & Industrial,41.31,13.095,30,0,AUD,,INV_000758,LINE_000014,20130524,ORD_000758,20130522,49:58.7
20130221,2013,8,2013,2,21,205,CUST_000285,200,ITEM_000053,LMP                           ,LMP05025                      ,LMP05                         ,7,Trade          ,C                             ,219,NET_SALES                     ,Discontinuing,Traditional,5N2,C,J,ZZ2       ,Independent Retailers Association,NA                            ,SP_000009,NOR,Commercial & Industrial,16.2,4.861,10,0,AUD,,INV_000759,LINE_000014,20130221,ORD_000759,20130221,49:58.7
20130325,2013,9,2013,3,25,205,CUST_000286,300,ITEM_000053,LMP                           ,LMP05025                      ,LMP05                         ,7,Trade          ,C                             ,219,NET_SALES                     ,Discontinuing,Traditional,5N2,C,J,ZZ3       ,ProLighting Specialists,NA                            ,SP_000033,NOR,Commercial & Industrial,14.58,4.861,10,0,AUD,,INV_000760,LINE_000014,20130325,ORD_000760,20130325,49:58.7
20130208,2013,8,2013,2,8,205,CUST_000287,200,ITEM_000053,LMP                           ,LMP05025                      ,LMP05                         ,7,Trade          ,C                             ,219,NET_SALES                     ,Discontinuing,Traditional,5N2,C,J,UES,Unified Electrical Suppliers,NA                            ,SP_000009,CRD,Commercial & Industrial,-2.8,0.0,0,1,AUD,,INV_000761,LINE_000014,20130208,ORD_000761,20130208,49:58.7
20130625,2013,12,2013,6,25,205,CUST_000288,500,ITEM_000053,LMP                           ,LMP05025                      ,LMP05                         ,7,Trade          ,C                             ,219,NET_SALES                     ,Discontinuing,Traditional,5S0,D,J,ZZ8       ,EndUser Solutions,NA                            ,SP_000059,NOR,Commercial & Industrial,2.75,0.9794,2,0,AUD,,INV_000762,LINE_000014,20130625,ORD_000762,20130624,49:58.7
20130405,2013,10,2013,4,5,205,CUST_000289,410,ITEM_000053,LMP                           ,LMP05025                      ,LMP05                         ,7,Trade          ,C                             ,219,NET_SALES                     ,Discontinuing,Traditional,5N2,C,J,ZZZ       ,General Suppliers Pty,NA                            ,SP_000060,NOR,Commercial & Industrial,1.46,0.4861,1,0,AUD,,INV_000763,LINE_000014,20130405,ORD_000763,20130404,49:58.7
20130220,2013,8,2013,2,20,205,CUST_000290,500,ITEM_000053,LMP                           ,LMP05025                      ,LMP05                         ,7,Trade          ,C                             ,219,NET_SALES                     ,Discontinuing,Traditional,5S0,D,J,ZZ2       ,Independent Retailers Association,NA                            ,SP_000050,NOR,Commercial & Industrial,2.92,0.9794,2,0,AUD,,INV_000764,LINE_000014,20130220,ORD_000764,20130219,49:58.7
20130525,2013,11,2013,5,25,205,CUST_000291,400,ITEM_000045,COM                           ,COM03002                      ,COM03                         ,5,Trade          ,C                             ,CROM                                    ,NET_SALES                     ,Continuing,Accessories,5N2,A,J,NES,NextGen Electrical Solutions,NA                            ,SP_000006,NOR,Commercial & Industrial,64.12,37.7794,2,0,AUD,,INV_000765,LINE_000014,20130525,ORD_000765,20130509,49:58.7
20130325,2013,9,2013,3,25,205,CUST_000039,400,ITEM_000045,COM                           ,COM03002                      ,COM03                         ,5,Trade          ,C                             ,CROM                                    ,NET_SALES                     ,Continuing,Accessories,5Q0,D,J,MED,Metro Electrical Distributors,NA                            ,SP_000006,NOR,Commercial & Industrial,101.25,59.97,3,0,AUD,,INV_000766,LINE_000014,20130325,ORD_000766,20130325,49:58.7
20130524,2013,11,2013,5,24,205,CUST_000039,400,ITEM_000045,COM                           ,COM03002                      ,COM03                         ,5,Trade          ,C                             ,CROM                                    ,NET_SALES                     ,Continuing,Accessories,5N2,A,J,MED,Metro Electrical Distributors,NA                            ,SP_000006,NOR,Commercial & Industrial,101.25,56.6691,3,0,AUD,,INV_000767,LINE_000014,20130524,ORD_000767,20130523,49:58.7
20130214,2013,8,2013,2,14,205,CUST_000292,300,ITEM_000045,COM                           ,COM03002                      ,COM03                         ,5,Trade          ,C                             ,CROM                                    ,NET_SALES                     ,Continuing,Accessories,5V0,D,J,MED,Metro Electrical Distributors,NA                            ,SP_000002,NOR,Commercial & Industrial,202.5,114.7746,6,0,AUD,,INV_000768,LINE_000014,20130214,ORD_000768,20130214,49:58.7
20130618,2013,12,2013,6,18,205,CUST_000293,200,ITEM_000053,LMP                           ,LMP05025                      ,LMP05                         ,7,Trade          ,C                             ,219,NET_SALES                     ,Discontinuing,Traditional,5N2,C,J,ZZ3       ,ProLighting Specialists,NA                            ,SP_000055,NOR,Commercial & Industrial,7.29,2.4305,5,0,AUD,,INV_000769,LINE_000014,20130618,ORD_000769,20130617,49:58.7
20130116,2013,7,2013,1,16,205,CUST_000063,410,ITEM_000053,LMP                           ,LMP05025                      ,LMP05                         ,7,Trade          ,C                             ,219,NET_SALES                     ,Discontinuing,Traditional,5N2,C,J,MED,Metro Electrical Distributors,NA                            ,SP_000001,NOR,Commercial & Industrial,16.2,4.861,10,0,AUD,,INV_000770,LINE_000014,20130116,ORD_000770,20130116,49:58.7
20130306,2013,9,2013,3,6,205,CUST_000294,400,ITEM_000053,LMP                           ,LMP05025                      ,LMP05                         ,7,Trade          ,C                             ,219,NET_SALES                     ,Discontinuing,Traditional,5N2,C,J,MED,Metro Electrical Distributors,NA                            ,SP_000006,NOR,Commercial & Industrial,8.1,2.4305,5,0,AUD,,INV_000771,LINE_000014,20130306,ORD_000771,20130306,49:58.7
20130110,2013,7,2013,1,10,205,CUST_000295,300,ITEM_000053,LMP                           ,LMP05025                      ,LMP05                         ,7,Trade          ,C                             ,219,NET_SALES                     ,Discontinuing,Traditional,5N2,C,J,ZZ2       ,Independent Retailers Association,NA                            ,SP_000053,NOR,Commercial & Industrial,5.6,1.9444,4,0,AUD,,INV_000772,LINE_000014,20130110,ORD_000772,20130109,49:58.7
20130621,2013,12,2013,6,21,205,CUST_000296,300,ITEM_000047,LMP                           ,LMP05002                      ,LMP05                         ,7,Trade          ,C                             ,76,NET_SALES                     ,Discontinuing,Traditional,5N2,C,J,ZZ8       ,EndUser Solutions,NA                            ,SP_000002,NOR,Commercial & Industrial,91.52,43.92,100,0,AUD,,INV_000773,LINE_000014,20130621,ORD_000773,20130620,49:58.7
20130131,2013,7,2013,1,31,205,CUST_000297,600,ITEM_000047,LMP                           ,LMP05002                      ,LMP05                         ,7,Trade          ,C                             ,76,NET_SALES                     ,Discontinuing,Traditional,5W0,D,J,ZZ1       ,Builders Supply Network,NA                            ,SP_000058,NOR,Commercial & Industrial,28.2,13.176,30,0,AUD,,INV_000774,LINE_000014,20130131,ORD_000774,20130109,49:58.7
20130613,2013,12,2013,6,13,205,CUST_000298,400,ITEM_000047,LMP                           ,LMP05002                      ,LMP05                         ,7,Trade          ,C                             ,76,NET_SALES                     ,Discontinuing,Traditional,5N2,C,J,ZZ2       ,Independent Retailers Association,NA                            ,SP_000061,NOR,Commercial & Industrial,0.0,0.4392,1,0,AUD,,INV_000775,LINE_000014,20130613,ORD_000775,20130612,49:58.7
20130614,2013,12,2013,6,14,205,CUST_000299,300,ITEM_000047,LMP                           ,LMP05002                      ,LMP05                         ,7,Trade          ,C                             ,76,NET_SALES                     ,Discontinuing,Traditional,5N2,C,J,ZZ3       ,ProLighting Specialists,NA                            ,SP_000033,NOR,Commercial & Industrial,9.4,4.392,10,0,AUD,,INV_000776,LINE_000014,20130614,ORD_000776,20130614,49:58.7
20130605,2013,12,2013,6,5,205,CUST_000300,710,ITEM_000047,LMP                           ,LMP05002                      ,LMP05                         ,7,Trade          ,C                             ,76,NET_SALES                     ,Discontinuing,Traditional,5N2,C,J,ZZ1       ,Builders Supply Network,NA                            ,SP_000058,NOR,Commercial & Industrial,94.0,43.92,100,0,AUD,,INV_000777,LINE_000014,20130605,ORD_000777,20130605,49:58.7
20130624,2013,12,2013,6,24,205,CUST_000264,300,ITEM_000047,LMP                           ,LMP05002                      ,LMP05                         ,7,Trade          ,C                             ,76,NET_SALES                     ,Discontinuing,Traditional,5N2,C,J,ZZ3       ,ProLighting Specialists,NA                            ,SP_000033,NOR,Commercial & Industrial,9.4,4.392,10,0,AUD,,INV_000778,LINE_000014,20130624,ORD_000778,20130624,49:58.7
20130304,2013,9,2013,3,4,205,CUST_000301,500,ITEM_000047,LMP                           ,LMP05002                      ,LMP05                         ,7,Trade          ,C                             ,76,NET_SALES                     ,Discontinuing,Traditional,5S0,D,J,NES,NextGen Electrical Solutions,NA                            ,SP_000022,NOR,Commercial & Industrial,20.8,8.782,20,0,AUD,,INV_000779,LINE_000014,20130304,ORD_000779,20130304,49:58.7
20130606,2013,12,2013,6,6,205,CUST_000302,200,ITEM_000044,LMP                           ,LMP05017                      ,LMP05                         ,7,Trade          ,C                             ,76,NET_SALES                     ,Discontinuing,Traditional,5N2,J,J,ZZ2       ,Independent Retailers Association,NA                            ,SP_000048,NOR,Commercial & Industrial,9.72,2.619,6,0,AUD,,INV_000780,LINE_000014,20130606,ORD_000780,20130605,49:58.7
20130606,2013,12,2013,6,6,205,CUST_000303,200,ITEM_000044,LMP                           ,LMP05017                      ,LMP05                         ,7,Trade          ,C                             ,76,NET_SALES                     ,Discontinuing,Traditional,5N2,J,J,ZZ1       ,Builders Supply Network,NA                            ,SP_000028,NOR,Commercial & Industrial,8.1,2.1825,5,0,AUD,,INV_000781,LINE_000014,20130606,ORD_000781,20130606,49:58.7
20130121,2013,7,2013,1,21,205,CUST_000304,200,ITEM_000044,LMP                           ,LMP05017                      ,LMP05                         ,7,Trade          ,C                             ,76,NET_SALES                     ,Discontinuing,Traditional,5N2,J,J,ZZ1       ,Builders Supply Network,NA                            ,SP_000045,NOR,Commercial & Industrial,16.2,4.622,10,0,AUD,,INV_000782,LINE_000014,20130121,ORD_000782,20130121,49:58.7
20130312,2013,9,2013,3,12,205,CUST_000304,200,ITEM_000044,LMP                           ,LMP05017                      ,LMP05                         ,7,Trade          ,C                             ,76,NET_SALES                     ,Discontinuing,Traditional,5N2,J,J,ZZ1       ,Builders Supply Network,NA                            ,SP_000045,NOR,Commercial & Industrial,16.2,4.365,10,0,AUD,,INV_000783,LINE_000014,20130312,ORD_000783,20130311,49:58.7
20130408,2013,10,2013,4,8,205,CUST_000305,200,ITEM_000044,LMP                           ,LMP05017                      ,LMP05                         ,7,Trade          ,C                             ,76,NET_SALES                     ,Discontinuing,Traditional,5N2,J,J,ZZ1       ,Builders Supply Network,NA                            ,SP_000062,NOR,Commercial & Industrial,16.2,4.365,10,0,AUD,,INV_000784,LINE_000014,20130408,ORD_000784,20130405,49:58.7
20130116,2013,7,2013,1,16,205,CUST_000306,200,ITEM_000044,LMP                           ,LMP05017                      ,LMP05                         ,7,Trade          ,C                             ,76,NET_SALES                     ,Discontinuing,Traditional,5N2,J,J,ZZ1       ,Builders Supply Network,NA                            ,SP_000048,NOR,Commercial & Industrial,16.2,4.622,10,0,AUD,,INV_000785,LINE_000014,20130116,ORD_000785,20130115,49:58.7
20130103,2013,7,2013,1,3,205,CUST_000307,200,ITEM_000052,LMP                           ,LMP05002                      ,LMP05                         ,7,Trade          ,C                             ,76,NET_SALES                     ,Discontinuing,Traditional,5N2,G,J,ZZ1       ,Builders Supply Network,NA                            ,SP_000058,NOR,Commercial & Industrial,3.44,1.6964,4,0,AUD,,INV_000786,LINE_000014,20130103,ORD_000786,20130103,49:58.7
20130521,2013,11,2013,5,21,205,CUST_000308,400,ITEM_000052,LMP                           ,LMP05002                      ,LMP05                         ,7,Trade          ,C                             ,76,NET_SALES                     ,Discontinuing,Traditional,5N2,G,J,ZZ1       ,Builders Supply Network,NA                            ,SP_000025,NOR,Commercial & Industrial,1.72,0.7578,2,0,AUD,,INV_000787,LINE_000014,20130521,ORD_000787,20130520,49:58.7
20130103,2013,7,2013,1,3,205,CUST_000308,400,ITEM_000052,LMP                           ,LMP05002                      ,LMP05                         ,7,Trade          ,C                             ,76,NET_SALES                     ,Discontinuing,Traditional,5N2,G,J,ZZ1       ,Builders Supply Network,NA                            ,SP_000025,NOR,Commercial & Industrial,4.3,2.1205,5,0,AUD,,INV_000788,LINE_000014,20130103,ORD_000788,20130103,49:58.7
20130213,2013,8,2013,2,13,205,CUST_000309,200,ITEM_000052,LMP                           ,LMP05002                      ,LMP05                         ,7,Trade          ,C                             ,76,NET_SALES                     ,Discontinuing,Traditional,5N2,G,J,ZZ1       ,Builders Supply Network,NA                            ,SP_000058,NOR,Commercial & Industrial,2.58,1.2723,3,0,AUD,,INV_000789,LINE_000014,20130213,ORD_000789,20130212,49:58.7
20130213,2013,8,2013,2,13,205,CUST_000310,600,ITEM_000052,LMP                           ,LMP05002                      ,LMP05                         ,7,Trade          ,C                             ,76,NET_SALES                     ,Discontinuing,Traditional,5W0,D,J,ZZ1       ,Builders Supply Network,NA                            ,SP_000056,NOR,Commercial & Industrial,11.18,5.5133,13,0,AUD,,INV_000790,LINE_000014,20130213,ORD_000790,20130213,49:58.7
20130211,2013,8,2013,2,11,205,CUST_000288,500,ITEM_000052,LMP                           ,LMP05002                      ,LMP05                         ,7,Trade          ,C                             ,76,NET_SALES                     ,Discontinuing,Traditional,5S0,D,J,ZZ8       ,EndUser Solutions,NA                            ,SP_000059,NOR,Commercial & Industrial,44.2,21.26,50,0,AUD,,INV_000791,LINE_000014,20130211,ORD_000791,20130211,49:58.7
20130226,2013,8,2013,2,26,205,CUST_000311,210,ITEM_000052,LMP                           ,LMP05002                      ,LMP05                         ,7,Trade          ,C                             ,76,NET_SALES                     ,Discontinuing,Traditional,5N2,G,J,UES,Unified Electrical Suppliers,NA                            ,SP_000012,NOR,Commercial & Industrial,4.08,1.5016,4,0,AUD,,INV_000792,LINE_000014,20130226,ORD_000792,20130225,49:58.7
20130211,2013,8,2013,2,11,205,CUST_000312,410,ITEM_000052,LMP                           ,LMP05002                      ,LMP05                         ,7,Trade          ,C                             ,76,NET_SALES                     ,Discontinuing,Traditional,5N2,G,J,ZZ2       ,Independent Retailers Association,NA                            ,SP_000001,NOR,Commercial & Industrial,5.2,2.1205,5,0,AUD,,INV_000793,LINE_000014,20130211,ORD_000793,20130208,49:58.7
20130325,2013,9,2013,3,25,205,CUST_000313,500,ITEM_000054,LMP                           ,LMP04002                      ,LMP04                         ,5,Trade          ,C                             ,CROM                                    ,NET_SALES                     ,Discontinuing,Traditional,5S0,J,J,ZZ1       ,Builders Supply Network,NA                            ,SP_000059,NOR,Commercial & Industrial,14.4,5.2548,6,0,AUD,,INV_000794,LINE_000014,20130325,ORD_000794,20130325,49:58.7
20130506,2013,11,2013,5,6,205,CUST_000239,500,ITEM_000054,LMP                           ,LMP04002                      ,LMP04                         ,5,Trade          ,C                             ,CROM                                    ,NET_SALES                     ,Discontinuing,Traditional,5S0,J,J,ZZ2       ,Independent Retailers Association,NA                            ,SP_000046,NOR,Commercial & Industrial,24.0,8.758,10,0,AUD,,INV_000677,LINE_000014,20130506,ORD_000678,20130506,49:58.7
20130617,2013,12,2013,6,17,205,CUST_000239,500,ITEM_000054,LMP                           ,LMP04002                      ,LMP04                         ,5,Trade          ,C                             ,CROM                                    ,NET_SALES                     ,Discontinuing,Traditional,5S0,J,J,ZZ2       ,Independent Retailers Association,NA                            ,SP_000046,NOR,Commercial & Industrial,24.0,8.758,10,0,AUD,,INV_000678,LINE_000014,20130617,ORD_000679,20130617,49:58.7
20130108,2013,7,2013,1,8,205,CUST_000312,410,ITEM_000054,LMP                           ,LMP04002                      ,LMP04                         ,5,Trade          ,C                             ,CROM                                    ,NET_SALES                     ,Discontinuing,Traditional,5N2,J,J,ZZ2       ,Independent Retailers Association,NA                            ,SP_000001,NOR,Commercial & Industrial,24.0,8.758,10,0,AUD,,INV_000795,LINE_000014,20130108,ORD_000795,20130107,49:58.7
20130607,2013,12,2013,6,7,205,CUST_000314,600,ITEM_000045,COM                           ,COM03002                      ,COM03                         ,5,Trade          ,C                             ,CROM                                    ,NET_SALES                     ,Continuing,Accessories,5N2,A,J,NES,NextGen Electrical Solutions,NA                            ,SP_000031,NOR,Commercial & Industrial,64.12,37.7794,2,0,AUD,,INV_000796,LINE_000014,20130607,ORD_000796,20130517,49:58.7
20130607,2013,12,2013,6,7,205,CUST_000315,600,ITEM_000045,COM                           ,COM03002                      ,COM03                         ,5,Trade          ,C                             ,CROM                                    ,NET_SALES                     ,Continuing,Accessories,5N2,A,J,NES,NextGen Electrical Solutions,NA                            ,SP_000024,NOR,Commercial & Industrial,64.12,37.7794,2,0,AUD,,INV_000797,LINE_000014,20130607,ORD_000797,20130517,49:58.7
20130521,2013,11,2013,5,21,205,CUST_000039,400,ITEM_000045,COM                           ,COM03002                      ,COM03                         ,5,Trade          ,C                             ,CROM                                    ,NET_SALES                     ,Continuing,Accessories,5Q0,D,J,MED,Metro Electrical Distributors,NA                            ,SP_000006,NOR,Commercial & Industrial,67.5,39.98,2,0,AUD,,INV_000798,LINE_000014,20130521,ORD_000798,20130521,49:58.7
20130628,2013,12,2013,6,28,205,CUST_000039,400,ITEM_000045,COM                           ,COM03002                      ,COM03                         ,5,Trade          ,C                             ,CROM                                    ,NET_SALES                     ,Continuing,Accessories,5Q0,D,J,MED,Metro Electrical Distributors,NA                            ,SP_000006,NOR,Commercial & Industrial,101.25,59.97,3,0,AUD,,INV_000799,LINE_000014,20130628,ORD_000799,20130628,49:58.7
20130110,2013,7,2013,1,10,205,CUST_000297,600,ITEM_000047,LMP                           ,LMP05002                      ,LMP05                         ,7,Trade          ,C                             ,76,NET_SALES                     ,Discontinuing,Traditional,5W0,D,J,ZZ1       ,Builders Supply Network,NA                            ,SP_000058,NOR,Commercial & Industrial,65.8,29.967,70,0,AUD,,INV_000800,LINE_000014,20130110,ORD_000800,20130109,49:58.7
20130418,2013,10,2013,4,18,205,CUST_000297,600,ITEM_000047,LMP                           ,LMP05002                      ,LMP05                         ,7,Trade          ,C                             ,76,NET_SALES                     ,Discontinuing,Traditional,5W0,D,J,ZZ1       ,Builders Supply Network,NA                            ,SP_000058,NOR,Commercial & Industrial,84.6,39.528,90,0,AUD,,INV_000801,LINE_000014,20130418,ORD_000801,20130417,49:58.7
20130508,2013,11,2013,5,8,205,CUST_000297,600,ITEM_000047,LMP                           ,LMP05002                      ,LMP05                         ,7,Trade          ,C                             ,76,NET_SALES                     ,Discontinuing,Traditional,5W0,D,J,ZZ1       ,Builders Supply Network,NA                            ,SP_000058,NOR,Commercial & Industrial,9.4,4.392,10,0,AUD,,INV_000802,LINE_000014,20130508,ORD_000802,20130417,49:58.7
20130116,2013,7,2013,1,16,205,CUST_000297,600,ITEM_000047,LMP                           ,LMP05002                      ,LMP05                         ,7,Trade          ,C                             ,76,NET_SALES                     ,Discontinuing,Traditional,5W0,D,J,ZZ1       ,Builders Supply Network,NA                            ,SP_000058,CRD,Commercial & Industrial,-56.4,0.0,0,1,AUD,,INV_000803,LINE_000014,20130116,ORD_000803,20130116,49:58.7
20130205,2013,8,2013,2,5,205,CUST_000316,400,ITEM_000047,LMP                           ,LMP05002                      ,LMP05                         ,7,Trade          ,C                             ,76,NET_SALES                     ,Discontinuing,Traditional,5N2,C,J,NES,NextGen Electrical Solutions,NA                            ,SP_000015,NOR,Commercial & Industrial,10.4,4.392,10,0,AUD,,INV_000804,LINE_000014,20130205,ORD_000804,20130205,49:58.7
20130129,2013,7,2013,1,29,205,CUST_000317,300,ITEM_000047,LMP                           ,LMP05002                      ,LMP05                         ,7,Trade          ,C                             ,76,NET_SALES                     ,Discontinuing,Traditional,5N2,C,J,ZZ2       ,Independent Retailers Association,NA                            ,SP_000053,NOR,Commercial & Industrial,10.0,4.392,10,0,AUD,,INV_000805,LINE_000014,20130129,ORD_000805,20130125,49:58.7
20130201,2013,8,2013,2,1,205,CUST_000318,300,ITEM_000047,LMP                           ,LMP05002                      ,LMP05                         ,7,Trade          ,C                             ,76,NET_SALES                     ,Discontinuing,Traditional,5N2,C,J,ZZ3       ,ProLighting Specialists,NA                            ,SP_000033,NOR,Commercial & Industrial,9.36,4.392,10,0,AUD,,INV_000806,LINE_000014,20130201,ORD_000806,20130131,49:58.7
20130222,2013,8,2013,2,22,205,CUST_000001,410,ITEM_000052,LMP                           ,LMP05002                      ,LMP05                         ,7,Trade          ,C                             ,76,NET_SALES                     ,Discontinuing,Traditional,5N2,G,J,ELC,ElectraCorp Ltd,NA                            ,SP_000001,NOR,Commercial & Industrial,100.0,37.54,100,0,AUD,,INV_000807,LINE_000014,20130222,ORD_000807,20130222,49:58.7
20130227,2013,8,2013,2,27,205,CUST_000001,410,ITEM_000052,LMP                           ,LMP05002                      ,LMP05                         ,7,Trade          ,C                             ,76,NET_SALES                     ,Discontinuing,Traditional,5N2,G,J,ELC,ElectraCorp Ltd,NA                            ,SP_000001,NOR,Commercial & Industrial,200.0,75.08,200,0,AUD,,INV_000808,LINE_000014,20130227,ORD_000808,20130226,49:58.7
20130208,2013,8,2013,2,8,205,CUST_000319,400,ITEM_000052,LMP                           ,LMP05002                      ,LMP05                         ,7,Trade          ,C                             ,76,NET_SALES                     ,Discontinuing,Traditional,5N2,G,J,ZZ1       ,Builders Supply Network,NA                            ,SP_000006,NOR,Commercial & Industrial,10.4,4.241,10,0,AUD,,INV_000809,LINE_000014,20130208,ORD_000809,20130207,49:58.7
20130208,2013,8,2013,2,8,205,CUST_000320,200,ITEM_000052,LMP                           ,LMP05002                      ,LMP05                         ,7,Trade          ,C                             ,76,NET_SALES                     ,Discontinuing,Traditional,5N2,G,J,ZZ1       ,Builders Supply Network,NA                            ,SP_000058,NOR,Commercial & Industrial,0.86,0.4241,1,0,AUD,,INV_000810,LINE_000014,20130208,ORD_000810,20130206,49:58.7
20130605,2013,12,2013,6,5,205,CUST_000321,410,ITEM_000052,LMP                           ,LMP05002                      ,LMP05                         ,7,Trade          ,C                             ,76,NET_SALES                     ,Discontinuing,Traditional,5N2,G,J,ZZ1       ,Builders Supply Network,NA                            ,SP_000025,NOR,Commercial & Industrial,6.88,3.0312,8,0,AUD,,INV_000811,LINE_000014,20130605,ORD_000811,20130604,49:58.7
20130108,2013,7,2013,1,8,205,CUST_000322,500,ITEM_000052,LMP                           ,LMP05002                      ,LMP05                         ,7,Trade          ,C                             ,76,NET_SALES                     ,Discontinuing,Traditional,5N2,G,J,ZZ1       ,Builders Supply Network,NA                            ,SP_000059,NOR,Commercial & Industrial,10.32,5.0892,12,0,AUD,,INV_000812,LINE_000014,20130108,ORD_000812,20130107,49:58.7
20130219,2013,8,2013,2,19,205,CUST_000323,600,ITEM_000052,LMP                           ,LMP05002                      ,LMP05                         ,7,Trade          ,C                             ,76,NET_SALES                     ,Discontinuing,Traditional,5W0,D,J,ZZ3       ,ProLighting Specialists,NA                            ,SP_000063,NOR,Commercial & Industrial,5.2,2.1205,5,0,AUD,,INV_000813,LINE_000014,20130219,ORD_000813,20130219,49:58.7
20130225,2013,8,2013,2,25,205,CUST_000324,710,ITEM_000052,LMP                           ,LMP05002                      ,LMP05                         ,7,Trade          ,C                             ,76,NET_SALES                     ,Discontinuing,Traditional,5N2,G,J,ZZ1       ,Builders Supply Network,NA                            ,SP_000064,NOR,Commercial & Industrial,89.28,37.54,100,0,AUD,,INV_000814,LINE_000014,20130225,ORD_000814,20130221,49:58.7
20130211,2013,8,2013,2,11,205,CUST_000325,200,ITEM_000052,LMP                           ,LMP05002                      ,LMP05                         ,7,Trade          ,C                             ,76,NET_SALES                     ,Discontinuing,Traditional,5N2,G,J,ZZ1       ,Builders Supply Network,NA                            ,SP_000058,CRR,Commercial & Industrial,-30.1,-14.8435,-35,0,AUD,,INV_000815,LINE_000014,20130211,ORD_000815,20130211,49:58.7
20130531,2013,11,2013,5,31,205,CUST_000326,410,ITEM_000053,LMP                           ,LMP05025                      ,LMP05                         ,7,Trade          ,C                             ,219,NET_SALES                     ,Discontinuing,Traditional,5N2,C,J,NES,NextGen Electrical Solutions,NA                            ,SP_000001,NOR,Commercial & Industrial,6.48,1.9444,4,0,AUD,,INV_000816,LINE_000014,20130531,ORD_000816,20130531,49:58.7
20130520,2013,11,2013,5,20,205,CUST_000327,500,ITEM_000053,LMP                           ,LMP05025                      ,LMP05                         ,7,Trade          ,C                             ,219,NET_SALES                     ,Discontinuing,Traditional,5S0,D,J,ZZ1       ,Builders Supply Network,NA                            ,SP_000059,NOR,Commercial & Industrial,16.2,4.897,10,0,AUD,,INV_000817,LINE_000014,20130520,ORD_000817,20130520,49:58.7
20130612,2013,12,2013,6,12,205,CUST_000075,300,ITEM_000053,LMP                           ,LMP05025                      ,LMP05                         ,7,Trade          ,C                             ,219,NET_SALES                     ,Discontinuing,Traditional,5N2,C,J,BPS,BrightPower Solutions,NA                            ,SP_000008,NOR,Commercial & Industrial,64.8,19.444,40,0,AUD,,INV_000818,LINE_000014,20130612,ORD_000818,20130612,49:58.7
20130524,2013,11,2013,5,24,205,CUST_000328,200,ITEM_000053,LMP                           ,LMP05025                      ,LMP05                         ,7,Trade          ,C                             ,219,NET_SALES                     ,Discontinuing,Traditional,5N2,C,J,NES,NextGen Electrical Solutions,NA                            ,SP_000011,NOR,Commercial & Industrial,1.62,0.4861,1,0,AUD,,INV_000819,LINE_000014,20130524,ORD_000819,20130524,49:58.7
20130422,2013,10,2013,4,22,205,CUST_000289,410,ITEM_000053,LMP                           ,LMP05025                      ,LMP05                         ,7,Trade          ,C                             ,219,NET_SALES                     ,Discontinuing,Traditional,5N2,C,J,ZZZ       ,General Suppliers Pty,NA                            ,SP_000060,NOR,Commercial & Industrial,8.75,2.9166,6,0,AUD,,INV_000820,LINE_000014,20130422,ORD_000820,20130422,49:58.7
20130306,2013,9,2013,3,6,205,CUST_000168,300,ITEM_000053,LMP                           ,LMP05025                      ,LMP05                         ,7,Trade          ,C                             ,219,NET_SALES                     ,Discontinuing,Traditional,5N2,C,J,BPS,BrightPower Solutions,NA                            ,SP_000005,NOR,Commercial & Industrial,16.2,4.861,10,0,AUD,,INV_000821,LINE_000014,20130306,ORD_000821,20130305,49:58.7
20130612,2013,12,2013,6,12,205,CUST_000072,400,ITEM_000054,LMP                           ,LMP04002                      ,LMP04                         ,5,Trade          ,C                             ,CROM                                    ,NET_SALES                     ,Discontinuing,Traditional,5N2,J,J,ELC,ElectraCorp Ltd,NA                            ,SP_000015,NOR,Commercial & Industrial,100.0,43.79,50,0,AUD,,INV_000822,LINE_000014,20130612,ORD_000822,20130611,49:58.7
20130426,2013,10,2013,4,26,205,CUST_000246,500,ITEM_000054,LMP                           ,LMP04002                      ,LMP04                         ,5,Trade          ,C                             ,CROM                                    ,NET_SALES                     ,Discontinuing,Traditional,5S0,J,J,ZZ2       ,Independent Retailers Association,NA                            ,SP_000049,NOR,Commercial & Industrial,24.0,8.758,10,0,AUD,,INV_000823,LINE_000014,20130426,ORD_000823,20130426,49:58.7
20130418,2013,10,2013,4,18,205,CUST_000234,300,ITEM_000054,LMP                           ,LMP04002                      ,LMP04                         ,5,Trade          ,C                             ,CROM                                    ,NET_SALES                     ,Discontinuing,Traditional,5N2,J,J,ZZ2       ,Independent Retailers Association,NA                            ,SP_000033,NOR,Commercial & Industrial,21.6,8.758,10,0,AUD,,INV_000824,LINE_000014,20130418,ORD_000824,20130417,49:58.7
20130618,2013,12,2013,6,18,205,CUST_000246,500,ITEM_000054,LMP                           ,LMP04002                      ,LMP04                         ,5,Trade          ,C                             ,CROM                                    ,NET_SALES                     ,Discontinuing,Traditional,5S0,J,J,ZZ2       ,Independent Retailers Association,NA                            ,SP_000049,NOR,Commercial & Industrial,72.0,26.274,30,0,AUD,,INV_000699,LINE_000014,20130618,ORD_000700,20130618,49:58.7
20130529,2013,11,2013,5,29,205,CUST_000292,300,ITEM_000045,COM                           ,COM03002                      ,COM03                         ,5,Trade          ,C                             ,CROM                                    ,NET_SALES                     ,Continuing,Accessories,5V0,D,J,MED,Metro Electrical Distributors,NA                            ,SP_000002,CRR,Commercial & Industrial,-135.0,-75.5588,-4,0,AUD,,INV_000825,LINE_000014,20130529,ORD_000825,20130529,49:58.7
20130607,2013,12,2013,6,7,205,CUST_000329,600,ITEM_000045,COM                           ,COM03002                      ,COM03                         ,5,Trade          ,C                             ,CROM                                    ,NET_SALES                     ,Continuing,Accessories,5N2,A,J,NES,NextGen Electrical Solutions,NA                            ,SP_000031,NOR,Commercial & Industrial,64.12,37.7794,2,0,AUD,,INV_000826,LINE_000014,20130607,ORD_000826,20130517,49:58.7
20130218,2013,8,2013,2,18,205,CUST_000330,500,ITEM_000045,COM                           ,COM03002                      ,COM03                         ,5,Trade          ,C                             ,CROM                                    ,NET_SALES                     ,Continuing,Accessories,5S0,D,J,MED,Metro Electrical Distributors,NA                            ,SP_000003,NOR,Commercial & Industrial,67.5,39.98,2,0,AUD,,INV_000827,LINE_000014,20130218,ORD_000827,20130215,49:58.7
20130604,2013,12,2013,6,4,205,CUST_000331,300,ITEM_000045,COM                           ,COM03002                      ,COM03                         ,5,Trade          ,C                             ,CROM                                    ,NET_SALES                     ,Continuing,Accessories,5V0,D,J,NES,NextGen Electrical Solutions,NA                            ,SP_000008,CRR,Commercial & Industrial,-64.12,-37.7794,-2,0,AUD,,INV_000828,LINE_000014,20130604,ORD_000828,20130604,49:58.7
20130606,2013,12,2013,6,6,205,CUST_000332,600,ITEM_000045,COM                           ,COM03002                      ,COM03                         ,5,Trade          ,C                             ,CROM                                    ,NET_SALES                     ,Continuing,Accessories,5W0,D,J,ZZ8       ,EndUser Solutions,NA                            ,SP_000031,NOR,Commercial & Industrial,116.84,77.026,4,0,AUD,,INV_000829,LINE_000014,20130606,ORD_000829,20130605,49:58.7
20130525,2013,11,2013,5,25,205,CUST_000333,500,ITEM_000045,COM                           ,COM03002                      ,COM03                         ,5,Trade          ,C                             ,CROM                                    ,NET_SALES                     ,Continuing,Accessories,5N2,A,J,NES,NextGen Electrical Solutions,NA                            ,SP_000049,NOR,Commercial & Industrial,64.12,37.7794,2,0,AUD,,INV_000830,LINE_000014,20130525,ORD_000830,20130516,49:58.7
20130305,2013,9,2013,3,5,205,CUST_000334,210,ITEM_000045,COM                           ,COM03002                      ,COM03                         ,5,Trade          ,C                             ,CROM                                    ,NET_SALES                     ,Continuing,Accessories,5N2,A,J,UES,Unified Electrical Suppliers,NA                            ,SP_000012,NOR,Commercial & Industrial,66.15,39.98,2,0,AUD,,INV_000831,LINE_000014,20130305,ORD_000831,20130301,49:58.7
20130528,2013,11,2013,5,28,205,CUST_000335,410,ITEM_000045,COM                           ,COM03002                      ,COM03                         ,5,Trade          ,C                             ,CROM                                    ,NET_SALES                     ,Continuing,Accessories,5N2,A,J,NES,NextGen Electrical Solutions,NA                            ,SP_000018,NOR,Commercial & Industrial,64.12,37.7794,2,0,AUD,,INV_000832,LINE_000014,20130528,ORD_000832,20130515,49:58.7
20130116,2013,7,2013,1,16,205,CUST_000336,300,ITEM_000047,LMP                           ,LMP05002                      ,LMP05                         ,7,Trade          ,C                             ,76,NET_SALES                     ,Discontinuing,Traditional,5N2,C,J,ZZ2       ,Independent Retailers Association,NA                            ,SP_000033,NOR,Commercial & Industrial,10.4,4.392,10,0,AUD,,INV_000833,LINE_000014,20130116,ORD_000833,20130115,49:58.7
20130222,2013,8,2013,2,22,205,CUST_000064,410,ITEM_000047,LMP                           ,LMP05002                      ,LMP05                         ,7,Trade          ,C                             ,76,NET_SALES                     ,Discontinuing,Traditional,5N2,C,J,MED,Metro Electrical Distributors,NA                            ,SP_000018,NOR,Commercial & Industrial,600.0,263.52,600,0,AUD,,INV_000834,LINE_000014,20130222,ORD_000834,20130222,49:58.7
20130318,2013,9,2013,3,18,205,CUST_000330,500,ITEM_000047,LMP                           ,LMP05002                      ,LMP05                         ,7,Trade          ,C                             ,76,NET_SALES                     ,Discontinuing,Traditional,5S0,D,J,MED,Metro Electrical Distributors,NA                            ,SP_000003,NOR,Commercial & Industrial,10.4,4.391,10,0,AUD,,INV_000835,LINE_000014,20130318,ORD_000835,20130318,49:58.7
20130424,2013,10,2013,4,24,205,CUST_000235,500,ITEM_000047,LMP                           ,LMP05002                      ,LMP05                         ,7,Trade          ,C                             ,76,NET_SALES                     ,Discontinuing,Traditional,5S0,D,J,ZZ8       ,EndUser Solutions,NA                            ,SP_000046,NOR,Commercial & Industrial,1.77,0.8782,2,0,AUD,,INV_000836,LINE_000014,20130424,ORD_000836,20130424,49:58.7
20130314,2013,9,2013,3,14,205,CUST_000235,500,ITEM_000047,LMP                           ,LMP05002                      ,LMP05                         ,7,Trade          ,C                             ,76,NET_SALES                     ,Discontinuing,Traditional,5S0,D,J,ZZ8       ,EndUser Solutions,NA                            ,SP_000046,NOR,Commercial & Industrial,3.54,1.7564,4,0,AUD,,INV_000837,LINE_000014,20130314,ORD_000837,20130314,49:58.7
20130522,2013,11,2013,5,22,205,CUST_000337,200,ITEM_000047,LMP                           ,LMP05002                      ,LMP05                         ,7,Trade          ,C                             ,76,NET_SALES                     ,Discontinuing,Traditional,5N2,C,J,ZZZ       ,General Suppliers Pty,NA                            ,SP_000017,NOR,Commercial & Industrial,3.74,1.7568,4,0,AUD,,INV_000838,LINE_000014,20130522,ORD_000838,20130521,49:58.7
20130226,2013,8,2013,2,26,205,CUST_000338,410,ITEM_000047,LMP                           ,LMP05002                      ,LMP05                         ,7,Trade          ,C                             ,76,NET_SALES                     ,Discontinuing,Traditional,5N2,C,J,NES,NextGen Electrical Solutions,NA                            ,SP_000061,NOR,Commercial & Industrial,10.4,4.392,10,0,AUD,,INV_000839,LINE_000014,20130226,ORD_000839,20130226,49:58.7
20130605,2013,12,2013,6,5,205,CUST_000235,500,ITEM_000044,LMP                           ,LMP05017                      ,LMP05                         ,7,Trade          ,C                             ,76,NET_SALES                     ,Discontinuing,Traditional,5S0,J,J,ZZ8       ,EndUser Solutions,NA                            ,SP_000046,NOR,Commercial & Industrial,2.75,0.8784,2,0,AUD,,INV_000840,LINE_000014,20130605,ORD_000840,20130605,49:58.7
20130612,2013,12,2013,6,12,205,CUST_000339,200,ITEM_000044,LMP                           ,LMP05017                      ,LMP05                         ,7,Trade          ,C                             ,76,NET_SALES                     ,Discontinuing,Traditional,5N2,J,J,ZZ2       ,Independent Retailers Association,NA                            ,SP_000055,NOR,Commercial & Industrial,27.54,8.73,20,0,AUD,,INV_000841,LINE_000014,20130612,ORD_000841,20130611,49:58.7
20130613,2013,12,2013,6,13,205,CUST_000340,200,ITEM_000044,LMP                           ,LMP05017                      ,LMP05                         ,7,Trade          ,C                             ,76,NET_SALES                     ,Discontinuing,Traditional,5N2,J,J,ZZ2       ,Independent Retailers Association,NA                            ,SP_000065,NOR,Commercial & Industrial,29.16,8.73,20,0,AUD,,INV_000842,LINE_000014,20130613,ORD_000842,20130612,49:58.7
20130218,2013,8,2013,2,18,205,CUST_000232,200,ITEM_000044,LMP                           ,LMP05017                      ,LMP05                         ,7,Trade          ,C                             ,76,NET_SALES                     ,Discontinuing,Traditional,5N2,J,J,ZZ2       ,Independent Retailers Association,NA                            ,SP_000045,NOR,Commercial & Industrial,6.48,1.746,4,0,AUD,,INV_000843,LINE_000014,20130218,ORD_000843,20130218,49:58.7
20130528,2013,11,2013,5,28,205,CUST_000293,200,ITEM_000044,LMP                           ,LMP05017                      ,LMP05                         ,7,Trade          ,C                             ,76,NET_SALES                     ,Discontinuing,Traditional,5N2,J,J,ZZ3       ,ProLighting Specialists,NA                            ,SP_000055,NOR,Commercial & Industrial,29.16,8.73,20,0,AUD,,INV_000844,LINE_000014,20130528,ORD_000844,20130528,49:58.7
20130306,2013,9,2013,3,6,205,CUST_000341,400,ITEM_000044,LMP                           ,LMP05017                      ,LMP05                         ,7,Trade          ,C                             ,76,NET_SALES                     ,Discontinuing,Traditional,5N2,J,J,ZZ2       ,Independent Retailers Association,NA                            ,SP_000006,NOR,Commercial & Industrial,27.54,8.73,20,0,AUD,,INV_000845,LINE_000014,20130306,ORD_000845,20130305,49:58.7
20130523,2013,11,2013,5,23,205,CUST_000342,400,ITEM_000044,LMP                           ,LMP05017                      ,LMP05                         ,7,Trade          ,C                             ,76,NET_SALES                     ,Discontinuing,Traditional,5Q0,J,J,ZZ1       ,Builders Supply Network,NA                            ,SP_000040,NOR,Commercial & Industrial,16.2,4.622,10,0,AUD,,INV_000846,LINE_000014,20130523,ORD_000846,20130523,49:58.7
20130523,2013,11,2013,5,23,205,CUST_000235,500,ITEM_000044,LMP                           ,LMP05017                      ,LMP05                         ,7,Trade          ,C                             ,76,NET_SALES                     ,Discontinuing,Traditional,5S0,J,J,ZZ8       ,EndUser Solutions,NA                            ,SP_000046,NOR,Commercial & Industrial,6.88,2.196,5,0,AUD,,INV_000670,LINE_000014,20130523,ORD_000671,20130522,49:58.7
20130612,2013,12,2013,6,12,205,CUST_000343,600,ITEM_000052,LMP                           ,LMP05002                      ,LMP05                         ,7,Trade          ,C                             ,76,NET_SALES                     ,Discontinuing,Traditional,5W0,D,J,ZZ1       ,Builders Supply Network,NA                            ,SP_000056,NOR,Commercial & Industrial,8.6,3.775,10,0,AUD,,INV_000847,LINE_000014,20130612,ORD_000847,20130612,49:58.7
20130528,2013,11,2013,5,28,205,CUST_000344,510,ITEM_000052,LMP                           ,LMP05002                      ,LMP05                         ,7,Trade          ,C                             ,76,NET_SALES                     ,Discontinuing,Traditional,5N2,G,J,ZZ1       ,Builders Supply Network,NA                            ,SP_000059,NOR,Commercial & Industrial,8.6,3.789,10,0,AUD,,INV_000848,LINE_000014,20130528,ORD_000848,20130527,49:58.7
20130626,2013,12,2013,6,26,205,CUST_000344,510,ITEM_000052,LMP                           ,LMP05002                      ,LMP05                         ,7,Trade          ,C                             ,76,NET_SALES                     ,Discontinuing,Traditional,5N2,G,J,ZZ1       ,Builders Supply Network,NA                            ,SP_000059,NOR,Commercial & Industrial,8.6,3.789,10,0,AUD,,INV_000849,LINE_000014,20130626,ORD_000849,20130625,49:58.7
20130605,2013,12,2013,6,5,205,CUST_000345,510,ITEM_000052,LMP                           ,LMP05002                      ,LMP05                         ,7,Trade          ,C                             ,76,NET_SALES                     ,Discontinuing,Traditional,5N2,G,J,ZZ3       ,ProLighting Specialists,NA                            ,SP_000059,NOR,Commercial & Industrial,9.36,3.789,10,0,AUD,,INV_000850,LINE_000014,20130605,ORD_000850,20130605,49:58.7
20130131,2013,7,2013,1,31,205,CUST_000265,300,ITEM_000052,LMP                           ,LMP05002                      ,LMP05                         ,7,Trade          ,C                             ,76,NET_SALES                     ,Discontinuing,Traditional,5V0,D,J,ZZ8       ,EndUser Solutions,NA                            ,SP_000033,CRD,Commercial & Industrial,-4.68,0.0,0,1,AUD,,INV_000851,LINE_000014,20130131,ORD_000851,20130131,49:58.7
20130605,2013,12,2013,6,5,205,CUST_000346,210,ITEM_000052,LMP                           ,LMP05002                      ,LMP05                         ,7,Trade          ,C                             ,76,NET_SALES                     ,Discontinuing,Traditional,5N2,G,J,UES,Unified Electrical Suppliers,NA                            ,SP_000012,NOR,Commercial & Industrial,2.08,0.7578,2,0,AUD,,INV_000852,LINE_000014,20130605,ORD_000852,20130605,49:58.7
20130315,2013,9,2013,3,15,205,CUST_000347,600,ITEM_000052,LMP                           ,LMP05002                      ,LMP05                         ,7,Trade          ,C                             ,76,NET_SALES                     ,Discontinuing,Traditional,5W0,D,J,ZZ1       ,Builders Supply Network,NA                            ,SP_000056,NOR,Commercial & Industrial,12.9,6.3615,15,0,AUD,,INV_000853,LINE_000014,20130315,ORD_000853,20130315,49:58.7
20130605,2013,12,2013,6,5,205,CUST_000348,410,ITEM_000052,LMP                           ,LMP05002                      ,LMP05                         ,7,Trade          ,C                             ,76,NET_SALES                     ,Discontinuing,Traditional,5N2,G,J,ZZ1       ,Builders Supply Network,NA                            ,SP_000058,NOR,Commercial & Industrial,17.2,7.578,20,0,AUD,,INV_000854,LINE_000014,20130605,ORD_000854,20130605,49:58.7
20130524,2013,11,2013,5,24,205,CUST_000349,400,ITEM_000045,COM                           ,COM03002                      ,COM03                         ,5,Trade          ,C                             ,CROM                                    ,NET_SALES                     ,Continuing,Accessories,5N2,A,J,NES,NextGen Electrical Solutions,NA                            ,SP_000015,NOR,Commercial & Industrial,64.12,37.7794,2,0,AUD,,INV_000855,LINE_000014,20130524,ORD_000855,20130513,49:58.7
20130523,2013,11,2013,5,23,205,CUST_000316,400,ITEM_000045,COM                           ,COM03002                      ,COM03                         ,5,Trade          ,C                             ,CROM                                    ,NET_SALES                     ,Continuing,Accessories,5N2,A,J,NES,NextGen Electrical Solutions,NA                            ,SP_000015,NOR,Commercial & Industrial,64.12,37.7794,2,0,AUD,,INV_000856,LINE_000014,20130523,ORD_000856,20130508,49:58.7
20130531,2013,11,2013,5,31,205,CUST_000350,500,ITEM_000045,COM                           ,COM03002                      ,COM03                         ,5,Trade          ,C                             ,CROM                                    ,NET_SALES                     ,Continuing,Accessories,5N2,A,J,NES,NextGen Electrical Solutions,NA                            ,SP_000022,NOR,Commercial & Industrial,64.12,37.7794,2,0,AUD,,INV_000857,LINE_000014,20130531,ORD_000857,20130528,49:58.7
20130522,2013,11,2013,5,22,205,CUST_000351,400,ITEM_000045,COM                           ,COM03002                      ,COM03                         ,5,Trade          ,C                             ,CROM                                    ,NET_SALES                     ,Continuing,Accessories,5N2,A,J,NES,NextGen Electrical Solutions,NA                            ,SP_000066,NOR,Commercial & Industrial,64.12,37.7794,2,0,AUD,,INV_000858,LINE_000014,20130522,ORD_000858,20130513,49:58.7
20130607,2013,12,2013,6,7,205,CUST_000217,400,ITEM_000045,COM                           ,COM03002                      ,COM03                         ,5,Trade          ,C                             ,CROM                                    ,NET_SALES                     ,Continuing,Accessories,5N2,A,J,MED,Metro Electrical Distributors,NA                            ,SP_000015,NOR,Commercial & Industrial,33.75,18.8897,1,0,AUD,,INV_000859,LINE_000014,20130607,ORD_000859,20130606,49:58.7
20130628,2013,12,2013,6,28,205,CUST_000352,400,ITEM_000045,COM                           ,COM03002                      ,COM03                         ,5,Trade          ,C                             ,CROM                                    ,NET_SALES                     ,Continuing,Accessories,5N2,A,J,NES,NextGen Electrical Solutions,NA                            ,SP_000020,NOR,Commercial & Industrial,67.5,38.8798,2,0,AUD,,INV_000860,LINE_000014,20130628,ORD_000860,20130627,49:58.7
20130525,2013,11,2013,5,25,205,CUST_000175,400,ITEM_000045,COM                           ,COM03002                      ,COM03                         ,5,Trade          ,C                             ,CROM                                    ,NET_SALES                     ,Continuing,Accessories,5N2,A,J,NES,NextGen Electrical Solutions,NA                            ,SP_000006,NOR,Commercial & Industrial,480.9,283.3455,15,0,AUD,,INV_000861,LINE_000014,20130525,ORD_000861,20130513,49:58.7
20130524,2013,11,2013,5,24,205,CUST_000353,400,ITEM_000045,COM                           ,COM03002                      ,COM03                         ,5,Trade          ,C                             ,CROM                                    ,NET_SALES                     ,Continuing,Accessories,5N2,A,J,NES,NextGen Electrical Solutions,NA                            ,SP_000006,NOR,Commercial & Industrial,64.12,37.7794,2,0,AUD,,INV_000862,LINE_000014,20130524,ORD_000862,20130522,49:58.7
20130603,2013,12,2013,6,3,205,CUST_000239,500,ITEM_000054,LMP                           ,LMP04002                      ,LMP04                         ,5,Trade          ,C                             ,CROM                                    ,NET_SALES                     ,Discontinuing,Traditional,5S0,J,J,ZZ2       ,Independent Retailers Association,NA                            ,SP_000046,NOR,Commercial & Industrial,24.0,8.758,10,0,AUD,,INV_000696,LINE_000014,20130603,ORD_000697,20130603,49:58.7
20130312,2013,9,2013,3,12,205,CUST_000239,500,ITEM_000054,LMP                           ,LMP04002                      ,LMP04                         ,5,Trade          ,C                             ,CROM                                    ,NET_SALES                     ,Discontinuing,Traditional,5S0,J,J,ZZ2       ,Independent Retailers Association,NA                            ,SP_000046,NOR,Commercial & Industrial,24.0,8.758,10,0,AUD,,INV_000695,LINE_000014,20130312,ORD_000696,20130312,49:58.7
20130524,2013,11,2013,5,24,205,CUST_000247,500,ITEM_000054,LMP                           ,LMP04002                      ,LMP04                         ,5,Trade          ,C                             ,CROM                                    ,NET_SALES                     ,Discontinuing,Traditional,5S0,J,J,ZZ2       ,Independent Retailers Association,NA                            ,SP_000003,NOR,Commercial & Industrial,24.0,8.758,10,0,AUD,,INV_000863,LINE_000014,20130524,ORD_000863,20130513,49:58.7
20130418,2013,10,2013,4,18,205,CUST_000247,500,ITEM_000054,LMP                           ,LMP04002                      ,LMP04                         ,5,Trade          ,C                             ,CROM                                    ,NET_SALES                     ,Discontinuing,Traditional,5S0,J,J,ZZ2       ,Independent Retailers Association,NA                            ,SP_000003,NOR,Commercial & Industrial,24.0,8.758,10,0,AUD,,INV_000864,LINE_000014,20130418,ORD_000864,20130417,49:58.7
20130515,2013,11,2013,5,15,205,CUST_000247,500,ITEM_000054,LMP                           ,LMP04002                      ,LMP04                         ,5,Trade          ,C                             ,CROM                                    ,NET_SALES                     ,Discontinuing,Traditional,5S0,J,J,ZZ2       ,Independent Retailers Association,NA                            ,SP_000003,NOR,Commercial & Industrial,24.0,8.758,10,0,AUD,,INV_000865,LINE_000014,20130515,ORD_000865,20130515,49:58.7
20130215,2013,8,2013,2,15,205,CUST_000354,500,ITEM_000047,LMP                           ,LMP05002                      ,LMP05                         ,7,Trade          ,C                             ,76,NET_SALES                     ,Discontinuing,Traditional,5S0,D,J,ZZ2       ,Independent Retailers Association,NA                            ,SP_000059,NOR,Commercial & Industrial,6.24,2.6346,6,0,AUD,,INV_000866,LINE_000014,20130215,ORD_000866,20130211,49:58.7
20130513,2013,11,2013,5,13,205,CUST_000298,400,ITEM_000047,LMP                           ,LMP05002                      ,LMP05                         ,7,Trade          ,C                             ,76,NET_SALES                     ,Discontinuing,Traditional,5N2,C,J,ZZ2       ,Independent Retailers Association,NA                            ,SP_000061,NOR,Commercial & Industrial,4.16,1.7568,4,0,AUD,,INV_000867,LINE_000014,20130513,ORD_000867,20130510,49:58.7
20130521,2013,11,2013,5,21,205,CUST_000355,500,ITEM_000047,LMP                           ,LMP05002                      ,LMP05                         ,7,Trade          ,C                             ,76,NET_SALES                     ,Discontinuing,Traditional,5S0,D,J,ZZ2       ,Independent Retailers Association,NA                            ,SP_000003,NOR,Commercial & Industrial,9.36,4.391,10,0,AUD,,INV_000868,LINE_000014,20130521,ORD_000868,20130521,49:58.7
20130207,2013,8,2013,2,7,205,CUST_000064,410,ITEM_000047,LMP                           ,LMP05002                      ,LMP05                         ,7,Trade          ,C                             ,76,NET_SALES                     ,Discontinuing,Traditional,5N2,C,J,MED,Metro Electrical Distributors,NA                            ,SP_000018,NOR,Commercial & Industrial,300.0,131.76,300,0,AUD,,INV_000869,LINE_000014,20130207,ORD_000869,20130207,49:58.7
20130313,2013,9,2013,3,13,205,CUST_000356,300,ITEM_000047,LMP                           ,LMP05002                      ,LMP05                         ,7,Trade          ,C                             ,76,NET_SALES                     ,Discontinuing,Traditional,5N2,C,J,ZZ2       ,Independent Retailers Association,NA                            ,SP_000045,NOR,Commercial & Industrial,9.36,4.392,10,0,AUD,,INV_000870,LINE_000014,20130313,ORD_000870,20130313,49:58.7
20130206,2013,8,2013,2,6,205,CUST_000357,300,ITEM_000047,LMP                           ,LMP05002                      ,LMP05                         ,7,Trade          ,C                             ,76,NET_SALES                     ,Discontinuing,Traditional,5N2,C,J,ZZ3       ,ProLighting Specialists,NA                            ,SP_000033,NOR,Commercial & Industrial,1.88,0.8784,2,0,AUD,,INV_000871,LINE_000014,20130206,ORD_000871,20130206,49:58.7
20130306,2013,9,2013,3,6,205,CUST_000131,200,ITEM_000047,LMP                           ,LMP05002                      ,LMP05                         ,7,Trade          ,C                             ,76,NET_SALES                     ,Discontinuing,Traditional,5N2,C,J,ZZZ       ,General Suppliers Pty,NA                            ,SP_000026,NOR,Commercial & Industrial,10.4,4.392,10,0,AUD,,INV_000872,LINE_000014,20130306,ORD_000872,20130305,49:58.7
20130430,2013,10,2013,4,30,205,CUST_000299,300,ITEM_000047,LMP                           ,LMP05002                      ,LMP05                         ,7,Trade          ,C                             ,76,NET_SALES                     ,Discontinuing,Traditional,5N2,C,J,ZZ3       ,ProLighting Specialists,NA                            ,SP_000033,NOR,Commercial & Industrial,4.7,2.196,5,0,AUD,,INV_000873,LINE_000014,20130430,ORD_000873,20130430,49:58.7
20130116,2013,7,2013,1,16,205,CUST_000358,200,ITEM_000052,LMP                           ,LMP05002                      ,LMP05                         ,7,Trade          ,C                             ,76,NET_SALES                     ,Discontinuing,Traditional,5N2,G,J,ZZ1       ,Builders Supply Network,NA                            ,SP_000058,NOR,Commercial & Industrial,8.6,4.241,10,0,AUD,,INV_000874,LINE_000014,20130116,ORD_000874,20130114,49:58.7
20130430,2013,10,2013,4,30,205,CUST_000359,600,ITEM_000052,LMP                           ,LMP05002                      ,LMP05                         ,7,Trade          ,C                             ,76,NET_SALES                     ,Discontinuing,Traditional,5W0,D,J,ZZ1       ,Builders Supply Network,NA                            ,SP_000056,NOR,Commercial & Industrial,8.6,3.754,10,0,AUD,,INV_000875,LINE_000014,20130430,ORD_000875,20130429,49:58.7
20130606,2013,12,2013,6,6,205,CUST_000359,600,ITEM_000052,LMP                           ,LMP05002                      ,LMP05                         ,7,Trade          ,C                             ,76,NET_SALES                     ,Discontinuing,Traditional,5W0,D,J,ZZ1       ,Builders Supply Network,NA                            ,SP_000056,NOR,Commercial & Industrial,4.3,1.8875,5,0,AUD,,INV_000876,LINE_000014,20130606,ORD_000876,20130606,49:58.7
20130314,2013,9,2013,3,14,205,CUST_000359,600,ITEM_000052,LMP                           ,LMP05002                      ,LMP05                         ,7,Trade          ,C                             ,76,NET_SALES                     ,Discontinuing,Traditional,5W0,D,J,ZZ1       ,Builders Supply Network,NA                            ,SP_000056,NOR,Commercial & Industrial,12.9,6.3615,15,0,AUD,,INV_000877,LINE_000014,20130314,ORD_000877,20130313,49:58.7
20130416,2013,10,2013,4,16,205,CUST_000360,300,ITEM_000052,LMP                           ,LMP05002                      ,LMP05                         ,7,Trade          ,C                             ,76,NET_SALES                     ,Discontinuing,Traditional,5N2,G,J,ZZ1       ,Builders Supply Network,NA                            ,SP_000033,NOR,Commercial & Industrial,2.58,1.1262,3,0,AUD,,INV_000878,LINE_000014,20130416,ORD_000878,20130416,49:58.7
20130516,2013,11,2013,5,16,205,CUST_000361,500,ITEM_000052,LMP                           ,LMP05002                      ,LMP05                         ,7,Trade          ,C                             ,76,NET_SALES                     ,Discontinuing,Traditional,5N2,G,J,ZZ1       ,Builders Supply Network,NA                            ,SP_000059,NOR,Commercial & Industrial,3.44,1.5156,4,0,AUD,,INV_000879,LINE_000014,20130516,ORD_000879,20130516,49:58.7
20130524,2013,11,2013,5,24,205,CUST_000362,400,ITEM_000045,COM                           ,COM03002                      ,COM03                         ,5,Trade          ,C                             ,CROM                                    ,NET_SALES                     ,Continuing,Accessories,5N2,A,J,NES,NextGen Electrical Solutions,NA                            ,SP_000006,NOR,Commercial & Industrial,64.12,37.7794,2,0,AUD,,INV_000880,LINE_000014,20130524,ORD_000880,20130509,49:58.7
20130528,2013,11,2013,5,28,205,CUST_000363,500,ITEM_000045,COM                           ,COM03002                      ,COM03                         ,5,Trade          ,C                             ,CROM                                    ,NET_SALES                     ,Continuing,Accessories,5N2,A,J,NES,NextGen Electrical Solutions,NA                            ,SP_000003,NOR,Commercial & Industrial,64.12,37.7794,2,0,AUD,,INV_000881,LINE_000014,20130528,ORD_000881,20130524,49:58.7
20130522,2013,11,2013,5,22,205,CUST_000364,400,ITEM_000045,COM                           ,COM03002                      ,COM03                         ,5,Trade          ,C                             ,CROM                                    ,NET_SALES                     ,Continuing,Accessories,5N2,A,J,NES,NextGen Electrical Solutions,NA                            ,SP_000006,NOR,Commercial & Industrial,64.12,37.7794,2,0,AUD,,INV_000882,LINE_000014,20130522,ORD_000882,20130513,49:58.7
20130607,2013,12,2013,6,7,205,CUST_000365,600,ITEM_000045,COM                           ,COM03002                      ,COM03                         ,5,Trade          ,C                             ,CROM                                    ,NET_SALES                     ,Continuing,Accessories,5N2,A,J,NES,NextGen Electrical Solutions,NA                            ,SP_000032,NOR,Commercial & Industrial,64.12,37.7794,2,0,AUD,,INV_000883,LINE_000014,20130607,ORD_000883,20130517,49:58.7
20130529,2013,11,2013,5,29,205,CUST_000366,200,ITEM_000045,COM                           ,COM03002                      ,COM03                         ,5,Trade          ,C                             ,CROM                                    ,NET_SALES                     ,Continuing,Accessories,5N2,A,J,NES,NextGen Electrical Solutions,NA                            ,SP_000007,NOR,Commercial & Industrial,64.12,37.7794,2,0,AUD,,INV_000884,LINE_000014,20130529,ORD_000884,20130524,49:58.7
20130607,2013,12,2013,6,7,205,CUST_000367,600,ITEM_000045,COM                           ,COM03002                      ,COM03                         ,5,Trade          ,C                             ,CROM                                    ,NET_SALES                     ,Continuing,Accessories,5N2,A,J,NES,NextGen Electrical Solutions,NA                            ,SP_000031,NOR,Commercial & Industrial,64.12,37.7794,2,0,AUD,,INV_000885,LINE_000014,20130607,ORD_000885,20130517,49:58.7
20130516,2013,11,2013,5,16,205,CUST_000368,410,ITEM_000045,COM                           ,COM03002                      ,COM03                         ,5,Trade          ,C                             ,CROM                                    ,NET_SALES                     ,Continuing,Accessories,5N2,A,J,NES,NextGen Electrical Solutions,NA                            ,SP_000001,NOR,Commercial & Industrial,64.12,39.98,2,0,AUD,,INV_000886,LINE_000014,20130516,ORD_000886,20130510,49:58.7
20130528,2013,11,2013,5,28,205,CUST_000369,300,ITEM_000045,COM                           ,COM03002                      ,COM03                         ,5,Trade          ,C                             ,CROM                                    ,NET_SALES                     ,Continuing,Accessories,5N2,A,J,NES,NextGen Electrical Solutions,NA                            ,SP_000004,NOR,Commercial & Industrial,64.12,37.7794,2,0,AUD,,INV_000887,LINE_000014,20130528,ORD_000887,20130517,49:58.7
20130523,2013,11,2013,5,23,205,CUST_000370,400,ITEM_000045,COM                           ,COM03002                      ,COM03                         ,5,Trade          ,C                             ,CROM                                    ,NET_SALES                     ,Continuing,Accessories,5N2,A,J,NES,NextGen Electrical Solutions,NA                            ,SP_000001,NOR,Commercial & Industrial,64.12,37.7794,2,0,AUD,,INV_000888,LINE_000014,20130523,ORD_000888,20130507,49:58.7
20130312,2013,9,2013,3,12,205,CUST_000109,200,ITEM_000053,LMP                           ,LMP05025                      ,LMP05                         ,7,Trade          ,C                             ,219,NET_SALES                     ,Discontinuing,Traditional,5N2,C,J,NES,NextGen Electrical Solutions,NA                            ,SP_000007,NOR,Commercial & Industrial,32.4,9.722,20,0,AUD,,INV_000889,LINE_000014,20130312,ORD_000889,20130311,49:58.7
20130528,2013,11,2013,5,28,205,CUST_000371,400,ITEM_000053,LMP                           ,LMP05025                      ,LMP05                         ,7,Trade          ,C                             ,219,NET_SALES                     ,Discontinuing,Traditional,5N2,C,J,ZZ1       ,Builders Supply Network,NA                            ,SP_000025,NOR,Commercial & Industrial,8.1,2.4305,5,0,AUD,,INV_000890,LINE_000014,20130528,ORD_000890,20130528,49:58.7
20130618,2013,12,2013,6,18,205,CUST_000372,400,ITEM_000053,LMP                           ,LMP05025                      ,LMP05                         ,7,Trade          ,C                             ,219,NET_SALES                     ,Discontinuing,Traditional,5N2,C,J,ZZ2       ,Independent Retailers Association,NA                            ,SP_000067,NOR,Commercial & Industrial,5.83,1.9444,4,0,AUD,,INV_000891,LINE_000014,20130618,ORD_000891,20130614,49:58.7
20130208,2013,8,2013,2,8,205,CUST_000373,300,ITEM_000053,LMP                           ,LMP05025                      ,LMP05                         ,7,Trade          ,C                             ,219,NET_SALES                     ,Discontinuing,Traditional,5N2,C,J,ZZ3       ,ProLighting Specialists,NA                            ,SP_000053,NOR,Commercial & Industrial,2.92,0.9722,2,0,AUD,,INV_000892,LINE_000014,20130208,ORD_000892,20130207,49:58.7
20130528,2013,11,2013,5,28,205,CUST_000374,300,ITEM_000053,LMP                           ,LMP05025                      ,LMP05                         ,7,Trade          ,C                             ,219,NET_SALES                     ,Discontinuing,Traditional,5N2,C,J,MED,Metro Electrical Distributors,NA                            ,SP_000014,NOR,Commercial & Industrial,16.2,4.861,10,0,AUD,,INV_000893,LINE_000014,20130528,ORD_000893,20130527,49:58.7
20130122,2013,7,2013,1,22,205,CUST_000375,400,ITEM_000053,LMP                           ,LMP05025                      ,LMP05                         ,7,Trade          ,C                             ,219,NET_SALES                     ,Discontinuing,Traditional,5N2,C,J,ZZ1       ,Builders Supply Network,NA                            ,SP_000006,NOR,Commercial & Industrial,6.48,1.9444,4,0,AUD,,INV_000894,LINE_000014,20130122,ORD_000894,20130122,49:58.7
20130612,2013,12,2013,6,12,205,CUST_000167,500,ITEM_000053,LMP                           ,LMP05025                      ,LMP05                         ,7,Trade          ,C                             ,219,NET_SALES                     ,Discontinuing,Traditional,5S0,D,J,GEW,Global Electric Wholesalers,NA                            ,SP_000003,NOR,Commercial & Industrial,8.1,2.4485,5,0,AUD,,INV_000895,LINE_000014,20130612,ORD_000895,20130612,49:58.7
20130530,2013,11,2013,5,30,205,CUST_000235,500,ITEM_000052,LMP                           ,LMP05002                      ,LMP05                         ,7,Trade          ,C                             ,76,NET_SALES                     ,Discontinuing,Traditional,5S0,D,J,ZZ8       ,EndUser Solutions,NA                            ,SP_000046,NOR,Commercial & Industrial,0.88,0.4252,1,0,AUD,,INV_000896,LINE_000014,20130530,ORD_000896,20130530,49:58.7
20130405,2013,10,2013,4,5,205,CUST_000376,400,ITEM_000052,LMP                           ,LMP05002                      ,LMP05                         ,7,Trade          ,C                             ,76,NET_SALES                     ,Discontinuing,Traditional,5N2,G,J,ZZ1       ,Builders Supply Network,NA                            ,SP_000025,NOR,Commercial & Industrial,8.6,3.754,10,0,AUD,,INV_000897,LINE_000014,20130405,ORD_000897,20130404,49:58.7
20130323,2013,9,2013,3,23,205,CUST_000377,500,ITEM_000052,LMP                           ,LMP05002                      ,LMP05                         ,7,Trade          ,C                             ,76,NET_SALES                     ,Discontinuing,Traditional,5N2,G,J,ZZ1       ,Builders Supply Network,NA                            ,SP_000059,NOR,Commercial & Industrial,8.6,3.754,10,0,AUD,,INV_000898,LINE_000014,20130323,ORD_000898,20130321,49:58.7
20130423,2013,10,2013,4,23,205,CUST_000344,510,ITEM_000052,LMP                           ,LMP05002                      ,LMP05                         ,7,Trade          ,C                             ,76,NET_SALES                     ,Discontinuing,Traditional,5N2,G,J,ZZ1       ,Builders Supply Network,NA                            ,SP_000059,NOR,Commercial & Industrial,0.86,0.3789,1,0,AUD,,INV_000899,LINE_000014,20130423,ORD_000899,20130423,49:58.7
20130506,2013,11,2013,5,6,205,CUST_000344,510,ITEM_000052,LMP                           ,LMP05002                      ,LMP05                         ,7,Trade          ,C                             ,76,NET_SALES                     ,Discontinuing,Traditional,5N2,G,J,ZZ1       ,Builders Supply Network,NA                            ,SP_000059,NOR,Commercial & Industrial,0.86,0.3789,1,0,AUD,,INV_000900,LINE_000014,20130506,ORD_000900,20130506,49:58.7
20130419,2013,10,2013,4,19,205,CUST_000360,300,ITEM_000052,LMP                           ,LMP05002                      ,LMP05                         ,7,Trade          ,C                             ,76,NET_SALES                     ,Discontinuing,Traditional,5N2,G,J,ZZ1       ,Builders Supply Network,NA                            ,SP_000033,NOR,Commercial & Industrial,3.44,1.5156,4,0,AUD,,INV_000901,LINE_000014,20130419,ORD_000901,20130418,49:58.7
20130403,2013,10,2013,4,3,205,CUST_000378,600,ITEM_000052,LMP                           ,LMP05002                      ,LMP05                         ,7,Trade          ,C                             ,76,NET_SALES                     ,Discontinuing,Traditional,5W0,D,J,ZZ1       ,Builders Supply Network,NA                            ,SP_000056,NOR,Commercial & Industrial,17.2,8.482,20,0,AUD,,INV_000902,LINE_000014,20130403,ORD_000902,20130403,49:58.7
20130116,2013,7,2013,1,16,205,CUST_000379,200,ITEM_000052,LMP                           ,LMP05002                      ,LMP05                         ,7,Trade          ,C                             ,76,NET_SALES                     ,Discontinuing,Traditional,5N2,G,J,ZZ1       ,Builders Supply Network,NA                            ,SP_000058,NOR,Commercial & Industrial,17.2,8.482,20,0,AUD,,INV_000903,LINE_000014,20130116,ORD_000903,20130115,49:58.7
20130606,2013,12,2013,6,6,205,CUST_000235,500,ITEM_000044,LMP                           ,LMP05017                      ,LMP05                         ,7,Trade          ,C                             ,76,NET_SALES                     ,Discontinuing,Traditional,5S0,J,J,ZZ8       ,EndUser Solutions,NA                            ,SP_000046,NOR,Commercial & Industrial,8.26,2.6352,6,0,AUD,,INV_000904,LINE_000014,20130606,ORD_000904,20130606,49:58.7
20130424,2013,10,2013,4,24,205,CUST_000380,200,ITEM_000044,LMP                           ,LMP05017                      ,LMP05                         ,7,Trade          ,C                             ,76,NET_SALES                     ,Discontinuing,Traditional,5N2,J,J,ZZ2       ,Independent Retailers Association,NA                            ,SP_000045,NOR,Commercial & Industrial,16.2,4.365,10,0,AUD,,INV_000905,LINE_000014,20130424,ORD_000905,20130424,49:58.7
20130409,2013,10,2013,4,9,205,CUST_000381,200,ITEM_000044,LMP                           ,LMP05017                      ,LMP05                         ,7,Trade          ,C                             ,76,NET_SALES                     ,Discontinuing,Traditional,5N2,J,J,ZZ2       ,Independent Retailers Association,NA                            ,SP_000048,NOR,Commercial & Industrial,14.58,4.365,10,0,AUD,,INV_000906,LINE_000014,20130409,ORD_000906,20130408,49:58.7
20130423,2013,10,2013,4,23,205,CUST_000382,200,ITEM_000044,LMP                           ,LMP05017                      ,LMP05                         ,7,Trade          ,C                             ,76,NET_SALES                     ,Discontinuing,Traditional,5N2,J,J,AEG,Aussie Energy Group,NA                            ,SP_000007,NOR,Commercial & Industrial,16.2,4.365,10,0,AUD,,INV_000907,LINE_000014,20130423,ORD_000907,20130423,49:58.7
20130204,2013,8,2013,2,4,205,CUST_000383,500,ITEM_000044,LMP                           ,LMP05017                      ,LMP05                         ,7,Trade          ,C                             ,76,NET_SALES                     ,Discontinuing,Traditional,5S0,J,J,GEW,Global Electric Wholesalers,NA                            ,SP_000059,NOR,Commercial & Industrial,8.1,2.3105,5,0,AUD,,INV_000908,LINE_000014,20130204,ORD_000908,20130204,49:58.7
20130121,2013,7,2013,1,21,205,CUST_000311,210,ITEM_000044,LMP                           ,LMP05017                      ,LMP05                         ,7,Trade          ,C                             ,76,NET_SALES                     ,Discontinuing,Traditional,5N2,J,J,UES,Unified Electrical Suppliers,NA                            ,SP_000012,NOR,Commercial & Industrial,15.88,4.622,10,0,AUD,,INV_000909,LINE_000014,20130121,ORD_000909,20130121,49:58.7
20130516,2013,11,2013,5,16,205,CUST_000248,500,ITEM_000044,LMP                           ,LMP05017                      ,LMP05                         ,7,Trade          ,C                             ,76,NET_SALES                     ,Discontinuing,Traditional,5S0,J,J,ZZ2       ,Independent Retailers Association,NA                            ,SP_000050,NOR,Commercial & Industrial,14.58,4.392,10,0,AUD,,INV_000910,LINE_000014,20130516,ORD_000910,20130516,49:58.7
20130116,2013,7,2013,1,16,205,CUST_000384,200,ITEM_000044,LMP                           ,LMP05017                      ,LMP05                         ,7,Trade          ,C                             ,76,NET_SALES                     ,Discontinuing,Traditional,5N2,J,J,ZZ1       ,Builders Supply Network,NA                            ,SP_000045,NOR,Commercial & Industrial,16.2,4.622,10,0,AUD,,INV_000911,LINE_000014,20130116,ORD_000911,20130116,49:58.7
20130304,2013,9,2013,3,4,205,CUST_000385,400,ITEM_000054,LMP                           ,LMP04002                      ,LMP04                         ,5,Trade          ,C                             ,CROM                                    ,NET_SALES                     ,Discontinuing,Traditional,5N2,J,J,MED,Metro Electrical Distributors,NA                            ,SP_000006,NOR,Commercial & Industrial,125.0,43.79,50,0,AUD,,INV_000912,LINE_000014,20130304,ORD_000912,20130301,49:58.7
20130523,2013,11,2013,5,23,205,CUST_000386,600,ITEM_000054,LMP                           ,LMP04002                      ,LMP04                         ,5,Trade          ,C                             ,CROM                                    ,NET_SALES                     ,Discontinuing,Traditional,5W0,J,J,NLG,Nationwide Lighting Group,NA                            ,SP_000031,NOR,Commercial & Industrial,120.0,43.79,50,0,AUD,,INV_000913,LINE_000014,20130523,ORD_000913,20130523,49:58.7
20130415,2013,10,2013,4,15,205,CUST_000239,500,ITEM_000054,LMP                           ,LMP04002                      ,LMP04                         ,5,Trade          ,C                             ,CROM                                    ,NET_SALES                     ,Discontinuing,Traditional,5S0,J,J,ZZ2       ,Independent Retailers Association,NA                            ,SP_000046,NOR,Commercial & Industrial,24.0,8.758,10,0,AUD,,INV_000914,LINE_000014,20130415,ORD_000914,20130415,49:58.7
20130510,2013,11,2013,5,10,205,CUST_000263,400,ITEM_000054,LMP                           ,LMP04002                      ,LMP04                         ,5,Trade          ,C                             ,CROM                                    ,NET_SALES                     ,Discontinuing,Traditional,5N2,J,J,ZZZ       ,General Suppliers Pty,NA                            ,SP_000001,NOR,Commercial & Industrial,40.0,35.032,40,0,AUD,,INV_000731,LINE_000014,20130510,ORD_000731,20130509,49:58.7
20130318,2013,9,2013,3,18,205,CUST_000239,500,ITEM_000054,LMP                           ,LMP04002                      ,LMP04                         ,5,Trade          ,C                             ,CROM                                    ,NET_SALES                     ,Discontinuing,Traditional,5S0,J,J,ZZ2       ,Independent Retailers Association,NA                            ,SP_000046,NOR,Commercial & Industrial,24.0,8.758,10,0,AUD,,INV_000915,LINE_000014,20130318,ORD_000915,20130318,49:58.7
20130501,2013,11,2013,5,1,205,CUST_000387,200,ITEM_000054,LMP                           ,LMP04002                      ,LMP04                         ,5,Trade          ,C                             ,CROM                                    ,NET_SALES                     ,Discontinuing,Traditional,5N2,J,J,ZZ2       ,Independent Retailers Association,NA                            ,SP_000062,NOR,Commercial & Industrial,72.0,26.274,30,0,AUD,,INV_000916,LINE_000014,20130501,ORD_000916,20130501,49:58.7
20130201,2013,8,2013,2,1,205,CUST_000387,200,ITEM_000054,LMP                           ,LMP04002                      ,LMP04                         ,5,Trade          ,C                             ,CROM                                    ,NET_SALES                     ,Discontinuing,Traditional,5N2,J,J,ZZ2       ,Independent Retailers Association,NA                            ,SP_000062,NOR,Commercial & Industrial,72.0,26.274,30,0,AUD,,INV_000917,LINE_000014,20130201,ORD_000917,20130201,49:58.7
20130603,2013,12,2013,6,3,205,CUST_000387,200,ITEM_000054,LMP                           ,LMP04002                      ,LMP04                         ,5,Trade          ,C                             ,CROM                                    ,NET_SALES                     ,Discontinuing,Traditional,5N2,J,J,ZZ2       ,Independent Retailers Association,NA                            ,SP_000062,NOR,Commercial & Industrial,24.0,8.758,10,0,AUD,,INV_000918,LINE_000014,20130603,ORD_000918,20130603,49:58.7
20130525,2013,11,2013,5,25,205,CUST_000388,400,ITEM_000045,COM                           ,COM03002                      ,COM03                         ,5,Trade          ,C                             ,CROM                                    ,NET_SALES                     ,Continuing,Accessories,5N2,A,J,NES,NextGen Electrical Solutions,NA                            ,SP_000020,NOR,Commercial & Industrial,64.12,37.7794,2,0,AUD,,INV_000919,LINE_000014,20130525,ORD_000919,20130513,49:58.7
20130626,2013,12,2013,6,26,205,CUST_000389,400,ITEM_000045,COM                           ,COM03002                      ,COM03                         ,5,Trade          ,C                             ,CROM                                    ,NET_SALES                     ,Continuing,Accessories,5Q0,D,J,MED,Metro Electrical Distributors,NA                            ,SP_000015,NOR,Commercial & Industrial,371.25,219.89,11,0,AUD,,INV_000920,LINE_000014,20130626,ORD_000920,20130625,49:58.7
20130525,2013,11,2013,5,25,205,CUST_000390,400,ITEM_000045,COM                           ,COM03002                      ,COM03                         ,5,Trade          ,C                             ,CROM                                    ,NET_SALES                     ,Continuing,Accessories,5N2,A,J,NES,NextGen Electrical Solutions,NA                            ,SP_000025,NOR,Commercial & Industrial,64.12,37.7794,2,0,AUD,,INV_000921,LINE_000014,20130525,ORD_000921,20130514,49:58.7
20130518,2013,11,2013,5,18,205,CUST_000391,400,ITEM_000045,COM                           ,COM03002                      ,COM03                         ,5,Trade          ,C                             ,CROM                                    ,NET_SALES                     ,Continuing,Accessories,5N2,A,J,NES,NextGen Electrical Solutions,NA                            ,SP_000020,NOR,Commercial & Industrial,64.12,39.98,2,0,AUD,,INV_000922,LINE_000014,20130518,ORD_000922,20130509,49:58.7
20130527,2013,11,2013,5,27,205,CUST_000392,300,ITEM_000045,COM                           ,COM03002                      ,COM03                         ,5,Trade          ,C                             ,CROM                                    ,NET_SALES                     ,Continuing,Accessories,5N2,A,J,NES,NextGen Electrical Solutions,NA                            ,SP_000005,NOR,Commercial & Industrial,64.12,37.7794,2,0,AUD,,INV_000923,LINE_000014,20130527,ORD_000923,20130523,49:58.7
20130525,2013,11,2013,5,25,205,CUST_000393,500,ITEM_000045,COM                           ,COM03002                      ,COM03                         ,5,Trade          ,C                             ,CROM                                    ,NET_SALES                     ,Continuing,Accessories,5N2,A,J,NES,NextGen Electrical Solutions,NA                            ,SP_000022,NOR,Commercial & Industrial,64.12,37.7794,2,0,AUD,,INV_000924,LINE_000014,20130525,ORD_000924,20130516,49:58.7
20130517,2013,11,2013,5,17,205,CUST_000338,410,ITEM_000045,COM                           ,COM03002                      ,COM03                         ,5,Trade          ,C                             ,CROM                                    ,NET_SALES                     ,Continuing,Accessories,5N2,A,J,NES,NextGen Electrical Solutions,NA                            ,SP_000061,NOR,Commercial & Industrial,64.12,39.98,2,0,AUD,,INV_000925,LINE_000014,20130517,ORD_000925,20130508,49:58.7
20130409,2013,10,2013,4,9,205,CUST_000394,200,ITEM_000045,COM                           ,COM03002                      ,COM03                         ,5,Trade          ,C                             ,CROM                                    ,NET_SALES                     ,Continuing,Accessories,5N2,A,J,MED,Metro Electrical Distributors,NA                            ,SP_000011,NOR,Commercial & Industrial,67.5,39.98,2,0,AUD,,INV_000926,LINE_000014,20130409,ORD_000926,20130408,49:58.7
20130612,2013,12,2013,6,12,205,CUST_000395,600,ITEM_000052,LMP                           ,LMP05002                      ,LMP05                         ,7,Trade          ,C                             ,76,NET_SALES                     ,Discontinuing,Traditional,5W0,D,J,ZZ1       ,Builders Supply Network,NA                            ,SP_000056,NOR,Commercial & Industrial,8.6,3.775,10,0,AUD,,INV_000927,LINE_000014,20130612,ORD_000927,20130612,49:58.7
20130312,2013,9,2013,3,12,205,CUST_000396,300,ITEM_000052,LMP                           ,LMP05002                      ,LMP05                         ,7,Trade          ,C                             ,76,NET_SALES                     ,Discontinuing,Traditional,5N2,G,J,ZZ1       ,Builders Supply Network,NA                            ,SP_000033,NOR,Commercial & Industrial,3.44,1.5016,4,0,AUD,,INV_000928,LINE_000014,20130312,ORD_000928,20130311,49:58.7
20130328,2013,9,2013,3,28,205,CUST_000397,600,ITEM_000052,LMP                           ,LMP05002                      ,LMP05                         ,7,Trade          ,C                             ,76,NET_SALES                     ,Discontinuing,Traditional,5W0,D,J,ZZ1       ,Builders Supply Network,NA                            ,SP_000056,NOR,Commercial & Industrial,10.32,5.0892,12,0,AUD,,INV_000929,LINE_000014,20130328,ORD_000929,20130328,49:58.7
20130619,2013,12,2013,6,19,205,CUST_000398,200,ITEM_000052,LMP                           ,LMP05002                      ,LMP05                         ,7,Trade          ,C                             ,76,NET_SALES                     ,Discontinuing,Traditional,5N2,G,J,ZZ1       ,Builders Supply Network,NA                            ,SP_000058,NOR,Commercial & Industrial,4.3,1.8945,5,0,AUD,,INV_000930,LINE_000014,20130619,ORD_000930,20130619,49:58.7
20130617,2013,12,2013,6,17,205,CUST_000324,710,ITEM_000052,LMP                           ,LMP05002                      ,LMP05                         ,7,Trade          ,C                             ,76,NET_SALES                     ,Discontinuing,Traditional,5N2,G,J,ZZ1       ,Builders Supply Network,NA                            ,SP_000064,NOR,Commercial & Industrial,89.28,37.89,100,0,AUD,,INV_000931,LINE_000014,20130617,ORD_000931,20130614,49:58.7
20130305,2013,9,2013,3,5,205,CUST_000399,500,ITEM_000052,LMP                           ,LMP05002                      ,LMP05                         ,7,Trade          ,C                             ,76,NET_SALES                     ,Discontinuing,Traditional,5N2,G,J,ZZ1       ,Builders Supply Network,NA                            ,SP_000059,NOR,Commercial & Industrial,34.4,15.016,40,0,AUD,,INV_000932,LINE_000014,20130305,ORD_000932,20130304,49:58.7
20130617,2013,12,2013,6,17,205,CUST_000400,500,ITEM_000052,LMP                           ,LMP05002                      ,LMP05                         ,7,Trade          ,C                             ,76,NET_SALES                     ,Discontinuing,Traditional,5S0,D,J,NLG,Nationwide Lighting Group,NA                            ,SP_000022,NOR,Commercial & Industrial,41.6,17.008,40,0,AUD,,INV_000933,LINE_000014,20130617,ORD_000933,20130617,49:58.7
20130621,2013,12,2013,6,21,205,CUST_000401,600,ITEM_000052,LMP                           ,LMP05002                      ,LMP05                         ,7,Trade          ,C                             ,76,NET_SALES                     ,Discontinuing,Traditional,5W0,D,J,ZZ1       ,Builders Supply Network,NA                            ,SP_000056,NOR,Commercial & Industrial,4.3,1.8875,5,0,AUD,,INV_000934,LINE_000014,20130621,ORD_000934,20130621,49:58.7
20130416,2013,10,2013,4,16,205,CUST_000302,200,ITEM_000044,LMP                           ,LMP05017                      ,LMP05                         ,7,Trade          ,C                             ,76,NET_SALES                     ,Discontinuing,Traditional,5N2,J,J,ZZ2       ,Independent Retailers Association,NA                            ,SP_000048,NOR,Commercial & Industrial,4.86,1.3095,3,0,AUD,,INV_000935,LINE_000014,20130416,ORD_000935,20130416,49:58.7
20130218,2013,8,2013,2,18,205,CUST_000352,400,ITEM_000044,LMP                           ,LMP05017                      ,LMP05                         ,7,Trade          ,C                             ,76,NET_SALES                     ,Discontinuing,Traditional,5Q0,J,J,NES,NextGen Electrical Solutions,NA                            ,SP_000020,CRD,Commercial & Industrial,-1.62,0.0,0,1,AUD,,INV_000936,LINE_000014,20130218,ORD_000936,20130218,49:58.7
20130311,2013,9,2013,3,11,205,CUST_000402,400,ITEM_000044,LMP                           ,LMP05017                      ,LMP05                         ,7,Trade          ,C                             ,76,NET_SALES                     ,Discontinuing,Traditional,5Q0,J,J,ZZ1       ,Builders Supply Network,NA                            ,SP_000040,NOR,Commercial & Industrial,9.72,2.7732,6,0,AUD,,INV_000937,LINE_000014,20130311,ORD_000937,20130311,49:58.7
20130607,2013,12,2013,6,7,205,CUST_000403,300,ITEM_000044,LMP                           ,LMP05017                      ,LMP05                         ,7,Trade          ,C                             ,76,NET_SALES                     ,Discontinuing,Traditional,5N2,J,J,MED,Metro Electrical Distributors,NA                            ,SP_000005,NOR,Commercial & Industrial,32.4,8.73,20,0,AUD,,INV_000938,LINE_000014,20130607,ORD_000938,20130607,49:58.7
20130305,2013,9,2013,3,5,205,CUST_000375,400,ITEM_000044,LMP                           ,LMP05017                      ,LMP05                         ,7,Trade          ,C                             ,76,NET_SALES                     ,Discontinuing,Traditional,5N2,J,J,ZZ1       ,Builders Supply Network,NA                            ,SP_000006,NOR,Commercial & Industrial,8.1,2.1825,5,0,AUD,,INV_000939,LINE_000014,20130305,ORD_000939,20130304,49:58.7
20130517,2013,11,2013,5,17,205,CUST_000404,200,ITEM_000047,LMP                           ,LMP05002                      ,LMP05                         ,7,Trade          ,C                             ,76,NET_SALES                     ,Discontinuing,Traditional,5N2,C,J,ZZ3       ,ProLighting Specialists,NA                            ,SP_000062,NOR,Commercial & Industrial,9.36,4.392,10,0,AUD,,INV_000940,LINE_000014,20130517,ORD_000940,20130517,49:58.7
20130213,2013,8,2013,2,13,205,CUST_000405,400,ITEM_000047,LMP                           ,LMP05002                      ,LMP05                         ,7,Trade          ,C                             ,76,NET_SALES                     ,Discontinuing,Traditional,5N2,C,J,NES,NextGen Electrical Solutions,NA                            ,SP_000020,NOR,Commercial & Industrial,104.0,43.92,100,0,AUD,,INV_000941,LINE_000014,20130213,ORD_000941,20130212,49:58.7
20130306,2013,9,2013,3,6,205,CUST_000406,300,ITEM_000047,LMP                           ,LMP05002                      ,LMP05                         ,7,Trade          ,C                             ,76,NET_SALES                     ,Discontinuing,Traditional,5N2,C,J,ZZ2       ,Independent Retailers Association,NA                            ,SP_000033,NOR,Commercial & Industrial,3.74,1.7568,4,0,AUD,,INV_000942,LINE_000014,20130306,ORD_000942,20130305,49:58.7
20130515,2013,11,2013,5,15,205,CUST_000407,200,ITEM_000047,LMP                           ,LMP05002                      ,LMP05                         ,7,Trade          ,C                             ,76,NET_SALES                     ,Discontinuing,Traditional,5N2,C,J,ZZ1       ,Builders Supply Network,NA                            ,SP_000068,NOR,Commercial & Industrial,4.16,1.7568,4,0,AUD,,INV_000943,LINE_000014,20130515,ORD_000943,20130515,49:58.7
20130510,2013,11,2013,5,10,205,CUST_000408,710,ITEM_000047,LMP                           ,LMP05002                      ,LMP05                         ,7,Trade          ,C                             ,76,NET_SALES                     ,Discontinuing,Traditional,5N2,C,J,ZZ2       ,Independent Retailers Association,NA                            ,SP_000045,EXP,Commercial & Industrial,78.0,43.92,100,0,AUD,,INV_000944,LINE_000014,20130510,ORD_000944,20130507,49:58.7
20130109,2013,7,2013,1,9,205,CUST_000233,310,ITEM_000047,LMP                           ,LMP05002                      ,LMP05                         ,7,Trade          ,C                             ,76,NET_SALES                     ,Discontinuing,Traditional,5N2,C,J,ZZ2       ,Independent Retailers Association,NA                            ,SP_000005,NOR,Commercial & Industrial,8.32,4.392,10,0,AUD,,INV_000945,LINE_000014,20130109,ORD_000945,20121214,49:58.7
20130509,2013,11,2013,5,9,205,CUST_000263,400,ITEM_000047,LMP                           ,LMP05002                      ,LMP05                         ,7,Trade          ,C                             ,76,NET_SALES                     ,Discontinuing,Traditional,5N2,C,J,ZZZ       ,General Suppliers Pty,NA                            ,SP_000001,NOR,Commercial & Industrial,24.0,13.176,30,0,AUD,,INV_000946,LINE_000014,20130509,ORD_000946,20130508,49:58.7
20130205,2013,8,2013,2,5,205,CUST_000409,400,ITEM_000047,LMP                           ,LMP05002                      ,LMP05                         ,7,Trade          ,C                             ,76,NET_SALES                     ,Discontinuing,Traditional,5N2,C,J,MED,Metro Electrical Distributors,NA                            ,SP_000019,NOR,Commercial & Industrial,4.16,1.7568,4,0,AUD,,INV_000947,LINE_000014,20130205,ORD_000947,20130204,49:58.7
20130116,2013,7,2013,1,16,205,CUST_000410,200,ITEM_000047,LMP                           ,LMP05002                      ,LMP05                         ,7,Trade          ,C                             ,76,NET_SALES                     ,Discontinuing,Traditional,5N2,C,J,ZZ2       ,Independent Retailers Association,NA                            ,SP_000045,NOR,Commercial & Industrial,10.4,4.392,10,0,AUD,,INV_000948,LINE_000014,20130116,ORD_000948,20130116,49:58.7
20130130,2013,7,2013,1,30,205,CUST_000411,200,ITEM_000053,LMP                           ,LMP05025                      ,LMP05                         ,7,Trade          ,C                             ,219,NET_SALES                     ,Discontinuing,Traditional,5N2,C,J,ZZZ       ,General Suppliers Pty,NA                            ,SP_000017,NOR,Commercial & Industrial,14.58,4.861,10,0,AUD,,INV_000949,LINE_000014,20130130,ORD_000949,20130130,49:58.7
20130611,2013,12,2013,6,11,205,CUST_000412,200,ITEM_000053,LMP                           ,LMP05025                      ,LMP05                         ,7,Trade          ,C                             ,219,NET_SALES                     ,Discontinuing,Traditional,5N2,C,J,NES,NextGen Electrical Solutions,NA                            ,SP_000011,NOR,Commercial & Industrial,3.24,0.9722,2,0,AUD,,INV_000950,LINE_000014,20130611,ORD_000950,20130611,49:58.7
20130404,2013,10,2013,4,4,205,CUST_000413,210,ITEM_000053,LMP                           ,LMP05025                      ,LMP05                         ,7,Trade          ,C                             ,219,NET_SALES                     ,Discontinuing,Traditional,5N2,C,J,MED,Metro Electrical Distributors,NA                            ,SP_000012,NOR,Commercial & Industrial,1.62,0.4861,1,0,AUD,,INV_000951,LINE_000014,20130404,ORD_000951,20130403,49:58.7
20130612,2013,12,2013,6,12,205,CUST_000175,400,ITEM_000053,LMP                           ,LMP05025                      ,LMP05                         ,7,Trade          ,C                             ,219,NET_SALES                     ,Discontinuing,Traditional,5N2,C,J,NES,NextGen Electrical Solutions,NA                            ,SP_000006,NOR,Commercial & Industrial,81.0,24.305,50,0,AUD,,INV_000952,LINE_000014,20130612,ORD_000952,20130611,49:58.7
20130430,2013,10,2013,4,30,205,CUST_000414,210,ITEM_000053,LMP                           ,LMP05025                      ,LMP05                         ,7,Trade          ,C                             ,219,NET_SALES                     ,Discontinuing,Traditional,5N2,C,J,ZZZ       ,General Suppliers Pty,NA                            ,SP_000012,NOR,Commercial & Industrial,4.8,1.9444,4,0,AUD,,INV_000953,LINE_000014,20130430,ORD_000953,20130430,49:58.7
20130604,2013,12,2013,6,4,101,CUST_000415,600,ITEM_000048,COM                           ,COM99001                      ,COM99                         ,4,Professional   ,P                             ,NA                                      ,NET_SALES                     ,Discontinuing,Traditional,1W0,D,E,UES,Unified Electrical Suppliers,FAX                           ,SP_000032,NOR,Commercial & Industrial,726.36,363.18,2,0,AUD,,INV_000954,LINE_000001,20130604,ORD_000954,20130523,49:58.7
20130314,2013,9,2013,3,14,101,CUST_000416,210,ITEM_000048,COM                           ,COM99001                      ,COM99                         ,4,Professional   ,P                             ,NA                                      ,NET_SALES                     ,Discontinuing,Traditional,1N1,D,E,AEG,Aussie Energy Group,NA                            ,SP_000012,NOR,Commercial & Industrial,349.0,181.59,1,0,AUD,,INV_000955,LINE_000002,20130314,ORD_000955,20130221,49:58.7
20130426,2013,10,2013,4,26,101,CUST_000270,400,ITEM_000048,COM                           ,COM99001                      ,COM99                         ,4,Professional   ,P                             ,NA                                      ,NET_SALES                     ,Discontinuing,Traditional,1N1,D,E,ZZZ       ,General Suppliers Pty,NA                            ,SP_000025,CSH,Commercial & Industrial,1210.6,907.95,5,0,AUD,,INV_000956,LINE_000001,20130426,ORD_000956,20130418,49:58.7
20130419,2013,10,2013,4,19,101,CUST_000001,410,ITEM_000048,COM                           ,COM99001                      ,COM99                         ,4,Professional   ,P                             ,NA                                      ,NET_SALES                     ,Discontinuing,Traditional,1Q1,J,J,ELC,ElectraCorp Ltd,NA                            ,SP_000001,NOR,Commercial & Industrial,363.18,181.59,1,0,AUD,,INV_000957,LINE_000002,20130419,ORD_000957,20130412,49:58.7
20130306,2013,9,2013,3,6,101,CUST_000417,410,ITEM_000048,COM                           ,COM99001                      ,COM99                         ,4,Professional   ,P                             ,NA                                      ,NET_SALES                     ,Discontinuing,Traditional,1Q0,D,J,NES,NextGen Electrical Solutions,NA                            ,SP_000057,NOR,Commercial & Industrial,1089.54,544.77,3,0,AUD,,INV_000958,LINE_000002,20130306,ORD_000958,20130228,49:58.7
20130502,2013,11,2013,5,2,205,CUST_000001,410,ITEM_000055,LMP                           ,LMP05003                      ,LMP05                         ,5,Trade          ,C                             ,CROM                                    ,NET_SALES                     ,Discontinuing,Traditional,5N2,J,J,ELC,ElectraCorp Ltd,NA                            ,SP_000001,NOR,Commercial & Industrial,260.0,37.82,100,0,AUD,,INV_000959,LINE_000014,20130502,ORD_000959,20130502,49:58.7
20130527,2013,11,2013,5,27,205,CUST_000418,300,ITEM_000045,COM                           ,COM03002                      ,COM03                         ,5,Trade          ,C                             ,CROM                                    ,NET_SALES                     ,Continuing,Accessories,5N2,A,J,NES,NextGen Electrical Solutions,NA                            ,SP_000069,NOR,Commercial & Industrial,64.12,37.7794,2,0,AUD,,INV_000960,LINE_000014,20130527,ORD_000960,20130516,49:58.7
20130514,2013,11,2013,5,14,205,CUST_000394,200,ITEM_000045,COM                           ,COM03002                      ,COM03                         ,5,Trade          ,C                             ,CROM                                    ,NET_SALES                     ,Continuing,Accessories,5N2,A,J,MED,Metro Electrical Distributors,NA                            ,SP_000011,NOR,Commercial & Industrial,101.25,59.97,3,0,AUD,,INV_000961,LINE_000014,20130514,ORD_000961,20130513,49:58.7
20130503,2013,11,2013,5,3,205,CUST_000419,400,ITEM_000045,COM                           ,COM03002                      ,COM03                         ,5,Trade          ,C                             ,CROM                                    ,NET_SALES                     ,Continuing,Accessories,5Q0,D,J,MED,Metro Electrical Distributors,NA                            ,SP_000018,NOR,Commercial & Industrial,337.5,199.9,10,0,AUD,,INV_000962,LINE_000014,20130503,ORD_000962,20130503,49:58.7
20130607,2013,12,2013,6,7,205,CUST_000420,400,ITEM_000045,COM                           ,COM03002                      ,COM03                         ,5,Trade          ,C                             ,CROM                                    ,NET_SALES                     ,Continuing,Accessories,5N2,A,J,NES,NextGen Electrical Solutions,NA                            ,SP_000020,NOR,Commercial & Industrial,64.12,37.7794,2,0,AUD,,INV_000963,LINE_000014,20130607,ORD_000963,20130607,49:58.7
20130603,2013,12,2013,6,3,205,CUST_000421,200,ITEM_000045,COM                           ,COM03002                      ,COM03                         ,5,Trade          ,C                             ,CROM                                    ,NET_SALES                     ,Continuing,Accessories,5N2,A,J,NES,NextGen Electrical Solutions,NA                            ,SP_000011,NOR,Commercial & Industrial,160.3,94.4485,5,0,AUD,,INV_000964,LINE_000014,20130603,ORD_000964,20130530,49:58.7
20130604,2013,12,2013,6,4,205,CUST_000419,400,ITEM_000045,COM                           ,COM03002                      ,COM03                         ,5,Trade          ,C                             ,CROM                                    ,NET_SALES                     ,Continuing,Accessories,5Q0,D,J,MED,Metro Electrical Distributors,NA                            ,SP_000018,NOR,Commercial & Industrial,337.5,199.9,10,0,AUD,,INV_000965,LINE_000014,20130604,ORD_000965,20130604,49:58.7
20130518,2013,11,2013,5,18,205,CUST_000422,400,ITEM_000045,COM                           ,COM03002                      ,COM03                         ,5,Trade          ,C                             ,CROM                                    ,NET_SALES                     ,Continuing,Accessories,5N2,A,J,NES,NextGen Electrical Solutions,NA                            ,SP_000019,NOR,Commercial & Industrial,64.12,39.98,2,0,AUD,,INV_000966,LINE_000014,20130518,ORD_000966,20130515,49:58.7
20130319,2013,9,2013,3,19,205,CUST_000423,200,ITEM_000045,COM                           ,COM03002                      ,COM03                         ,5,Trade          ,C                             ,CROM                                    ,NET_SALES                     ,Continuing,Accessories,5N2,A,J,AEG,Aussie Energy Group,NA                            ,SP_000007,NOR,Commercial & Industrial,139.32,59.97,3,0,AUD,,INV_000967,LINE_000014,20130319,ORD_000967,20130315,49:58.7
20130516,2013,11,2013,5,16,205,CUST_000424,200,ITEM_000052,LMP                           ,LMP05002                      ,LMP05                         ,7,Trade          ,C                             ,76,NET_SALES                     ,Discontinuing,Traditional,5N2,G,J,ZZ1       ,Builders Supply Network,NA                            ,SP_000070,NOR,Commercial & Industrial,2.58,1.1367,3,0,AUD,,INV_000968,LINE_000014,20130516,ORD_000968,20130516,49:58.7
20130521,2013,11,2013,5,21,205,CUST_000310,600,ITEM_000052,LMP                           ,LMP05002                      ,LMP05                         ,7,Trade          ,C                             ,76,NET_SALES                     ,Discontinuing,Traditional,5W0,D,J,ZZ1       ,Builders Supply Network,NA                            ,SP_000056,NOR,Commercial & Industrial,8.6,3.775,10,0,AUD,,INV_000969,LINE_000014,20130521,ORD_000969,20130521,49:58.7
20130614,2013,12,2013,6,14,205,CUST_000425,600,ITEM_000052,LMP                           ,LMP05002                      ,LMP05                         ,7,Trade          ,C                             ,76,NET_SALES                     ,Discontinuing,Traditional,5W0,D,J,ZZ1       ,Builders Supply Network,NA                            ,SP_000058,NOR,Commercial & Industrial,4.3,1.8875,5,0,AUD,,INV_000970,LINE_000014,20130614,ORD_000970,20130614,49:58.7
20130107,2013,7,2013,1,7,205,CUST_000426,510,ITEM_000052,LMP                           ,LMP05002                      ,LMP05                         ,7,Trade          ,C                             ,76,NET_SALES                     ,Discontinuing,Traditional,5N2,G,J,ZZ1       ,Builders Supply Network,NA                            ,SP_000059,NOR,Commercial & Industrial,10.32,5.0892,12,0,AUD,,INV_000971,LINE_000014,20130107,ORD_000971,20130107,49:58.7
20130621,2013,12,2013,6,21,205,CUST_000399,500,ITEM_000052,LMP                           ,LMP05002                      ,LMP05                         ,7,Trade          ,C                             ,76,NET_SALES                     ,Discontinuing,Traditional,5N2,G,J,ZZ1       ,Builders Supply Network,NA                            ,SP_000059,NOR,Commercial & Industrial,25.8,11.367,30,0,AUD,,INV_000972,LINE_000014,20130621,ORD_000972,20130621,49:58.7
20130517,2013,11,2013,5,17,205,CUST_000399,500,ITEM_000052,LMP                           ,LMP05002                      ,LMP05                         ,7,Trade          ,C                             ,76,NET_SALES                     ,Discontinuing,Traditional,5N2,G,J,ZZ1       ,Builders Supply Network,NA                            ,SP_000059,NOR,Commercial & Industrial,8.6,3.789,10,0,AUD,,INV_000973,LINE_000014,20130517,ORD_000973,20130516,49:58.7
20130315,2013,9,2013,3,15,205,CUST_000348,410,ITEM_000052,LMP                           ,LMP05002                      ,LMP05                         ,7,Trade          ,C                             ,76,NET_SALES                     ,Discontinuing,Traditional,5N2,G,J,ZZ1       ,Builders Supply Network,NA                            ,SP_000058,NOR,Commercial & Industrial,17.2,7.508,20,0,AUD,,INV_000974,LINE_000014,20130315,ORD_000974,20130314,49:58.7
20130619,2013,12,2013,6,19,205,CUST_000427,200,ITEM_000052,LMP                           ,LMP05002                      ,LMP05                         ,7,Trade          ,C                             ,76,NET_SALES                     ,Discontinuing,Traditional,5N2,G,J,ZZ1       ,Builders Supply Network,NA                            ,SP_000058,NOR,Commercial & Industrial,1.72,0.7578,2,0,AUD,,INV_000975,LINE_000014,20130619,ORD_000975,20130618,49:58.7
20130411,2013,10,2013,4,11,205,CUST_000428,200,ITEM_000047,LMP                           ,LMP05002                      ,LMP05                         ,7,Trade          ,C                             ,76,NET_SALES                     ,Discontinuing,Traditional,5N2,C,J,MED,Metro Electrical Distributors,NA                            ,SP_000071,NOR,Commercial & Industrial,10.4,4.392,10,0,AUD,,INV_000976,LINE_000014,20130411,ORD_000976,20130410,49:58.7
20130315,2013,9,2013,3,15,205,CUST_000339,200,ITEM_000056,LMP                           ,LMP05017                      ,LMP05                         ,7,Trade          ,C                             ,76,NET_SALES                     ,Discontinuing,Traditional,5N2,J,J,ZZ2       ,Independent Retailers Association,NA                            ,SP_000055,NOR,Commercial & Industrial,11.05,5.272,10,0,AUD,,INV_000977,LINE_000014,20130315,ORD_000977,20130315,49:58.7
20130408,2013,10,2013,4,8,205,CUST_000305,200,ITEM_000056,LMP                           ,LMP05017                      ,LMP05                         ,7,Trade          ,C                             ,76,NET_SALES                     ,Discontinuing,Traditional,5N2,J,J,ZZ1       ,Builders Supply Network,NA                            ,SP_000062,NOR,Commercial & Industrial,26.0,10.544,20,0,AUD,,INV_000784,LINE_000014,20130408,ORD_000784,20130405,49:58.7
20130221,2013,8,2013,2,21,205,CUST_000285,200,ITEM_000056,LMP                           ,LMP05017                      ,LMP05                         ,7,Trade          ,C                             ,76,NET_SALES                     ,Discontinuing,Traditional,5N2,J,J,ZZ2       ,Independent Retailers Association,NA                            ,SP_000009,NOR,Commercial & Industrial,5.2,2.1088,4,0,AUD,,INV_000759,LINE_000014,20130221,ORD_000759,20130221,49:58.7
20130221,2013,8,2013,2,21,205,CUST_000429,200,ITEM_000056,LMP                           ,LMP05017                      ,LMP05                         ,7,Trade          ,C                             ,76,NET_SALES                     ,Discontinuing,Traditional,5N2,J,J,ZZ3       ,ProLighting Specialists,NA                            ,SP_000048,NOR,Commercial & Industrial,21.6,10.544,20,0,AUD,,INV_000978,LINE_000014,20130221,ORD_000978,20130220,49:58.7
20130612,2013,12,2013,6,12,205,CUST_000313,500,ITEM_000054,LMP                           ,LMP04002                      ,LMP04                         ,5,Trade          ,C                             ,CROM                                    ,NET_SALES                     ,Discontinuing,Traditional,5S0,J,J,ZZ1       ,Builders Supply Network,NA                            ,SP_000059,NOR,Commercial & Industrial,12.0,4.379,5,0,AUD,,INV_000979,LINE_000014,20130612,ORD_000979,20130612,49:58.7
20130522,2013,11,2013,5,22,205,CUST_000312,410,ITEM_000054,LMP                           ,LMP04002                      ,LMP04                         ,5,Trade          ,C                             ,CROM                                    ,NET_SALES                     ,Discontinuing,Traditional,5Q0,J,E,ZZ2       ,Independent Retailers Association,NA                            ,SP_000001,NOR,Commercial & Industrial,24.0,8.758,10,0,AUD,,INV_000980,LINE_000014,20130522,ORD_000980,20130508,49:58.7
20130122,2013,7,2013,1,22,205,CUST_000430,200,ITEM_000054,LMP                           ,LMP04002                      ,LMP04                         ,5,Trade          ,C                             ,CROM                                    ,NET_SALES                     ,Discontinuing,Traditional,5N2,J,J,AEG,Aussie Energy Group,NA                            ,SP_000067,NOR,Commercial & Industrial,48.0,17.516,20,0,AUD,,INV_000981,LINE_000014,20130122,ORD_000981,20130121,49:58.7
20130422,2013,10,2013,4,22,205,CUST_000313,500,ITEM_000054,LMP                           ,LMP04002                      ,LMP04                         ,5,Trade          ,C                             ,CROM                                    ,NET_SALES                     ,Discontinuing,Traditional,5S0,J,J,ZZ1       ,Builders Supply Network,NA                            ,SP_000059,NOR,Commercial & Industrial,12.0,4.379,5,0,AUD,,INV_000982,LINE_000014,20130422,ORD_000982,20130422,49:58.7
20130404,2013,10,2013,4,4,205,CUST_000431,200,ITEM_000054,LMP                           ,LMP04002                      ,LMP04                         ,5,Trade          ,C                             ,CROM                                    ,NET_SALES                     ,Discontinuing,Traditional,5N2,J,J,ZZ2       ,Independent Retailers Association,NA                            ,SP_000048,NOR,Commercial & Industrial,24.0,8.758,10,0,AUD,,INV_000983,LINE_000014,20130404,ORD_000983,20130403,49:58.7
20130429,2013,10,2013,4,29,205,CUST_000235,500,ITEM_000054,LMP                           ,LMP04002                      ,LMP04                         ,5,Trade          ,C                             ,CROM                                    ,NET_SALES                     ,Discontinuing,Traditional,5S0,J,J,ZZ8       ,EndUser Solutions,NA                            ,SP_000046,NOR,Commercial & Industrial,26.52,11.3854,13,0,AUD,,INV_000984,LINE_000014,20130429,ORD_000984,20130429,49:58.7
20130214,2013,8,2013,2,14,205,CUST_000432,400,ITEM_000053,LMP                           ,LMP05025                      ,LMP05                         ,7,Trade          ,C                             ,219,NET_SALES                     ,Discontinuing,Traditional,5N2,C,J,ZZ1       ,Builders Supply Network,NA                            ,SP_000015,NOR,Commercial & Industrial,1.62,0.4861,1,0,AUD,,INV_000985,LINE_000014,20130214,ORD_000985,20130214,49:58.7
20130613,2013,12,2013,6,13,205,CUST_000433,200,ITEM_000053,LMP                           ,LMP05025                      ,LMP05                         ,7,Trade          ,C                             ,219,NET_SALES                     ,Discontinuing,Traditional,5N2,C,J,ZZ3       ,ProLighting Specialists,NA                            ,SP_000048,NOR,Commercial & Industrial,55.08,19.444,40,0,AUD,,INV_000986,LINE_000014,20130613,ORD_000986,20130613,49:58.7
20130531,2013,11,2013,5,31,205,CUST_000392,300,ITEM_000053,LMP                           ,LMP05025                      ,LMP05                         ,7,Trade          ,C                             ,219,NET_SALES                     ,Discontinuing,Traditional,5N2,C,J,NES,NextGen Electrical Solutions,NA                            ,SP_000005,NOR,Commercial & Industrial,1.62,0.4861,1,0,AUD,,INV_000987,LINE_000014,20130531,ORD_000987,20130531,49:58.7
20130416,2013,10,2013,4,16,205,CUST_000434,200,ITEM_000053,LMP                           ,LMP05025                      ,LMP05                         ,7,Trade          ,C                             ,219,NET_SALES                     ,Discontinuing,Traditional,5N2,C,J,MED,Metro Electrical Distributors,NA                            ,SP_000007,NOR,Commercial & Industrial,8.1,2.4305,5,0,AUD,,INV_000988,LINE_000014,20130416,ORD_000988,20130415,49:58.7
20130412,2013,10,2013,4,12,205,CUST_000434,200,ITEM_000053,LMP                           ,LMP05025                      ,LMP05                         ,7,Trade          ,C                             ,219,NET_SALES                     ,Discontinuing,Traditional,5N2,C,J,MED,Metro Electrical Distributors,NA                            ,SP_000007,NOR,Commercial & Industrial,16.2,4.861,10,0,AUD,,INV_000989,LINE_000014,20130412,ORD_000989,20130411,49:58.7
20130507,2013,11,2013,5,7,205,CUST_000194,500,ITEM_000053,LMP                           ,LMP05025                      ,LMP05                         ,7,Trade          ,C                             ,219,NET_SALES                     ,Discontinuing,Traditional,5S0,D,J,GEW,Global Electric Wholesalers,NA                            ,SP_000022,NOR,Commercial & Industrial,4.86,1.4691,3,0,AUD,,INV_000990,LINE_000014,20130507,ORD_000990,20130506,49:58.7
20130621,2013,12,2013,6,21,205,CUST_000435,300,ITEM_000053,LMP                           ,LMP05025                      ,LMP05                         ,7,Trade          ,C                             ,219,NET_SALES                     ,Discontinuing,Traditional,5N2,C,J,BPS,BrightPower Solutions,NA                            ,SP_000008,NOR,Commercial & Industrial,16.2,4.861,10,0,AUD,,INV_000991,LINE_000014,20130621,ORD_000991,20130620,49:58.7
20130520,2013,11,2013,5,20,205,CUST_000436,400,ITEM_000045,COM                           ,COM03002                      ,COM03                         ,5,Trade          ,C                             ,CROM                                    ,NET_SALES                     ,Continuing,Accessories,5N2,A,J,NES,NextGen Electrical Solutions,NA                            ,SP_000019,NOR,Commercial & Industrial,64.12,39.98,2,0,AUD,,INV_000992,LINE_000014,20130520,ORD_000992,20130515,49:58.7
20130522,2013,11,2013,5,22,205,CUST_000437,400,ITEM_000045,COM                           ,COM03002                      ,COM03                         ,5,Trade          ,C                             ,CROM                                    ,NET_SALES                     ,Continuing,Accessories,5N2,A,J,NES,NextGen Electrical Solutions,NA                            ,SP_000020,NOR,Commercial & Industrial,64.12,37.7794,2,0,AUD,,INV_000993,LINE_000014,20130522,ORD_000993,20130515,49:58.7
20130527,2013,11,2013,5,27,205,CUST_000438,600,ITEM_000045,COM                           ,COM03002                      ,COM03                         ,5,Trade          ,C                             ,CROM                                    ,NET_SALES                     ,Continuing,Accessories,5N2,A,J,NES,NextGen Electrical Solutions,NA                            ,SP_000031,NOR,Commercial & Industrial,64.12,37.7794,2,0,AUD,,INV_000994,LINE_000014,20130527,ORD_000994,20130524,49:58.7
20130124,2013,7,2013,1,24,205,CUST_000439,200,ITEM_000045,COM                           ,COM03002                      ,COM03                         ,5,Trade          ,C                             ,CROM                                    ,NET_SALES                     ,Continuing,Accessories,5N2,A,J,ZZ8       ,EndUser Solutions,NA                            ,SP_000011,NOR,Commercial & Industrial,202.5,119.94,6,0,AUD,,INV_000995,LINE_000014,20130124,ORD_000995,20130108,49:58.7
20130525,2013,11,2013,5,25,205,CUST_000440,400,ITEM_000045,COM                           ,COM03002                      ,COM03                         ,5,Trade          ,C                             ,CROM                                    ,NET_SALES                     ,Continuing,Accessories,5N2,A,J,NES,NextGen Electrical Solutions,NA                            ,SP_000020,NOR,Commercial & Industrial,64.12,37.7794,2,0,AUD,,INV_000996,LINE_000014,20130525,ORD_000996,20130514,49:58.7
20130516,2013,11,2013,5,16,205,CUST_000237,200,ITEM_000045,COM                           ,COM03002                      ,COM03                         ,5,Trade          ,C                             ,CROM                                    ,NET_SALES                     ,Continuing,Accessories,5N2,A,J,MED,Metro Electrical Distributors,NA                            ,SP_000011,NOR,Commercial & Industrial,33.75,19.99,1,0,AUD,,INV_000997,LINE_000014,20130516,ORD_000997,20130516,49:58.7
20130520,2013,11,2013,5,20,205,CUST_000269,400,ITEM_000045,COM                           ,COM03002                      ,COM03                         ,5,Trade          ,C                             ,CROM                                    ,NET_SALES                     ,Continuing,Accessories,5N2,A,J,NES,NextGen Electrical Solutions,NA                            ,SP_000006,NOR,Commercial & Industrial,64.12,39.98,2,0,AUD,,INV_000998,LINE_000014,20130520,ORD_000998,20130508,49:58.7
20130514,2013,11,2013,5,14,205,CUST_000102,200,ITEM_000053,LMP                           ,LMP05025                      ,LMP05                         ,7,Trade          ,C                             ,219,NET_SALES                     ,Discontinuing,Traditional,5N2,C,J,MED,Metro Electrical Distributors,NA                            ,SP_000007,NOR,Commercial & Industrial,16.2,4.861,10,0,AUD,,INV_000999,LINE_000014,20130514,ORD_000999,20130514,49:58.7
20130503,2013,11,2013,5,3,205,CUST_000441,200,ITEM_000053,LMP                           ,LMP05025                      ,LMP05                         ,7,Trade          ,C                             ,219,NET_SALES                     ,Discontinuing,Traditional,5N2,C,J,MED,Metro Electrical Distributors,NA                            ,SP_000071,NOR,Commercial & Industrial,16.2,4.861,10,0,AUD,,INV_001000,LINE_000014,20130503,ORD_001000,20130503,49:58.7
20130409,2013,10,2013,4,9,205,CUST_000442,400,ITEM_000053,LMP                           ,LMP05025                      ,LMP05                         ,7,Trade          ,C                             ,219,NET_SALES                     ,Discontinuing,Traditional,5N2,C,J,ZZ2       ,Independent Retailers Association,NA                            ,SP_000040,NOR,Commercial & Industrial,4.86,1.4583,3,0,AUD,,INV_001001,LINE_000014,20130409,ORD_001001,20130408,49:58.7
20130510,2013,11,2013,5,10,205,CUST_000443,200,ITEM_000053,LMP                           ,LMP05025                      ,LMP05                         ,7,Trade          ,C                             ,219,NET_SALES                     ,Discontinuing,Traditional,5N2,C,J,MED,Metro Electrical Distributors,NA                            ,SP_000010,NOR,Commercial & Industrial,16.2,4.861,10,0,AUD,,INV_001002,LINE_000014,20130510,ORD_001002,20130510,49:58.7
20130603,2013,12,2013,6,3,205,CUST_000444,300,ITEM_000053,LMP                           ,LMP05025                      ,LMP05                         ,7,Trade          ,C                             ,219,NET_SALES                     ,Discontinuing,Traditional,5N2,C,J,ZZ3       ,ProLighting Specialists,NA                            ,SP_000033,NOR,Commercial & Industrial,7.29,2.4305,5,0,AUD,,INV_001003,LINE_000014,20130603,ORD_001003,20130603,49:58.7
20130603,2013,12,2013,6,3,205,CUST_000421,200,ITEM_000053,LMP                           ,LMP05025                      ,LMP05                         ,7,Trade          ,C                             ,219,NET_SALES                     ,Discontinuing,Traditional,5N2,C,J,NES,NextGen Electrical Solutions,NA                            ,SP_000011,NOR,Commercial & Industrial,73.0,24.305,50,0,AUD,,INV_000964,LINE_000014,20130603,ORD_000964,20130530,49:58.7
20130419,2013,10,2013,4,19,205,CUST_000445,300,ITEM_000052,LMP                           ,LMP05002                      ,LMP05                         ,7,Trade          ,C                             ,76,NET_SALES                     ,Discontinuing,Traditional,5N2,G,J,ZZ1       ,Builders Supply Network,NA                            ,SP_000033,NOR,Commercial & Industrial,10.32,4.5468,12,0,AUD,,INV_001004,LINE_000014,20130419,ORD_001004,20130419,49:58.7
20130626,2013,12,2013,6,26,205,CUST_000446,200,ITEM_000052,LMP                           ,LMP05002                      ,LMP05                         ,7,Trade          ,C                             ,76,NET_SALES                     ,Discontinuing,Traditional,5N2,G,J,ZZ1       ,Builders Supply Network,NA                            ,SP_000058,NOR,Commercial & Industrial,3.44,1.5156,4,0,AUD,,INV_001005,LINE_000014,20130626,ORD_001005,20130625,49:58.7
20130614,2013,12,2013,6,14,205,CUST_000361,500,ITEM_000052,LMP                           ,LMP05002                      ,LMP05                         ,7,Trade          ,C                             ,76,NET_SALES                     ,Discontinuing,Traditional,5N2,G,J,ZZ1       ,Builders Supply Network,NA                            ,SP_000059,NOR,Commercial & Industrial,4.3,1.8945,5,0,AUD,,INV_001006,LINE_000014,20130614,ORD_001006,20130613,49:58.7
20130624,2013,12,2013,6,24,205,CUST_000001,410,ITEM_000052,LMP                           ,LMP05002                      ,LMP05                         ,7,Trade          ,C                             ,76,NET_SALES                     ,Discontinuing,Traditional,5N2,G,J,ELC,ElectraCorp Ltd,NA                            ,SP_000001,NOR,Commercial & Industrial,100.0,37.89,100,0,AUD,,INV_001007,LINE_000014,20130624,ORD_001007,20130624,49:58.7
20130514,2013,11,2013,5,14,205,CUST_000375,400,ITEM_000052,LMP                           ,LMP05002                      ,LMP05                         ,7,Trade          ,C                             ,76,NET_SALES                     ,Discontinuing,Traditional,5N2,G,J,ZZ1       ,Builders Supply Network,NA                            ,SP_000006,NOR,Commercial & Industrial,2.08,0.7578,2,0,AUD,,INV_001008,LINE_000014,20130514,ORD_001008,20130514,49:58.7
20130624,2013,12,2013,6,24,205,CUST_000447,300,ITEM_000052,LMP                           ,LMP05002                      ,LMP05                         ,7,Trade          ,C                             ,76,NET_SALES                     ,Discontinuing,Traditional,5N2,G,J,ZZ1       ,Builders Supply Network,NA                            ,SP_000033,NOR,Commercial & Industrial,2.58,1.1367,3,0,AUD,,INV_001009,LINE_000014,20130624,ORD_001009,20130624,49:58.7
20130624,2013,12,2013,6,24,205,CUST_000448,200,ITEM_000052,LMP                           ,LMP05002                      ,LMP05                         ,7,Trade          ,C                             ,76,NET_SALES                     ,Discontinuing,Traditional,5N2,G,J,ZZ1       ,Builders Supply Network,NA                            ,SP_000058,NOR,Commercial & Industrial,5.16,2.2734,6,0,AUD,,INV_001010,LINE_000014,20130624,ORD_001010,20130624,49:58.7
20130220,2013,8,2013,2,20,205,CUST_000355,500,ITEM_000055,LMP                           ,LMP05003                      ,LMP05                         ,5,Trade          ,C                             ,CROM                                    ,NET_SALES                     ,Discontinuing,Traditional,5S0,J,J,ZZ2       ,Independent Retailers Association,NA                            ,SP_000003,NOR,Commercial & Industrial,26.0,3.782,10,0,AUD,,INV_001011,LINE_000014,20130220,ORD_001011,20130220,49:58.7
20130228,2013,8,2013,2,28,205,CUST_000400,500,ITEM_000055,LMP                           ,LMP05003                      ,LMP05                         ,5,Trade          ,C                             ,CROM                                    ,NET_SALES                     ,Discontinuing,Traditional,5S0,J,J,NLG,Nationwide Lighting Group,NA                            ,SP_000022,NOR,Commercial & Industrial,52.0,7.564,20,0,AUD,,INV_001012,LINE_000014,20130228,ORD_001012,20130228,49:58.7
20130228,2013,8,2013,2,28,205,CUST_000355,500,ITEM_000055,LMP                           ,LMP05003                      ,LMP05                         ,5,Trade          ,C                             ,CROM                                    ,NET_SALES                     ,Discontinuing,Traditional,5S0,J,J,ZZ2       ,Independent Retailers Association,NA                            ,SP_000003,CRD,Commercial & Industrial,-2.6,0.0,0,1,AUD,,INV_001013,LINE_000014,20130228,ORD_001013,20130228,49:58.7
20130510,2013,11,2013,5,10,205,CUST_000337,200,ITEM_000055,LMP                           ,LMP05003                      ,LMP05                         ,5,Trade          ,C                             ,CROM                                    ,NET_SALES                     ,Discontinuing,Traditional,5N2,J,J,ZZZ       ,General Suppliers Pty,NA                            ,SP_000017,NOR,Commercial & Industrial,14.04,2.2692,6,0,AUD,,INV_001014,LINE_000014,20130510,ORD_001014,20130509,49:58.7
20130523,2013,11,2013,5,23,205,CUST_000235,500,ITEM_000055,LMP                           ,LMP05003                      ,LMP05                         ,5,Trade          ,C                             ,CROM                                    ,NET_SALES                     ,Discontinuing,Traditional,5S0,J,J,ZZ8       ,EndUser Solutions,NA                            ,SP_000046,NOR,Commercial & Industrial,4.42,0.7564,2,0,AUD,,INV_000670,LINE_000014,20130523,ORD_000671,20130522,49:58.7
20130301,2013,9,2013,3,1,205,CUST_000430,200,ITEM_000055,LMP                           ,LMP05003                      ,LMP05                         ,5,Trade          ,C                             ,CROM                                    ,NET_SALES                     ,Discontinuing,Traditional,5N2,J,J,AEG,Aussie Energy Group,NA                            ,SP_000067,NOR,Commercial & Industrial,26.0,3.782,10,0,AUD,,INV_001015,LINE_000014,20130301,ORD_001015,20130226,49:58.7
20130520,2013,11,2013,5,20,205,CUST_000449,500,ITEM_000055,LMP                           ,LMP05003                      ,LMP05                         ,5,Trade          ,C                             ,CROM                                    ,NET_SALES                     ,Discontinuing,Traditional,5S0,J,J,ZZ2       ,Independent Retailers Association,NA                            ,SP_000046,NOR,Commercial & Industrial,9.36,1.5128,4,0,AUD,,INV_001016,LINE_000014,20130520,ORD_001016,20130520,49:58.7
20130624,2013,12,2013,6,24,205,CUST_000450,400,ITEM_000055,LMP                           ,LMP05003                      ,LMP05                         ,5,Trade          ,C                             ,CROM                                    ,NET_SALES                     ,Discontinuing,Traditional,5N2,J,J,ELC,ElectraCorp Ltd,NA                            ,SP_000015,NOR,Commercial & Industrial,26.0,3.782,10,0,AUD,,INV_001017,LINE_000014,20130624,ORD_001017,20130624,49:58.7
20130108,2013,7,2013,1,8,205,CUST_000451,400,ITEM_000056,LMP                           ,LMP05017                      ,LMP05                         ,7,Trade          ,C                             ,76,NET_SALES                     ,Discontinuing,Traditional,5N2,J,J,ZZ2       ,Independent Retailers Association,NA                            ,SP_000065,NOR,Commercial & Industrial,11.7,5.272,10,0,AUD,,INV_001018,LINE_000014,20130108,ORD_001018,20130107,49:58.7
20130129,2013,7,2013,1,29,205,CUST_000452,400,ITEM_000056,LMP                           ,LMP05017                      ,LMP05                         ,7,Trade          ,C                             ,76,NET_SALES                     ,Discontinuing,Traditional,5N2,J,J,ZZ1       ,Builders Supply Network,NA                            ,SP_000025,NOR,Commercial & Industrial,13.0,5.272,10,0,AUD,,INV_001019,LINE_000014,20130129,ORD_001019,20130125,49:58.7
20130603,2013,12,2013,6,3,205,CUST_000453,300,ITEM_000056,LMP                           ,LMP05017                      ,LMP05                         ,7,Trade          ,C                             ,76,NET_SALES                     ,Discontinuing,Traditional,5N2,J,J,ZZ8       ,EndUser Solutions,NA                            ,SP_000004,NOR,Commercial & Industrial,22.1,10.544,20,0,AUD,,INV_001020,LINE_000014,20130603,ORD_001020,20130530,49:58.7
20130110,2013,7,2013,1,10,205,CUST_000454,400,ITEM_000056,LMP                           ,LMP05017                      ,LMP05                         ,7,Trade          ,C                             ,76,NET_SALES                     ,Discontinuing,Traditional,5N2,J,J,ZZ1       ,Builders Supply Network,NA                            ,SP_000006,NOR,Commercial & Industrial,5.2,2.1088,4,0,AUD,,INV_001021,LINE_000014,20130110,ORD_001021,20130109,49:58.7
20130417,2013,10,2013,4,17,205,CUST_000455,300,ITEM_000056,LMP                           ,LMP05017                      ,LMP05                         ,7,Trade          ,C                             ,76,NET_SALES                     ,Discontinuing,Traditional,5N2,J,J,ZZ3       ,ProLighting Specialists,NA                            ,SP_000055,NOR,Commercial & Industrial,5.85,2.636,5,0,AUD,,INV_001022,LINE_000014,20130417,ORD_001022,20130417,49:58.7
20130122,2013,7,2013,1,22,205,CUST_000456,400,ITEM_000056,LMP                           ,LMP05017                      ,LMP05                         ,7,Trade          ,C                             ,76,NET_SALES                     ,Discontinuing,Traditional,5N2,J,J,ZZ1       ,Builders Supply Network,NA                            ,SP_000067,NOR,Commercial & Industrial,13.0,5.272,10,0,AUD,,INV_001023,LINE_000014,20130122,ORD_001023,20130122,49:58.7
20130111,2013,7,2013,1,11,205,CUST_000456,400,ITEM_000056,LMP                           ,LMP05017                      ,LMP05                         ,7,Trade          ,C                             ,76,NET_SALES                     ,Discontinuing,Traditional,5N2,J,J,ZZ1       ,Builders Supply Network,NA                            ,SP_000067,NOR,Commercial & Industrial,13.0,5.272,10,0,AUD,,INV_001024,LINE_000014,20130111,ORD_001024,20130110,49:58.7
20130109,2013,7,2013,1,9,205,CUST_000233,310,ITEM_000056,LMP                           ,LMP05017                      ,LMP05                         ,7,Trade          ,C                             ,76,NET_SALES                     ,Discontinuing,Traditional,5N2,J,J,ZZ2       ,Independent Retailers Association,NA                            ,SP_000005,NOR,Commercial & Industrial,26.0,13.18,25,0,AUD,,INV_000945,LINE_000014,20130109,ORD_000945,20121214,49:58.7
20130422,2013,10,2013,4,22,205,CUST_000402,400,ITEM_000044,LMP                           ,LMP05017                      ,LMP05                         ,7,Trade          ,C                             ,76,NET_SALES                     ,Discontinuing,Traditional,5N2,J,J,ZZ1       ,Builders Supply Network,NA                            ,SP_000040,NOR,Commercial & Industrial,6.48,1.746,4,0,AUD,,INV_001025,LINE_000014,20130422,ORD_001025,20130422,49:58.7
20130207,2013,8,2013,2,7,205,CUST_000457,210,ITEM_000044,LMP                           ,LMP05017                      ,LMP05                         ,7,Trade          ,C                             ,76,NET_SALES                     ,Discontinuing,Traditional,5N2,J,J,MED,Metro Electrical Distributors,NA                            ,SP_000021,NOR,Commercial & Industrial,16.2,4.365,10,0,AUD,,INV_001026,LINE_000014,20130207,ORD_001026,20130205,49:58.7
20130222,2013,8,2013,2,22,205,CUST_000402,400,ITEM_000044,LMP                           ,LMP05017                      ,LMP05                         ,7,Trade          ,C                             ,76,NET_SALES                     ,Discontinuing,Traditional,5N2,J,J,ZZ1       ,Builders Supply Network,NA                            ,SP_000040,NOR,Commercial & Industrial,16.2,4.365,10,0,AUD,,INV_001027,LINE_000014,20130222,ORD_001027,20130221,49:58.7
20130411,2013,10,2013,4,11,205,CUST_000148,300,ITEM_000044,LMP                           ,LMP05017                      ,LMP05                         ,7,Trade          ,C                             ,76,NET_SALES                     ,Discontinuing,Traditional,5N2,J,J,MED,Metro Electrical Distributors,NA                            ,SP_000033,NOR,Commercial & Industrial,8.1,2.1825,5,0,AUD,,INV_001028,LINE_000014,20130411,ORD_001028,20130411,49:58.7
20130607,2013,12,2013,6,7,205,CUST_000458,500,ITEM_000044,LMP                           ,LMP05017                      ,LMP05                         ,7,Trade          ,C                             ,76,NET_SALES                     ,Discontinuing,Traditional,5S0,J,J,ZZ3       ,ProLighting Specialists,NA                            ,SP_000072,NOR,Commercial & Industrial,4.37,1.3176,3,0,AUD,,INV_001029,LINE_000014,20130607,ORD_001029,20130606,49:58.7
20130131,2013,7,2013,1,31,205,CUST_000459,500,ITEM_000044,LMP                           ,LMP05017                      ,LMP05                         ,7,Trade          ,C                             ,76,NET_SALES                     ,Discontinuing,Traditional,5S0,J,J,ZZ2       ,Independent Retailers Association,NA                            ,SP_000046,NOR,Commercial & Industrial,14.58,4.621,10,0,AUD,,INV_001030,LINE_000014,20130131,ORD_001030,20130131,49:58.7
20130520,2013,11,2013,5,20,205,CUST_000304,200,ITEM_000044,LMP                           ,LMP05017                      ,LMP05                         ,7,Trade          ,C                             ,76,NET_SALES                     ,Discontinuing,Traditional,5N2,J,J,ZZ1       ,Builders Supply Network,NA                            ,SP_000045,NOR,Commercial & Industrial,16.2,4.365,10,0,AUD,,INV_001031,LINE_000014,20130520,ORD_001031,20130520,49:58.7
20130527,2013,11,2013,5,27,205,CUST_000460,500,ITEM_000045,COM                           ,COM03002                      ,COM03                         ,5,Trade          ,C                             ,CROM                                    ,NET_SALES                     ,Continuing,Accessories,5N2,A,J,NES,NextGen Electrical Solutions,NA                            ,SP_000022,NOR,Commercial & Industrial,64.12,37.7794,2,0,AUD,,INV_001032,LINE_000014,20130527,ORD_001032,20130516,49:58.7
20130523,2013,11,2013,5,23,205,CUST_000282,400,ITEM_000045,COM                           ,COM03002                      ,COM03                         ,5,Trade          ,C                             ,CROM                                    ,NET_SALES                     ,Continuing,Accessories,5N2,A,J,NES,NextGen Electrical Solutions,NA                            ,SP_000015,NOR,Commercial & Industrial,64.12,37.7794,2,0,AUD,,INV_001033,LINE_000014,20130523,ORD_001033,20130508,49:58.7
20130517,2013,11,2013,5,17,205,CUST_000417,410,ITEM_000045,COM                           ,COM03002                      ,COM03                         ,5,Trade          ,C                             ,CROM                                    ,NET_SALES                     ,Continuing,Accessories,5N2,A,J,NES,NextGen Electrical Solutions,NA                            ,SP_000057,NOR,Commercial & Industrial,64.12,39.98,2,0,AUD,,INV_001034,LINE_000014,20130517,ORD_001034,20130513,49:58.7
20130527,2013,11,2013,5,27,205,CUST_000461,500,ITEM_000045,COM                           ,COM03002                      ,COM03                         ,5,Trade          ,C                             ,CROM                                    ,NET_SALES                     ,Continuing,Accessories,5N2,A,J,NES,NextGen Electrical Solutions,NA                            ,SP_000003,NOR,Commercial & Industrial,64.12,37.7794,2,0,AUD,,INV_001035,LINE_000014,20130527,ORD_001035,20130517,49:58.7
20130516,2013,11,2013,5,16,205,CUST_000255,600,ITEM_000045,COM                           ,COM03002                      ,COM03                         ,5,Trade          ,C                             ,CROM                                    ,NET_SALES                     ,Continuing,Accessories,5W0,D,J,NES,NextGen Electrical Solutions,NA                            ,SP_000031,NOR,Commercial & Industrial,135.0,79.96,4,0,AUD,,INV_001036,LINE_000014,20130516,ORD_001036,20130516,49:58.7
20130514,2013,11,2013,5,14,205,CUST_000462,310,ITEM_000045,COM                           ,COM03002                      ,COM03                         ,5,Trade          ,C                             ,CROM                                    ,NET_SALES                     ,Continuing,Accessories,5N2,A,J,NES,NextGen Electrical Solutions,NA                            ,SP_000073,NOR,Commercial & Industrial,64.12,39.98,2,0,AUD,,INV_001037,LINE_000014,20130514,ORD_001037,20130513,49:58.7
20130320,2013,9,2013,3,20,205,CUST_000212,300,ITEM_000045,COM                           ,COM03002                      ,COM03                         ,5,Trade          ,C                             ,CROM                                    ,NET_SALES                     ,Continuing,Accessories,5N2,A,J,MED,Metro Electrical Distributors,NA                            ,SP_000004,NOR,Commercial & Industrial,33.75,19.99,1,0,AUD,,INV_001038,LINE_000014,20130320,ORD_001038,20130319,49:58.7
20130520,2013,11,2013,5,20,205,CUST_000463,400,ITEM_000045,COM                           ,COM03002                      ,COM03                         ,5,Trade          ,C                             ,CROM                                    ,NET_SALES                     ,Continuing,Accessories,5N2,A,J,NES,NextGen Electrical Solutions,NA                            ,SP_000019,NOR,Commercial & Industrial,64.12,39.98,2,0,AUD,,INV_001039,LINE_000014,20130520,ORD_001039,20130508,49:58.7
20130114,2013,7,2013,1,14,205,CUST_000464,300,ITEM_000052,LMP                           ,LMP05002                      ,LMP05                         ,7,Trade          ,C                             ,76,NET_SALES                     ,Discontinuing,Traditional,5N2,G,J,ZZ1       ,Builders Supply Network,NA                            ,SP_000033,NOR,Commercial & Industrial,5.16,2.5446,6,0,AUD,,INV_001040,LINE_000014,20130114,ORD_001040,20130111,49:58.7
20130606,2013,12,2013,6,6,205,CUST_000465,400,ITEM_000052,LMP                           ,LMP05002                      ,LMP05                         ,7,Trade          ,C                             ,76,NET_SALES                     ,Discontinuing,Traditional,5N2,G,J,ZZ1       ,Builders Supply Network,NA                            ,SP_000025,NOR,Commercial & Industrial,8.6,3.789,10,0,AUD,,INV_001041,LINE_000014,20130606,ORD_001041,20130606,49:58.7
20130502,2013,11,2013,5,2,205,CUST_000346,210,ITEM_000052,LMP                           ,LMP05002                      ,LMP05                         ,7,Trade          ,C                             ,76,NET_SALES                     ,Discontinuing,Traditional,5N2,G,J,UES,Unified Electrical Suppliers,NA                            ,SP_000012,NOR,Commercial & Industrial,2.08,0.7578,2,0,AUD,,INV_001042,LINE_000014,20130502,ORD_001042,20130501,49:58.7
20130416,2013,10,2013,4,16,205,CUST_000466,300,ITEM_000052,LMP                           ,LMP05002                      ,LMP05                         ,7,Trade          ,C                             ,76,NET_SALES                     ,Discontinuing,Traditional,5N2,G,J,ZZ1       ,Builders Supply Network,NA                            ,SP_000033,NOR,Commercial & Industrial,13.76,6.0064,16,0,AUD,,INV_001043,LINE_000014,20130416,ORD_001043,20130415,49:58.7
20130312,2013,9,2013,3,12,205,CUST_000466,300,ITEM_000052,LMP                           ,LMP05002                      ,LMP05                         ,7,Trade          ,C                             ,76,NET_SALES                     ,Discontinuing,Traditional,5N2,G,J,ZZ1       ,Builders Supply Network,NA                            ,SP_000033,NOR,Commercial & Industrial,8.6,3.754,10,0,AUD,,INV_001044,LINE_000014,20130312,ORD_001044,20130311,49:58.7
20130306,2013,9,2013,3,6,205,CUST_000346,210,ITEM_000052,LMP                           ,LMP05002                      ,LMP05                         ,7,Trade          ,C                             ,76,NET_SALES                     ,Discontinuing,Traditional,5N2,G,J,UES,Unified Electrical Suppliers,NA                            ,SP_000012,NOR,Commercial & Industrial,2.08,0.7508,2,0,AUD,,INV_001045,LINE_000014,20130306,ORD_001045,20130305,49:58.7
20130412,2013,10,2013,4,12,205,CUST_000467,200,ITEM_000052,LMP                           ,LMP05002                      ,LMP05                         ,7,Trade          ,C                             ,76,NET_SALES                     ,Discontinuing,Traditional,5N2,G,J,ZZ1       ,Builders Supply Network,NA                            ,SP_000058,NOR,Commercial & Industrial,8.6,3.754,10,0,AUD,,INV_001046,LINE_000014,20130412,ORD_001046,20130412,49:58.7
20130621,2013,12,2013,6,21,205,CUST_000468,200,ITEM_000052,LMP                           ,LMP05002                      ,LMP05                         ,7,Trade          ,C                             ,76,NET_SALES                     ,Discontinuing,Traditional,5N2,G,J,ZZ1       ,Builders Supply Network,NA                            ,SP_000058,NOR,Commercial & Industrial,8.6,3.789,10,0,AUD,,INV_001047,LINE_000014,20130621,ORD_001047,20130621,49:58.7
20130626,2013,12,2013,6,26,205,CUST_000469,200,ITEM_000052,LMP                           ,LMP05002                      ,LMP05                         ,7,Trade          ,C                             ,76,NET_SALES                     ,Discontinuing,Traditional,5N2,G,J,ZZ1       ,Builders Supply Network,NA                            ,SP_000058,NOR,Commercial & Industrial,2.58,1.1367,3,0,AUD,,INV_001048,LINE_000014,20130626,ORD_001048,20130625,49:58.7
20130311,2013,9,2013,3,11,205,CUST_000238,400,ITEM_000045,COM                           ,COM03002                      ,COM03                         ,5,Trade          ,C                             ,CROM                                    ,NET_SALES                     ,Continuing,Accessories,5N2,A,J,MED,Metro Electrical Distributors,NA                            ,SP_000001,NOR,Commercial & Industrial,1998.6,1199.4,60,0,AUD,,INV_001049,LINE_000014,20130311,ORD_001049,20130308,49:58.7
20130322,2013,9,2013,3,22,205,CUST_000470,200,ITEM_000045,COM                           ,COM03002                      ,COM03                         ,5,Trade          ,C                             ,CROM                                    ,NET_SALES                     ,Continuing,Accessories,5N2,A,J,MED,Metro Electrical Distributors,NA                            ,SP_000012,NOR,Commercial & Industrial,101.25,59.97,3,0,AUD,,INV_001050,LINE_000014,20130322,ORD_001050,20130322,49:58.7
20130108,2013,7,2013,1,8,205,CUST_000039,400,ITEM_000045,COM                           ,COM03002                      ,COM03                         ,5,Trade          ,C                             ,CROM                                    ,NET_SALES                     ,Continuing,Accessories,5N2,A,J,MED,Metro Electrical Distributors,NA                            ,SP_000006,NOR,Commercial & Industrial,168.75,99.95,5,0,AUD,,INV_001051,LINE_000014,20130108,ORD_001051,20130107,49:58.7
20130516,2013,11,2013,5,16,205,CUST_000471,310,ITEM_000045,COM                           ,COM03002                      ,COM03                         ,5,Trade          ,C                             ,CROM                                    ,NET_SALES                     ,Continuing,Accessories,5N2,A,J,NES,NextGen Electrical Solutions,NA                            ,SP_000005,NOR,Commercial & Industrial,64.12,39.98,2,0,AUD,,INV_001052,LINE_000014,20130516,ORD_001052,20130513,49:58.7
20130301,2013,9,2013,3,1,205,CUST_000086,600,ITEM_000045,COM                           ,COM03002                      ,COM03                         ,5,Trade          ,C                             ,CROM                                    ,NET_SALES                     ,Continuing,Accessories,5W0,D,J,MED,Metro Electrical Distributors,NA                            ,SP_000024,NOR,Commercial & Industrial,135.0,79.96,4,0,AUD,,INV_001053,LINE_000014,20130301,ORD_001053,20130228,49:58.7
20130528,2013,11,2013,5,28,205,CUST_000472,510,ITEM_000045,COM                           ,COM03002                      ,COM03                         ,5,Trade          ,C                             ,CROM                                    ,NET_SALES                     ,Continuing,Accessories,5N2,A,J,NES,NextGen Electrical Solutions,NA                            ,SP_000029,NOR,Commercial & Industrial,67.5,37.7794,2,0,AUD,,INV_001054,LINE_000014,20130528,ORD_001054,20130527,49:58.7
20130207,2013,8,2013,2,7,205,CUST_000473,400,ITEM_000045,COM                           ,COM03002                      ,COM03                         ,5,Trade          ,C                             ,CROM                                    ,NET_SALES                     ,Continuing,Accessories,5N2,A,J,MED,Metro Electrical Distributors,NA                            ,SP_000015,NOR,Commercial & Industrial,33.75,19.99,1,0,AUD,,INV_001055,LINE_000014,20130207,ORD_001055,20130206,49:58.7
20130423,2013,10,2013,4,23,205,CUST_000104,310,ITEM_000045,COM                           ,COM03002                      ,COM03                         ,5,Trade          ,C                             ,CROM                                    ,NET_SALES                     ,Continuing,Accessories,5N2,A,J,MED,Metro Electrical Distributors,NA                            ,SP_000005,NOR,Commercial & Industrial,67.5,39.98,2,0,AUD,,INV_001056,LINE_000014,20130423,ORD_001056,20130423,49:58.7
20130314,2013,9,2013,3,14,205,CUST_000321,410,ITEM_000052,LMP                           ,LMP05002                      ,LMP05                         ,7,Trade          ,C                             ,76,NET_SALES                     ,Discontinuing,Traditional,5N2,G,J,ZZ1       ,Builders Supply Network,NA                            ,SP_000025,NOR,Commercial & Industrial,25.8,11.262,30,0,AUD,,INV_001057,LINE_000014,20130314,ORD_001057,20130313,49:58.7
20130619,2013,12,2013,6,19,205,CUST_000321,410,ITEM_000052,LMP                           ,LMP05002                      ,LMP05                         ,7,Trade          ,C                             ,76,NET_SALES                     ,Discontinuing,Traditional,5N2,G,J,ZZ1       ,Builders Supply Network,NA                            ,SP_000025,NOR,Commercial & Industrial,15.48,6.8202,18,0,AUD,,INV_001058,LINE_000014,20130619,ORD_001058,20130618,49:58.7
20130521,2013,11,2013,5,21,205,CUST_000321,410,ITEM_000052,LMP                           ,LMP05002                      ,LMP05                         ,7,Trade          ,C                             ,76,NET_SALES                     ,Discontinuing,Traditional,5N2,G,J,ZZ1       ,Builders Supply Network,NA                            ,SP_000025,NOR,Commercial & Industrial,2.58,1.1367,3,0,AUD,,INV_001059,LINE_000014,20130521,ORD_001059,20130520,49:58.7
20130423,2013,10,2013,4,23,205,CUST_000474,400,ITEM_000052,LMP                           ,LMP05002                      ,LMP05                         ,7,Trade          ,C                             ,76,NET_SALES                     ,Discontinuing,Traditional,5N2,G,J,ZZ1       ,Builders Supply Network,NA                            ,SP_000058,NOR,Commercial & Industrial,8.6,3.789,10,0,AUD,,INV_001060,LINE_000014,20130423,ORD_001060,20130422,49:58.7
20130319,2013,9,2013,3,19,205,CUST_000475,300,ITEM_000052,LMP                           ,LMP05002                      ,LMP05                         ,7,Trade          ,C                             ,76,NET_SALES                     ,Discontinuing,Traditional,5N2,G,J,ZZ1       ,Builders Supply Network,NA                            ,SP_000033,NOR,Commercial & Industrial,5.16,2.2524,6,0,AUD,,INV_001061,LINE_000014,20130319,ORD_001061,20130313,49:58.7
20130116,2013,7,2013,1,16,205,CUST_000476,400,ITEM_000052,LMP                           ,LMP05002                      ,LMP05                         ,7,Trade          ,C                             ,76,NET_SALES                     ,Discontinuing,Traditional,5N2,G,J,ZZ1       ,Builders Supply Network,NA                            ,SP_000025,NOR,Commercial & Industrial,8.6,4.241,10,0,AUD,,INV_001062,LINE_000014,20130116,ORD_001062,20130114,49:58.7
20130426,2013,10,2013,4,26,205,CUST_000477,200,ITEM_000052,LMP                           ,LMP05002                      ,LMP05                         ,7,Trade          ,C                             ,76,NET_SALES                     ,Discontinuing,Traditional,5N2,G,J,ZZ1       ,Builders Supply Network,NA                            ,SP_000058,NOR,Commercial & Industrial,17.2,7.578,20,0,AUD,,INV_001063,LINE_000014,20130426,ORD_001063,20130424,49:58.7
20130517,2013,11,2013,5,17,205,CUST_000478,200,ITEM_000052,LMP                           ,LMP05002                      ,LMP05                         ,7,Trade          ,C                             ,76,NET_SALES                     ,Discontinuing,Traditional,5N2,G,J,ZZ1       ,Builders Supply Network,NA                            ,SP_000058,CRR,Commercial & Industrial,-41.28,-18.1872,-48,0,AUD,,INV_001064,LINE_000014,20130517,ORD_001064,20130517,49:58.7
20130409,2013,10,2013,4,9,205,CUST_000246,500,ITEM_000054,LMP                           ,LMP04002                      ,LMP04                         ,5,Trade          ,C                             ,CROM                                    ,NET_SALES                     ,Discontinuing,Traditional,5S0,J,J,ZZ2       ,Independent Retailers Association,NA                            ,SP_000049,NOR,Commercial & Industrial,48.0,17.516,20,0,AUD,,INV_001065,LINE_000014,20130409,ORD_001065,20130408,49:58.7
20130107,2013,7,2013,1,7,205,CUST_000479,200,ITEM_000054,LMP                           ,LMP04002                      ,LMP04                         ,5,Trade          ,C                             ,CROM                                    ,NET_SALES                     ,Discontinuing,Traditional,5N2,J,J,ZZ2       ,Independent Retailers Association,NA                            ,SP_000065,NOR,Commercial & Industrial,61.2,26.274,30,0,AUD,,INV_001066,LINE_000014,20130107,ORD_001066,20130107,49:58.7
20130422,2013,10,2013,4,22,205,CUST_000480,400,ITEM_000054,LMP                           ,LMP04002                      ,LMP04                         ,5,Trade          ,C                             ,CROM                                    ,NET_SALES                     ,Discontinuing,Traditional,5N2,J,J,ZZZ       ,General Suppliers Pty,NA                            ,SP_000025,NOR,Commercial & Industrial,120.0,43.79,50,0,AUD,,INV_001067,LINE_000014,20130422,ORD_001067,20130419,49:58.7
20130208,2013,8,2013,2,8,205,CUST_000481,400,ITEM_000054,LMP                           ,LMP04002                      ,LMP04                         ,5,Trade          ,C                             ,CROM                                    ,NET_SALES                     ,Discontinuing,Traditional,5N2,J,J,ZZ8       ,EndUser Solutions,NA                            ,SP_000025,NOR,Commercial & Industrial,51.84,21.0192,24,0,AUD,,INV_001068,LINE_000014,20130208,ORD_001068,20130207,49:58.7
20130606,2013,12,2013,6,6,205,CUST_000246,500,ITEM_000054,LMP                           ,LMP04002                      ,LMP04                         ,5,Trade          ,C                             ,CROM                                    ,NET_SALES                     ,Discontinuing,Traditional,5S0,J,J,ZZ2       ,Independent Retailers Association,NA                            ,SP_000049,NOR,Commercial & Industrial,48.0,17.516,20,0,AUD,,INV_001069,LINE_000014,20130606,ORD_001069,20130606,49:58.7
20130509,2013,11,2013,5,9,205,CUST_000263,400,ITEM_000054,LMP                           ,LMP04002                      ,LMP04                         ,5,Trade          ,C                             ,CROM                                    ,NET_SALES                     ,Discontinuing,Traditional,5N2,J,J,ZZZ       ,General Suppliers Pty,NA                            ,SP_000001,NOR,Commercial & Industrial,40.0,35.032,40,0,AUD,,INV_000946,LINE_000014,20130509,ORD_000946,20130508,49:58.7
20130402,2013,10,2013,4,2,205,CUST_000387,200,ITEM_000054,LMP                           ,LMP04002                      ,LMP04                         ,5,Trade          ,C                             ,CROM                                    ,NET_SALES                     ,Discontinuing,Traditional,5N2,J,J,ZZ2       ,Independent Retailers Association,NA                            ,SP_000062,NOR,Commercial & Industrial,48.0,17.516,20,0,AUD,,INV_001070,LINE_000014,20130402,ORD_001070,20130402,49:58.7
20130305,2013,9,2013,3,5,205,CUST_000387,200,ITEM_000054,LMP                           ,LMP04002                      ,LMP04                         ,5,Trade          ,C                             ,CROM                                    ,NET_SALES                     ,Discontinuing,Traditional,5N2,J,J,ZZ2       ,Independent Retailers Association,NA                            ,SP_000062,NOR,Commercial & Industrial,72.0,26.274,30,0,AUD,,INV_001071,LINE_000014,20130305,ORD_001071,20130301,49:58.7
20130625,2013,12,2013,6,25,205,CUST_000104,310,ITEM_000045,COM                           ,COM03002                      ,COM03                         ,5,Trade          ,C                             ,CROM                                    ,NET_SALES                     ,Continuing,Accessories,5N2,A,J,MED,Metro Electrical Distributors,NA                            ,SP_000005,NOR,Commercial & Industrial,67.5,38.8798,2,0,AUD,,INV_001072,LINE_000014,20130625,ORD_001072,20130624,49:58.7
20130530,2013,11,2013,5,30,205,CUST_000228,200,ITEM_000045,COM                           ,COM03002                      ,COM03                         ,5,Trade          ,C                             ,CROM                                    ,NET_SALES                     ,Continuing,Accessories,5N2,A,J,NES,NextGen Electrical Solutions,NA                            ,SP_000010,NOR,Commercial & Industrial,128.24,75.5588,4,0,AUD,,INV_001073,LINE_000014,20130530,ORD_001073,20130528,49:58.7
20130514,2013,11,2013,5,14,205,CUST_000482,310,ITEM_000045,COM                           ,COM03002                      ,COM03                         ,5,Trade          ,C                             ,CROM                                    ,NET_SALES                     ,Continuing,Accessories,5N2,A,J,NES,NextGen Electrical Solutions,NA                            ,SP_000005,NOR,Commercial & Industrial,64.12,39.98,2,0,AUD,,INV_001074,LINE_000014,20130514,ORD_001074,20130513,49:58.7
20130522,2013,11,2013,5,22,205,CUST_000483,400,ITEM_000045,COM                           ,COM03002                      ,COM03                         ,5,Trade          ,C                             ,CROM                                    ,NET_SALES                     ,Continuing,Accessories,5N2,A,J,NES,NextGen Electrical Solutions,NA                            ,SP_000025,NOR,Commercial & Industrial,64.12,37.7794,2,0,AUD,,INV_001075,LINE_000014,20130522,ORD_001075,20130508,49:58.7
20130525,2013,11,2013,5,25,205,CUST_000484,400,ITEM_000045,COM                           ,COM03002                      ,COM03                         ,5,Trade          ,C                             ,CROM                                    ,NET_SALES                     ,Continuing,Accessories,5N2,A,J,NES,NextGen Electrical Solutions,NA                            ,SP_000006,NOR,Commercial & Industrial,64.12,37.7794,2,0,AUD,,INV_001076,LINE_000014,20130525,ORD_001076,20130516,49:58.7
20130527,2013,11,2013,5,27,205,CUST_000485,300,ITEM_000045,COM                           ,COM03002                      ,COM03                         ,5,Trade          ,C                             ,CROM                                    ,NET_SALES                     ,Continuing,Accessories,5N2,A,J,NES,NextGen Electrical Solutions,NA                            ,SP_000074,NOR,Commercial & Industrial,64.12,37.7794,2,0,AUD,,INV_001077,LINE_000014,20130527,ORD_001077,20130517,49:58.7
20130530,2013,11,2013,5,30,205,CUST_000486,200,ITEM_000045,COM                           ,COM03002                      ,COM03                         ,5,Trade          ,C                             ,CROM                                    ,NET_SALES                     ,Continuing,Accessories,5N2,A,J,NES,NextGen Electrical Solutions,NA                            ,SP_000011,NOR,Commercial & Industrial,64.12,37.7794,2,0,AUD,,INV_001078,LINE_000014,20130530,ORD_001078,20130522,49:58.7
20130304,2013,9,2013,3,4,205,CUST_000449,500,ITEM_000044,LMP                           ,LMP05017                      ,LMP05                         ,7,Trade          ,C                             ,76,NET_SALES                     ,Discontinuing,Traditional,5S0,J,J,ZZ2       ,Independent Retailers Association,NA                            ,SP_000046,NOR,Commercial & Industrial,14.58,4.392,10,0,AUD,,INV_001079,LINE_000014,20130304,ORD_001079,20130301,49:58.7
20130116,2013,7,2013,1,16,205,CUST_000487,500,ITEM_000044,LMP                           ,LMP05017                      ,LMP05                         ,7,Trade          ,C                             ,76,NET_SALES                     ,Discontinuing,Traditional,5S0,J,J,ZZ2       ,Independent Retailers Association,NA                            ,SP_000062,NOR,Commercial & Industrial,14.58,4.621,10,0,AUD,,INV_001080,LINE_000014,20130116,ORD_001080,20130116,49:58.7
20130411,2013,10,2013,4,11,205,CUST_000488,400,ITEM_000044,LMP                           ,LMP05017                      ,LMP05                         ,7,Trade          ,C                             ,76,NET_SALES                     ,Discontinuing,Traditional,5N2,J,J,ZZ2       ,Independent Retailers Association,NA                            ,SP_000061,NOR,Commercial & Industrial,14.58,4.365,10,0,AUD,,INV_001081,LINE_000014,20130411,ORD_001081,20130411,49:58.7
20130517,2013,11,2013,5,17,205,CUST_000489,400,ITEM_000044,LMP                           ,LMP05017                      ,LMP05                         ,7,Trade          ,C                             ,76,NET_SALES                     ,Discontinuing,Traditional,5Q0,J,J,MED,Metro Electrical Distributors,NA                            ,SP_000020,NOR,Commercial & Industrial,4.86,1.3866,3,0,AUD,,INV_001082,LINE_000014,20130517,ORD_001082,20130517,49:58.7
20130515,2013,11,2013,5,15,205,CUST_000232,200,ITEM_000044,LMP                           ,LMP05017                      ,LMP05                         ,7,Trade          ,C                             ,76,NET_SALES                     ,Discontinuing,Traditional,5N2,J,J,ZZ2       ,Independent Retailers Association,NA                            ,SP_000045,NOR,Commercial & Industrial,3.24,0.873,2,0,AUD,,INV_001083,LINE_000014,20130515,ORD_001083,20130514,49:58.7
20130419,2013,10,2013,4,19,205,CUST_000490,500,ITEM_000053,LMP                           ,LMP05025                      ,LMP05                         ,7,Trade          ,C                             ,219,NET_SALES                     ,Discontinuing,Traditional,5S0,D,J,ZZ2       ,Independent Retailers Association,NA                            ,SP_000003,NOR,Commercial & Industrial,16.2,4.897,10,0,AUD,,INV_001084,LINE_000014,20130419,ORD_001084,20130417,49:58.7
20130619,2013,12,2013,6,19,205,CUST_000491,600,ITEM_000053,LMP                           ,LMP05025                      ,LMP05                         ,7,Trade          ,C                             ,219,NET_SALES                     ,Discontinuing,Traditional,5W0,D,J,ZZ2       ,Independent Retailers Association,NA                            ,SP_000056,NOR,Commercial & Industrial,2.92,0.9722,2,0,AUD,,INV_001085,LINE_000014,20130619,ORD_001085,20130619,49:58.7
20130325,2013,9,2013,3,25,205,CUST_000492,400,ITEM_000053,LMP                           ,LMP05025                      ,LMP05                         ,7,Trade          ,C                             ,219,NET_SALES                     ,Discontinuing,Traditional,5N2,C,J,ZZ1       ,Builders Supply Network,NA                            ,SP_000025,NOR,Commercial & Industrial,16.2,4.861,10,0,AUD,,INV_001086,LINE_000014,20130325,ORD_001086,20130322,49:58.7
20130307,2013,9,2013,3,7,205,CUST_000140,600,ITEM_000053,LMP                           ,LMP05025                      ,LMP05                         ,7,Trade          ,C                             ,219,NET_SALES                     ,Discontinuing,Traditional,5W0,D,J,AEG,Aussie Energy Group,NA                            ,SP_000031,NOR,Commercial & Industrial,7.0,2.4485,5,0,AUD,,INV_001087,LINE_000014,20130307,ORD_001087,20130307,49:58.7
20130320,2013,9,2013,3,20,205,CUST_000287,200,ITEM_000053,LMP                           ,LMP05025                      ,LMP05                         ,7,Trade          ,C                             ,219,NET_SALES                     ,Discontinuing,Traditional,5N2,C,J,UES,Unified Electrical Suppliers,NA                            ,SP_000009,NOR,Commercial & Industrial,7.0,2.4305,5,0,AUD,,INV_001088,LINE_000014,20130320,ORD_001088,20130320,49:58.7
20130430,2013,10,2013,4,30,205,CUST_000493,300,ITEM_000053,LMP                           ,LMP05025                      ,LMP05                         ,7,Trade          ,C                             ,219,NET_SALES                     ,Discontinuing,Traditional,5V0,D,J,ZZ2       ,Independent Retailers Association,NA                            ,SP_000033,CRR,Commercial & Industrial,-16.2,-4.57,-10,0,AUD,,INV_001089,LINE_000014,20130430,ORD_001089,20130430,49:58.7
20130114,2013,7,2013,1,14,205,CUST_000188,400,ITEM_000053,LMP                           ,LMP05025                      ,LMP05                         ,7,Trade          ,C                             ,219,NET_SALES                     ,Discontinuing,Traditional,5Q0,D,J,ELC,ElectraCorp Ltd,NA                            ,SP_000040,CRR,Commercial & Industrial,-14.58,-4.3749,-9,0,AUD,,INV_001090,LINE_000014,20130114,ORD_001090,20130114,49:58.7
20130116,2013,7,2013,1,16,205,CUST_000468,200,ITEM_000052,LMP                           ,LMP05002                      ,LMP05                         ,7,Trade          ,C                             ,76,NET_SALES                     ,Discontinuing,Traditional,5N2,G,J,ZZ1       ,Builders Supply Network,NA                            ,SP_000058,NOR,Commercial & Industrial,17.2,8.482,20,0,AUD,,INV_001091,LINE_000014,20130116,ORD_001091,20130114,49:58.7
20130116,2013,7,2013,1,16,205,CUST_000494,200,ITEM_000052,LMP                           ,LMP05002                      ,LMP05                         ,7,Trade          ,C                             ,76,NET_SALES                     ,Discontinuing,Traditional,5N2,G,J,ZZ1       ,Builders Supply Network,NA                            ,SP_000058,NOR,Commercial & Industrial,8.6,4.241,10,0,AUD,,INV_001092,LINE_000014,20130116,ORD_001092,20130115,49:58.7
20130419,2013,10,2013,4,19,205,CUST_000424,200,ITEM_000052,LMP                           ,LMP05002                      ,LMP05                         ,7,Trade          ,C                             ,76,NET_SALES                     ,Discontinuing,Traditional,5N2,G,J,ZZ1       ,Builders Supply Network,NA                            ,SP_000070,NOR,Commercial & Industrial,2.58,1.1367,3,0,AUD,,INV_001093,LINE_000014,20130419,ORD_001093,20130419,49:58.7
20130531,2013,11,2013,5,31,205,CUST_000495,200,ITEM_000052,LMP                           ,LMP05002                      ,LMP05                         ,7,Trade          ,C                             ,76,NET_SALES                     ,Discontinuing,Traditional,5N2,G,J,ZZ1       ,Builders Supply Network,NA                            ,SP_000058,NOR,Commercial & Industrial,5.16,2.2734,6,0,AUD,,INV_001094,LINE_000014,20130531,ORD_001094,20130531,49:58.7
20130530,2013,11,2013,5,30,205,CUST_000496,500,ITEM_000052,LMP                           ,LMP05002                      ,LMP05                         ,7,Trade          ,C                             ,76,NET_SALES                     ,Discontinuing,Traditional,5N2,G,J,ZZ1       ,Builders Supply Network,NA                            ,SP_000059,NOR,Commercial & Industrial,7.74,3.4101,9,0,AUD,,INV_001095,LINE_000014,20130530,ORD_001095,20130529,49:58.7
20130613,2013,12,2013,6,13,205,CUST_000235,500,ITEM_000054,LMP                           ,LMP04002                      ,LMP04                         ,5,Trade          ,C                             ,CROM                                    ,NET_SALES                     ,Discontinuing,Traditional,5S0,J,J,ZZ8       ,EndUser Solutions,NA                            ,SP_000046,NOR,Commercial & Industrial,20.4,8.758,10,0,AUD,,INV_001096,LINE_000014,20130613,ORD_001096,20130613,49:58.7
20130620,2013,12,2013,6,20,205,CUST_000497,310,ITEM_000054,LMP                           ,LMP04002                      ,LMP04                         ,5,Trade          ,C                             ,CROM                                    ,NET_SALES                     ,Discontinuing,Traditional,5N2,J,J,ZZ1       ,Builders Supply Network,NA                            ,SP_000033,NOR,Commercial & Industrial,120.0,43.79,50,0,AUD,,INV_001097,LINE_000014,20130620,ORD_001097,20130619,49:58.7
20130121,2013,7,2013,1,21,205,CUST_000289,410,ITEM_000054,LMP                           ,LMP04002                      ,LMP04                         ,5,Trade          ,C                             ,CROM                                    ,NET_SALES                     ,Discontinuing,Traditional,5N2,J,J,ZZZ       ,General Suppliers Pty,NA                            ,SP_000060,NOR,Commercial & Industrial,15.6,8.758,10,0,AUD,,INV_001098,LINE_000014,20130121,ORD_001098,20130116,49:58.7
20130222,2013,8,2013,2,22,205,CUST_000498,200,ITEM_000057,LMP                           ,LMP05014                      ,LMP05                         ,5,Trade          ,C                             ,CROM                                    ,NET_SALES                     ,Discontinuing,Traditional,5N2,J,J,NES,NextGen Electrical Solutions,NA                            ,SP_000007,NOR,Commercial & Industrial,11.4,3.594,20,0,AUD,,INV_001099,LINE_000014,20130222,ORD_001099,20130221,49:58.7
20130402,2013,10,2013,4,2,205,CUST_000499,600,ITEM_000057,LMP                           ,LMP05014                      ,LMP05                         ,5,Trade          ,C                             ,CROM                                    ,NET_SALES                     ,Discontinuing,Traditional,Unk,U,U,ZZ2       ,Independent Retailers Association,NA                            ,SP_000024,CRD,Commercial & Industrial,-1.03,0.0,0,1,AUD,,INV_001100,LINE_000014,20130402,ORD_001100,20130402,49:58.7
20130530,2013,11,2013,5,30,205,CUST_000500,200,ITEM_000045,COM                           ,COM03002                      ,COM03                         ,5,Trade          ,C                             ,CROM                                    ,NET_SALES                     ,Continuing,Accessories,5N2,A,J,NES,NextGen Electrical Solutions,NA                            ,SP_000011,NOR,Commercial & Industrial,64.12,37.7794,2,0,AUD,,INV_001101,LINE_000014,20130530,ORD_001101,20130522,49:58.7
20130527,2013,11,2013,5,27,205,CUST_000501,300,ITEM_000045,COM                           ,COM03002                      ,COM03                         ,5,Trade          ,C                             ,CROM                                    ,NET_SALES                     ,Continuing,Accessories,5N2,A,J,NES,NextGen Electrical Solutions,NA                            ,SP_000004,NOR,Commercial & Industrial,64.12,37.7794,2,0,AUD,,INV_001102,LINE_000014,20130527,ORD_001102,20130516,49:58.7
20130527,2013,11,2013,5,27,205,CUST_000502,500,ITEM_000045,COM                           ,COM03002                      ,COM03                         ,5,Trade          ,C                             ,CROM                                    ,NET_SALES                     ,Continuing,Accessories,5N2,A,J,NES,NextGen Electrical Solutions,NA                            ,SP_000003,NOR,Commercial & Industrial,64.12,37.7794,2,0,AUD,,INV_001103,LINE_000014,20130527,ORD_001103,20130513,49:58.7
20130516,2013,11,2013,5,16,205,CUST_000503,310,ITEM_000045,COM                           ,COM03002                      ,COM03                         ,5,Trade          ,C                             ,CROM                                    ,NET_SALES                     ,Continuing,Accessories,5N2,A,J,NES,NextGen Electrical Solutions,NA                            ,SP_000005,NOR,Commercial & Industrial,64.12,39.98,2,0,AUD,,INV_001104,LINE_000014,20130516,ORD_001104,20130514,49:58.7
20130522,2013,11,2013,5,22,205,CUST_000504,400,ITEM_000045,COM                           ,COM03002                      ,COM03                         ,5,Trade          ,C                             ,CROM                                    ,NET_SALES                     ,Continuing,Accessories,5N2,A,J,NES,NextGen Electrical Solutions,NA                            ,SP_000025,NOR,Commercial & Industrial,64.12,37.7794,2,0,AUD,,INV_001105,LINE_000014,20130522,ORD_001105,20130515,49:58.7
20130617,2013,12,2013,6,17,205,CUST_000505,600,ITEM_000045,COM                           ,COM03002                      ,COM03                         ,5,Trade          ,C                             ,CROM                                    ,NET_SALES                     ,Continuing,Accessories,5W0,D,J,NLG,Nationwide Lighting Group,NA                            ,SP_000024,NOR,Commercial & Industrial,877.5,500.669,26,0,AUD,,INV_001106,LINE_000014,20130617,ORD_001106,20130617,49:58.7
20130502,2013,11,2013,5,2,205,CUST_000311,210,ITEM_000056,LMP                           ,LMP05017                      ,LMP05                         ,7,Trade          ,C                             ,76,NET_SALES                     ,Discontinuing,Traditional,5N2,J,J,UES,Unified Electrical Suppliers,NA                            ,SP_000012,NOR,Commercial & Industrial,13.0,5.272,10,0,AUD,,INV_001107,LINE_000014,20130502,ORD_001107,20130501,49:58.7
20130510,2013,11,2013,5,10,205,CUST_000506,200,ITEM_000056,LMP                           ,LMP05017                      ,LMP05                         ,7,Trade          ,C                             ,76,NET_SALES                     ,Discontinuing,Traditional,5N2,J,J,ZZ2       ,Independent Retailers Association,NA                            ,SP_000017,NOR,Commercial & Industrial,23.4,10.544,20,0,AUD,,INV_001108,LINE_000014,20130510,ORD_001108,20130509,49:58.7
20130404,2013,10,2013,4,4,205,CUST_000507,210,ITEM_000056,LMP                           ,LMP05017                      ,LMP05                         ,7,Trade          ,C                             ,76,NET_SALES                     ,Discontinuing,Traditional,5N2,J,J,ZZ2       ,Independent Retailers Association,NA                            ,SP_000021,NOR,Commercial & Industrial,11.7,5.272,10,0,AUD,,INV_001109,LINE_000014,20130404,ORD_001109,20130403,49:58.7
20130617,2013,12,2013,6,17,205,CUST_000219,400,ITEM_000056,LMP                           ,LMP05017                      ,LMP05                         ,7,Trade          ,C                             ,76,NET_SALES                     ,Discontinuing,Traditional,5N2,J,J,ELC,ElectraCorp Ltd,NA                            ,SP_000020,NOR,Commercial & Industrial,1.3,0.5272,1,0,AUD,,INV_001110,LINE_000014,20130617,ORD_001110,20130617,49:58.7
20130328,2013,9,2013,3,28,205,CUST_000384,200,ITEM_000055,LMP                           ,LMP05003                      ,LMP05                         ,5,Trade          ,C                             ,CROM                                    ,NET_SALES                     ,Discontinuing,Traditional,5N2,J,J,ZZ1       ,Builders Supply Network,NA                            ,SP_000045,NOR,Commercial & Industrial,10.4,1.5128,4,0,AUD,,INV_001111,LINE_000014,20130328,ORD_001111,20130326,49:58.7
20130430,2013,10,2013,4,30,205,CUST_000217,400,ITEM_000055,LMP                           ,LMP05003                      ,LMP05                         ,5,Trade          ,C                             ,CROM                                    ,NET_SALES                     ,Discontinuing,Traditional,Unk,U,U,MED,Metro Electrical Distributors,NA                            ,SP_000015,CRD,Commercial & Industrial,-2.38,0.0,0,1,AUD,,INV_001112,LINE_000014,20130430,ORD_001112,20130430,49:58.7
20130228,2013,8,2013,2,28,205,CUST_000508,400,ITEM_000055,LMP                           ,LMP05003                      ,LMP05                         ,5,Trade          ,C                             ,CROM                                    ,NET_SALES                     ,Discontinuing,Traditional,5N2,J,J,NES,NextGen Electrical Solutions,NA                            ,SP_000020,NOR,Commercial & Industrial,10.4,1.5128,4,0,AUD,,INV_001113,LINE_000014,20130228,ORD_001113,20130227,49:58.7
20130410,2013,10,2013,4,10,205,CUST_000509,500,ITEM_000055,LMP                           ,LMP05003                      ,LMP05                         ,5,Trade          ,C                             ,CROM                                    ,NET_SALES                     ,Discontinuing,Traditional,5S0,J,J,MED,Metro Electrical Distributors,NA                            ,SP_000022,NOR,Commercial & Industrial,9.52,1.5128,4,0,AUD,,INV_001114,LINE_000014,20130410,ORD_001114,20130410,49:58.7
20130131,2013,7,2013,1,31,205,CUST_000235,500,ITEM_000055,LMP                           ,LMP05003                      ,LMP05                         ,5,Trade          ,C                             ,CROM                                    ,NET_SALES                     ,Discontinuing,Traditional,5S0,J,J,ZZ8       ,EndUser Solutions,NA                            ,SP_000046,NOR,Commercial & Industrial,2.21,0.3782,1,0,AUD,,INV_001115,LINE_000014,20130131,ORD_001115,20130131,49:58.7
20130109,2013,7,2013,1,9,205,CUST_000487,500,ITEM_000044,LMP                           ,LMP05017                      ,LMP05                         ,7,Trade          ,C                             ,76,NET_SALES                     ,Discontinuing,Traditional,5S0,J,J,ZZ2       ,Independent Retailers Association,NA                            ,SP_000062,NOR,Commercial & Industrial,14.58,4.621,10,0,AUD,,INV_001116,LINE_000014,20130109,ORD_001116,20130107,49:58.7
20130614,2013,12,2013,6,14,205,CUST_000319,400,ITEM_000044,LMP                           ,LMP05017                      ,LMP05                         ,7,Trade          ,C                             ,76,NET_SALES                     ,Discontinuing,Traditional,5N2,J,J,ZZ1       ,Builders Supply Network,NA                            ,SP_000006,NOR,Commercial & Industrial,16.2,4.365,10,0,AUD,,INV_001117,LINE_000014,20130614,ORD_001117,20130614,49:58.7
20130107,2013,7,2013,1,7,205,CUST_000510,200,ITEM_000044,LMP                           ,LMP05017                      ,LMP05                         ,7,Trade          ,C                             ,76,NET_SALES                     ,Discontinuing,Traditional,5N2,J,J,ZZ2       ,Independent Retailers Association,NA                            ,SP_000055,NOR,Commercial & Industrial,14.58,4.622,10,0,AUD,,INV_001118,LINE_000014,20130107,ORD_001118,20130107,49:58.7
20130524,2013,11,2013,5,24,205,CUST_000511,400,ITEM_000044,LMP                           ,LMP05017                      ,LMP05                         ,7,Trade          ,C                             ,76,NET_SALES                     ,Discontinuing,Traditional,5N2,J,J,ZZ3       ,ProLighting Specialists,NA                            ,SP_000025,NOR,Commercial & Industrial,14.58,4.365,10,0,AUD,,INV_001119,LINE_000014,20130524,ORD_001119,20130523,49:58.7
20130620,2013,12,2013,6,20,205,CUST_000284,200,ITEM_000044,LMP                           ,LMP05017                      ,LMP05                         ,7,Trade          ,C                             ,76,NET_SALES                     ,Discontinuing,Traditional,5N2,J,J,ZZ2       ,Independent Retailers Association,NA                            ,SP_000009,CRR,Commercial & Industrial,-41.31,-13.095,-30,0,AUD,,INV_001120,LINE_000014,20130620,ORD_001120,20130620,49:58.7
20130607,2013,12,2013,6,7,205,CUST_000512,200,ITEM_000044,LMP                           ,LMP05017                      ,LMP05                         ,7,Trade          ,C                             ,76,NET_SALES                     ,Discontinuing,Traditional,5N2,J,J,ZZ2       ,Independent Retailers Association,NA                            ,SP_000062,NOR,Commercial & Industrial,29.16,8.73,20,0,AUD,,INV_001121,LINE_000014,20130607,ORD_001121,20130606,49:58.7
20130328,2013,9,2013,3,28,205,CUST_000244,300,ITEM_000052,LMP                           ,LMP05002                      ,LMP05                         ,7,Trade          ,C                             ,76,NET_SALES                     ,Discontinuing,Traditional,5N2,G,J,ZZZ       ,General Suppliers Pty,NA                            ,SP_000033,NOR,Commercial & Industrial,78.0,28.155,75,0,AUD,,INV_001122,LINE_000014,20130328,ORD_001122,20130326,49:58.7
20130123,2013,7,2013,1,23,205,CUST_000513,300,ITEM_000052,LMP                           ,LMP05002                      ,LMP05                         ,7,Trade          ,C                             ,76,NET_SALES                     ,Discontinuing,Traditional,5N2,G,J,ZZ1       ,Builders Supply Network,NA                            ,SP_000033,NOR,Commercial & Industrial,8.6,4.241,10,0,AUD,,INV_001123,LINE_000014,20130123,ORD_001123,20130122,49:58.7
20130405,2013,10,2013,4,5,205,CUST_000514,500,ITEM_000052,LMP                           ,LMP05002                      ,LMP05                         ,7,Trade          ,C                             ,76,NET_SALES                     ,Discontinuing,Traditional,5N2,G,J,ZZ1       ,Builders Supply Network,NA                            ,SP_000059,NOR,Commercial & Industrial,5.16,2.2524,6,0,AUD,,INV_001124,LINE_000014,20130405,ORD_001124,20130403,49:58.7
20130314,2013,9,2013,3,14,205,CUST_000497,310,ITEM_000052,LMP                           ,LMP05002                      ,LMP05                         ,7,Trade          ,C                             ,76,NET_SALES                     ,Discontinuing,Traditional,5N2,G,J,ZZ1       ,Builders Supply Network,NA                            ,SP_000033,NOR,Commercial & Industrial,10.0,3.754,10,0,AUD,,INV_001125,LINE_000014,20130314,ORD_001125,20130314,49:58.7
20130307,2013,9,2013,3,7,205,CUST_000445,300,ITEM_000052,LMP                           ,LMP05002                      ,LMP05                         ,7,Trade          ,C                             ,76,NET_SALES                     ,Discontinuing,Traditional,5N2,G,J,ZZ1       ,Builders Supply Network,NA                            ,SP_000033,NOR,Commercial & Industrial,0.86,0.3754,1,0,AUD,,INV_001126,LINE_000014,20130307,ORD_001126,20130306,49:58.7
20130517,2013,11,2013,5,17,205,CUST_000515,200,ITEM_000052,LMP                           ,LMP05002                      ,LMP05                         ,7,Trade          ,C                             ,76,NET_SALES                     ,Discontinuing,Traditional,5N2,G,J,ZZ1       ,Builders Supply Network,NA                            ,SP_000058,CRR,Commercial & Industrial,-18.06,-7.9569,-21,0,AUD,,INV_001127,LINE_000014,20130517,ORD_001127,20130517,49:58.7
20130516,2013,11,2013,5,16,205,CUST_000516,400,ITEM_000052,LMP                           ,LMP05002                      ,LMP05                         ,7,Trade          ,C                             ,76,NET_SALES                     ,Discontinuing,Traditional,5N2,G,J,ZZ1       ,Builders Supply Network,NA                            ,SP_000075,NOR,Commercial & Industrial,8.6,3.789,10,0,AUD,,INV_001128,LINE_000014,20130516,ORD_001128,20130516,49:58.7
20130527,2013,11,2013,5,27,205,CUST_000517,600,ITEM_000052,LMP                           ,LMP05002                      ,LMP05                         ,7,Trade          ,C                             ,76,NET_SALES                     ,Discontinuing,Traditional,5W0,D,J,ZZ1       ,Builders Supply Network,NA                            ,SP_000056,NOR,Commercial & Industrial,17.2,7.55,20,0,AUD,,INV_001129,LINE_000014,20130527,ORD_001129,20130527,49:58.7
20130405,2013,10,2013,4,5,205,CUST_000517,600,ITEM_000052,LMP                           ,LMP05002                      ,LMP05                         ,7,Trade          ,C                             ,76,NET_SALES                     ,Discontinuing,Traditional,5W0,D,J,ZZ1       ,Builders Supply Network,NA                            ,SP_000056,NOR,Commercial & Industrial,3.44,1.6964,4,0,AUD,,INV_001130,LINE_000014,20130405,ORD_001130,20130405,49:58.7
20130529,2013,11,2013,5,29,205,CUST_000518,200,ITEM_000045,COM                           ,COM03002                      ,COM03                         ,5,Trade          ,C                             ,CROM                                    ,NET_SALES                     ,Continuing,Accessories,5N2,A,J,NES,NextGen Electrical Solutions,NA                            ,SP_000010,NOR,Commercial & Industrial,64.12,37.7794,2,0,AUD,,INV_001131,LINE_000014,20130529,ORD_001131,20130527,49:58.7
20130313,2013,9,2013,3,13,205,CUST_000191,310,ITEM_000045,COM                           ,COM03002                      ,COM03                         ,5,Trade          ,C                             ,CROM                                    ,NET_SALES                     ,Continuing,Accessories,5N2,A,J,MED,Metro Electrical Distributors,NA                            ,SP_000005,NOR,Commercial & Industrial,67.5,39.98,2,0,AUD,,INV_001132,LINE_000014,20130313,ORD_001132,20130312,49:58.7
20130123,2013,7,2013,1,23,205,CUST_000276,210,ITEM_000045,COM                           ,COM03002                      ,COM03                         ,5,Trade          ,C                             ,CROM                                    ,NET_SALES                     ,Continuing,Accessories,5N2,A,J,MED,Metro Electrical Distributors,NA                            ,SP_000021,NOR,Commercial & Industrial,33.75,19.99,1,0,AUD,,INV_001133,LINE_000014,20130123,ORD_001133,20130116,49:58.7
20130501,2013,11,2013,5,1,205,CUST_000519,400,ITEM_000045,COM                           ,COM03002                      ,COM03                         ,5,Trade          ,C                             ,CROM                                    ,NET_SALES                     ,Continuing,Accessories,5Q0,D,J,MED,Metro Electrical Distributors,NA                            ,SP_000019,NOR,Commercial & Industrial,135.0,79.96,4,0,AUD,,INV_001134,LINE_000014,20130501,ORD_001134,20130501,49:58.7
20130318,2013,9,2013,3,18,205,CUST_000255,600,ITEM_000045,COM                           ,COM03002                      ,COM03                         ,5,Trade          ,C                             ,CROM                                    ,NET_SALES                     ,Continuing,Accessories,5W0,D,J,NES,NextGen Electrical Solutions,NA                            ,SP_000031,NOR,Commercial & Industrial,202.5,119.94,6,0,AUD,,INV_001135,LINE_000014,20130318,ORD_001135,20130318,49:58.7
20130215,2013,8,2013,2,15,205,CUST_000255,600,ITEM_000045,COM                           ,COM03002                      ,COM03                         ,5,Trade          ,C                             ,CROM                                    ,NET_SALES                     ,Continuing,Accessories,5W0,D,J,NES,NextGen Electrical Solutions,NA                            ,SP_000031,NOR,Commercial & Industrial,202.5,119.94,6,0,AUD,,INV_001136,LINE_000014,20130215,ORD_001136,20130121,49:58.7
20130429,2013,10,2013,4,29,205,CUST_000255,600,ITEM_000045,COM                           ,COM03002                      ,COM03                         ,5,Trade          ,C                             ,CROM                                    ,NET_SALES                     ,Continuing,Accessories,5W0,D,J,NES,NextGen Electrical Solutions,NA                            ,SP_000031,NOR,Commercial & Industrial,202.5,119.94,6,0,AUD,,INV_001137,LINE_000014,20130429,ORD_001137,20130429,49:58.7
20130218,2013,8,2013,2,18,205,CUST_000255,600,ITEM_000045,COM                           ,COM03002                      ,COM03                         ,5,Trade          ,C                             ,CROM                                    ,NET_SALES                     ,Continuing,Accessories,5W0,D,J,NES,NextGen Electrical Solutions,NA                            ,SP_000031,NOR,Commercial & Industrial,202.5,119.94,6,0,AUD,,INV_001138,LINE_000014,20130218,ORD_001138,20130218,49:58.7
20130116,2013,7,2013,1,16,205,CUST_000255,600,ITEM_000045,COM                           ,COM03002                      ,COM03                         ,5,Trade          ,C                             ,CROM                                    ,NET_SALES                     ,Continuing,Accessories,5W0,D,J,NES,NextGen Electrical Solutions,NA                            ,SP_000031,NOR,Commercial & Industrial,337.5,199.9,10,0,AUD,,INV_001139,LINE_000014,20130116,ORD_001139,20130116,49:58.7
20130129,2013,7,2013,1,29,205,CUST_000520,300,ITEM_000055,LMP                           ,LMP05003                      ,LMP05                         ,5,Trade          ,C                             ,CROM                                    ,NET_SALES                     ,Discontinuing,Traditional,5N2,J,J,ZZ8       ,EndUser Solutions,NA                            ,SP_000033,NOR,Commercial & Industrial,25.92,4.5384,12,0,AUD,,INV_001140,LINE_000014,20130129,ORD_001140,20130125,49:58.7
20130314,2013,9,2013,3,14,205,CUST_000052,300,ITEM_000055,LMP                           ,LMP05003                      ,LMP05                         ,5,Trade          ,C                             ,CROM                                    ,NET_SALES                     ,Discontinuing,Traditional,5N2,J,J,BPS,BrightPower Solutions,NA                            ,SP_000005,NOR,Commercial & Industrial,10.4,1.5128,4,0,AUD,,INV_001141,LINE_000014,20130314,ORD_001141,20130314,49:58.7
20130508,2013,11,2013,5,8,205,CUST_000217,400,ITEM_000055,LMP                           ,LMP05003                      ,LMP05                         ,5,Trade          ,C                             ,CROM                                    ,NET_SALES                     ,Discontinuing,Traditional,Unk,U,U,MED,Metro Electrical Distributors,NA                            ,SP_000015,NOR,Commercial & Industrial,0.0,0.3782,1,0,AUD,,INV_001142,LINE_000014,20130508,ORD_001142,20130314,49:58.7
20130226,2013,8,2013,2,26,205,CUST_000521,200,ITEM_000055,LMP                           ,LMP05003                      ,LMP05                         ,5,Trade          ,C                             ,CROM                                    ,NET_SALES                     ,Discontinuing,Traditional,5N2,J,J,ZZ3       ,ProLighting Specialists,NA                            ,SP_000062,NOR,Commercial & Industrial,23.4,3.782,10,0,AUD,,INV_001143,LINE_000014,20130226,ORD_001143,20130226,49:58.7
20130312,2013,9,2013,3,12,205,CUST_000217,400,ITEM_000055,LMP                           ,LMP05003                      ,LMP05                         ,5,Trade          ,C                             ,CROM                                    ,NET_SALES                     ,Discontinuing,Traditional,5N2,J,J,MED,Metro Electrical Distributors,NA                            ,SP_000015,NOR,Commercial & Industrial,14.28,2.2692,6,0,AUD,,INV_001144,LINE_000014,20130312,ORD_001144,20130311,49:58.7
20130221,2013,8,2013,2,21,205,CUST_000235,500,ITEM_000055,LMP                           ,LMP05003                      ,LMP05                         ,5,Trade          ,C                             ,CROM                                    ,NET_SALES                     ,Discontinuing,Traditional,5S0,J,J,ZZ8       ,EndUser Solutions,NA                            ,SP_000046,NOR,Commercial & Industrial,2.21,0.3782,1,0,AUD,,INV_000706,LINE_000014,20130221,ORD_000707,20130221,49:58.7
20130308,2013,9,2013,3,8,205,CUST_000235,500,ITEM_000055,LMP                           ,LMP05003                      ,LMP05                         ,5,Trade          ,C                             ,CROM                                    ,NET_SALES                     ,Discontinuing,Traditional,5S0,J,J,ZZ8       ,EndUser Solutions,NA                            ,SP_000046,NOR,Commercial & Industrial,2.21,0.3782,1,0,AUD,,INV_001145,LINE_000014,20130308,ORD_001145,20130308,49:58.7
20130626,2013,12,2013,6,26,205,CUST_000522,400,ITEM_000055,LMP                           ,LMP05003                      ,LMP05                         ,5,Trade          ,C                             ,CROM                                    ,NET_SALES                     ,Discontinuing,Traditional,5N2,J,J,ZZ2       ,Independent Retailers Association,NA                            ,SP_000006,NOR,Commercial & Industrial,10.0,1.5128,4,0,AUD,,INV_001146,LINE_000014,20130626,ORD_001146,20130625,49:58.7
20130213,2013,8,2013,2,13,205,CUST_000235,500,ITEM_000055,LMP                           ,LMP05003                      ,LMP05                         ,5,Trade          ,C                             ,CROM                                    ,NET_SALES                     ,Discontinuing,Traditional,5S0,J,J,ZZ8       ,EndUser Solutions,NA                            ,SP_000046,NOR,Commercial & Industrial,2.21,0.3782,1,0,AUD,,INV_001147,LINE_000014,20130213,ORD_001147,20130212,49:58.7
20130326,2013,9,2013,3,26,205,CUST_000523,300,ITEM_000044,LMP                           ,LMP05017                      ,LMP05                         ,7,Trade          ,C                             ,76,NET_SALES                     ,Discontinuing,Traditional,5N2,J,J,ZZ1       ,Builders Supply Network,NA                            ,SP_000033,NOR,Commercial & Industrial,16.2,4.365,10,0,AUD,,INV_001148,LINE_000014,20130326,ORD_001148,20130325,49:58.7
20130627,2013,12,2013,6,27,205,CUST_000306,200,ITEM_000044,LMP                           ,LMP05017                      ,LMP05                         ,7,Trade          ,C                             ,76,NET_SALES                     ,Discontinuing,Traditional,5N2,J,J,ZZ1       ,Builders Supply Network,NA                            ,SP_000048,NOR,Commercial & Industrial,8.1,2.1825,5,0,AUD,,INV_001149,LINE_000014,20130627,ORD_001149,20130626,49:58.7
20130514,2013,11,2013,5,14,205,CUST_000511,400,ITEM_000044,LMP                           ,LMP05017                      ,LMP05                         ,7,Trade          ,C                             ,76,NET_SALES                     ,Discontinuing,Traditional,5Q0,J,J,ZZ3       ,ProLighting Specialists,NA                            ,SP_000025,NOR,Commercial & Industrial,14.58,4.622,10,0,AUD,,INV_001150,LINE_000014,20130514,ORD_001150,20130514,49:58.7
20130110,2013,7,2013,1,10,205,CUST_000524,210,ITEM_000044,LMP                           ,LMP05017                      ,LMP05                         ,7,Trade          ,C                             ,76,NET_SALES                     ,Discontinuing,Traditional,5N2,J,J,NLG,Nationwide Lighting Group,NA                            ,SP_000012,NOR,Commercial & Industrial,3.12,0.9244,2,0,AUD,,INV_001151,LINE_000014,20130110,ORD_001151,20130110,49:58.7
20130411,2013,10,2013,4,11,205,CUST_000235,500,ITEM_000044,LMP                           ,LMP05017                      ,LMP05                         ,7,Trade          ,C                             ,76,NET_SALES                     ,Discontinuing,Traditional,5S0,J,J,ZZ8       ,EndUser Solutions,NA                            ,SP_000046,NOR,Commercial & Industrial,1.38,0.4392,1,0,AUD,,INV_001152,LINE_000014,20130411,ORD_001152,20130411,49:58.7
20130411,2013,10,2013,4,11,205,CUST_000235,500,ITEM_000044,LMP                           ,LMP05017                      ,LMP05                         ,7,Trade          ,C                             ,76,NET_SALES                     ,Discontinuing,Traditional,5S0,J,J,ZZ8       ,EndUser Solutions,NA                            ,SP_000046,NOR,Commercial & Industrial,13.77,4.392,10,0,AUD,,INV_001153,LINE_000014,20130411,ORD_001153,20130411,49:58.7
20130207,2013,8,2013,2,7,205,CUST_000235,500,ITEM_000044,LMP                           ,LMP05017                      ,LMP05                         ,7,Trade          ,C                             ,76,NET_SALES                     ,Discontinuing,Traditional,5S0,J,J,ZZ8       ,EndUser Solutions,NA                            ,SP_000046,NOR,Commercial & Industrial,4.13,1.3863,3,0,AUD,,INV_001154,LINE_000014,20130207,ORD_001154,20130207,49:58.7
20130621,2013,12,2013,6,21,205,CUST_000525,200,ITEM_000052,LMP                           ,LMP05002                      ,LMP05                         ,7,Trade          ,C                             ,76,NET_SALES                     ,Discontinuing,Traditional,5N2,G,J,ZZ1       ,Builders Supply Network,NA                            ,SP_000058,NOR,Commercial & Industrial,1.72,0.7578,2,0,AUD,,INV_001155,LINE_000014,20130621,ORD_001155,20130621,49:58.7
20130423,2013,10,2013,4,23,205,CUST_000526,600,ITEM_000052,LMP                           ,LMP05002                      ,LMP05                         ,7,Trade          ,C                             ,76,NET_SALES                     ,Discontinuing,Traditional,5W0,D,J,ZZ1       ,Builders Supply Network,NA                            ,SP_000056,NOR,Commercial & Industrial,8.6,3.754,10,0,AUD,,INV_001156,LINE_000014,20130423,ORD_001156,20130422,49:58.7
20130304,2013,9,2013,3,4,205,CUST_000527,500,ITEM_000052,LMP                           ,LMP05002                      ,LMP05                         ,7,Trade          ,C                             ,76,NET_SALES                     ,Discontinuing,Traditional,5N2,G,J,ZZ1       ,Builders Supply Network,NA                            ,SP_000059,NOR,Commercial & Industrial,3.44,1.5016,4,0,AUD,,INV_001157,LINE_000014,20130304,ORD_001157,20130301,49:58.7
20130617,2013,12,2013,6,17,205,CUST_000528,200,ITEM_000052,LMP                           ,LMP05002                      ,LMP05                         ,7,Trade          ,C                             ,76,NET_SALES                     ,Discontinuing,Traditional,5N2,G,J,ZZ1       ,Builders Supply Network,NA                            ,SP_000058,NOR,Commercial & Industrial,5.16,2.2734,6,0,AUD,,INV_001158,LINE_000014,20130617,ORD_001158,20130614,49:58.7
20130422,2013,10,2013,4,22,205,CUST_000516,400,ITEM_000052,LMP                           ,LMP05002                      ,LMP05                         ,7,Trade          ,C                             ,76,NET_SALES                     ,Discontinuing,Traditional,5N2,G,J,ZZ1       ,Builders Supply Network,NA                            ,SP_000075,NOR,Commercial & Industrial,8.6,3.789,10,0,AUD,,INV_001159,LINE_000014,20130422,ORD_001159,20130419,49:58.7
20130508,2013,11,2013,5,8,205,CUST_000529,300,ITEM_000052,LMP                           ,LMP05002                      ,LMP05                         ,7,Trade          ,C                             ,76,NET_SALES                     ,Discontinuing,Traditional,5N2,G,J,ZZ1       ,Builders Supply Network,NA                            ,SP_000033,NOR,Commercial & Industrial,6.88,3.0312,8,0,AUD,,INV_001160,LINE_000014,20130508,ORD_001160,20130508,49:58.7
20130308,2013,9,2013,3,8,205,CUST_000530,200,ITEM_000052,LMP                           ,LMP05002                      ,LMP05                         ,7,Trade          ,C                             ,76,NET_SALES                     ,Discontinuing,Traditional,5N2,G,J,ZZ1       ,Builders Supply Network,NA                            ,SP_000058,NOR,Commercial & Industrial,3.44,1.5016,4,0,AUD,,INV_001161,LINE_000014,20130308,ORD_001161,20130306,49:58.7
20130308,2013,9,2013,3,8,205,CUST_000531,410,ITEM_000056,LMP                           ,LMP05017                      ,LMP05                         ,7,Trade          ,C                             ,76,NET_SALES                     ,Discontinuing,Traditional,5N2,J,J,ZZ2       ,Independent Retailers Association,NA                            ,SP_000001,NOR,Commercial & Industrial,26.0,10.544,20,0,AUD,,INV_001162,LINE_000014,20130308,ORD_001162,20130307,49:58.7
20130501,2013,11,2013,5,1,205,CUST_000387,200,ITEM_000056,LMP                           ,LMP05017                      ,LMP05                         ,7,Trade          ,C                             ,76,NET_SALES                     ,Discontinuing,Traditional,5N2,J,J,ZZ2       ,Independent Retailers Association,NA                            ,SP_000062,NOR,Commercial & Industrial,13.0,5.272,10,0,AUD,,INV_000916,LINE_000014,20130501,ORD_000916,20130501,49:58.7
20130603,2013,12,2013,6,3,205,CUST_000449,500,ITEM_000056,LMP                           ,LMP05017                      ,LMP05                         ,7,Trade          ,C                             ,76,NET_SALES                     ,Discontinuing,Traditional,5S0,J,J,ZZ2       ,Independent Retailers Association,NA                            ,SP_000046,NOR,Commercial & Industrial,11.7,5.269,10,0,AUD,,INV_001163,LINE_000014,20130603,ORD_001163,20130603,49:58.7
20130322,2013,9,2013,3,22,205,CUST_000532,410,ITEM_000056,LMP                           ,LMP05017                      ,LMP05                         ,7,Trade          ,C                             ,76,NET_SALES                     ,Discontinuing,Traditional,5N2,J,J,ZZ1       ,Builders Supply Network,NA                            ,SP_000001,NOR,Commercial & Industrial,260.0,105.44,200,0,AUD,,INV_001164,LINE_000014,20130322,ORD_001164,20130321,49:58.7
20130130,2013,7,2013,1,30,205,CUST_000533,600,ITEM_000056,LMP                           ,LMP05017                      ,LMP05                         ,7,Trade          ,C                             ,76,NET_SALES                     ,Discontinuing,Traditional,5W0,J,J,ZZ2       ,Independent Retailers Association,NA                            ,SP_000024,NOR,Commercial & Industrial,2.34,0.9474,2,0,AUD,,INV_001165,LINE_000014,20130130,ORD_001165,20130129,49:58.7
20130411,2013,10,2013,4,11,205,CUST_000235,500,ITEM_000056,LMP                           ,LMP05017                      ,LMP05                         ,7,Trade          ,C                             ,76,NET_SALES                     ,Discontinuing,Traditional,5S0,J,J,ZZ8       ,EndUser Solutions,NA                            ,SP_000046,NOR,Commercial & Industrial,20.0,10.538,20,0,AUD,,INV_001166,LINE_000014,20130411,ORD_001166,20130411,49:58.7
20130531,2013,11,2013,5,31,205,CUST_000534,400,ITEM_000056,LMP                           ,LMP05017                      ,LMP05                         ,7,Trade          ,C                             ,76,NET_SALES                     ,Discontinuing,Traditional,5N2,J,J,MED,Metro Electrical Distributors,NA                            ,SP_000020,NOR,Commercial & Industrial,13.0,5.272,10,0,AUD,,INV_001167,LINE_000014,20130531,ORD_001167,20130530,49:58.7
20130620,2013,12,2013,6,20,205,CUST_000535,400,ITEM_000056,LMP                           ,LMP05017                      ,LMP05                         ,7,Trade          ,C                             ,76,NET_SALES                     ,Discontinuing,Traditional,5N2,J,J,MED,Metro Electrical Distributors,NA                            ,SP_000020,NOR,Commercial & Industrial,3.9,1.5816,3,0,AUD,,INV_001168,LINE_000014,20130620,ORD_001168,20130619,49:58.7
20130514,2013,11,2013,5,14,205,CUST_000453,300,ITEM_000056,LMP                           ,LMP05017                      ,LMP05                         ,7,Trade          ,C                             ,76,NET_SALES                     ,Discontinuing,Traditional,5N2,J,J,ZZ8       ,EndUser Solutions,NA                            ,SP_000004,NOR,Commercial & Industrial,33.15,15.816,30,0,AUD,,INV_001169,LINE_000014,20130514,ORD_001169,20130514,49:58.7
20130531,2013,11,2013,5,31,205,CUST_000536,500,ITEM_000045,COM                           ,COM03002                      ,COM03                         ,5,Trade          ,C                             ,CROM                                    ,NET_SALES                     ,Continuing,Accessories,5N2,A,J,NES,NextGen Electrical Solutions,NA                            ,SP_000022,NOR,Commercial & Industrial,64.12,37.7794,2,0,AUD,,INV_001170,LINE_000014,20130531,ORD_001170,20130517,49:58.7
20130410,2013,10,2013,4,10,205,CUST_000537,200,ITEM_000045,COM                           ,COM03002                      ,COM03                         ,5,Trade          ,C                             ,CROM                                    ,NET_SALES                     ,Continuing,Accessories,5N2,A,J,NES,NextGen Electrical Solutions,NA                            ,SP_000007,NOR,Commercial & Industrial,135.0,79.96,4,0,AUD,,INV_001171,LINE_000014,20130410,ORD_001171,20130409,49:58.7
20130514,2013,11,2013,5,14,205,CUST_000538,310,ITEM_000045,COM                           ,COM03002                      ,COM03                         ,5,Trade          ,C                             ,CROM                                    ,NET_SALES                     ,Continuing,Accessories,5N2,A,J,NES,NextGen Electrical Solutions,NA                            ,SP_000005,NOR,Commercial & Industrial,64.12,39.98,2,0,AUD,,INV_001172,LINE_000014,20130514,ORD_001172,20130513,49:58.7
20130110,2013,7,2013,1,10,205,CUST_000539,400,ITEM_000045,COM                           ,COM03002                      ,COM03                         ,5,Trade          ,C                             ,CROM                                    ,NET_SALES                     ,Continuing,Accessories,5Q0,D,J,MED,Metro Electrical Distributors,NA                            ,SP_000040,NOR,Commercial & Industrial,33.75,19.99,1,0,AUD,,INV_001173,LINE_000014,20130110,ORD_001173,20130110,49:58.7
20130605,2013,12,2013,6,5,205,CUST_000540,400,ITEM_000045,COM                           ,COM03002                      ,COM03                         ,5,Trade          ,C                             ,CROM                                    ,NET_SALES                     ,Continuing,Accessories,5Q0,D,J,ELC,ElectraCorp Ltd,NA                            ,SP_000020,NOR,Commercial & Industrial,92.88,39.98,2,0,AUD,,INV_001174,LINE_000014,20130605,ORD_001174,20130604,49:58.7
20130523,2013,11,2013,5,23,205,CUST_000541,400,ITEM_000045,COM                           ,COM03002                      ,COM03                         ,5,Trade          ,C                             ,CROM                                    ,NET_SALES                     ,Continuing,Accessories,5N2,A,J,NES,NextGen Electrical Solutions,NA                            ,SP_000019,NOR,Commercial & Industrial,64.12,37.7794,2,0,AUD,,INV_001175,LINE_000014,20130523,ORD_001175,20130513,49:58.7
20130502,2013,11,2013,5,2,205,CUST_000462,310,ITEM_000045,COM                           ,COM03002                      ,COM03                         ,5,Trade          ,C                             ,CROM                                    ,NET_SALES                     ,Continuing,Accessories,5N2,A,J,NES,NextGen Electrical Solutions,NA                            ,SP_000073,NOR,Commercial & Industrial,135.0,79.96,4,0,AUD,,INV_001176,LINE_000014,20130502,ORD_001176,20130501,49:58.7
20130518,2013,11,2013,5,18,205,CUST_000542,400,ITEM_000045,COM                           ,COM03002                      ,COM03                         ,5,Trade          ,C                             ,CROM                                    ,NET_SALES                     ,Continuing,Accessories,5N2,A,J,NES,NextGen Electrical Solutions,NA                            ,SP_000019,NOR,Commercial & Industrial,64.12,39.98,2,0,AUD,,INV_001177,LINE_000014,20130518,ORD_001177,20130515,49:58.7
20130221,2013,8,2013,2,21,205,CUST_000355,500,ITEM_000055,LMP                           ,LMP05003                      ,LMP05                         ,5,Trade          ,C                             ,CROM                                    ,NET_SALES                     ,Discontinuing,Traditional,5S0,J,J,ZZ2       ,Independent Retailers Association,NA                            ,SP_000003,NOR,Commercial & Industrial,0.0,1.1346,3,0,AUD,,INV_001178,LINE_000014,20130221,ORD_001178,20130221,49:58.7
20130225,2013,8,2013,2,25,205,CUST_000543,200,ITEM_000058,LMP                           ,LMP05017                      ,LMP05                         ,7,Trade          ,C                             ,76,NET_SALES                     ,Discontinuing,Traditional,5N2,J,J,ZZ2       ,Independent Retailers Association,NA                            ,SP_000065,NOR,Commercial & Industrial,11.0,5.577,10,0,AUD,,INV_001179,LINE_000014,20130225,ORD_001179,20130222,49:58.7
20130227,2013,8,2013,2,27,205,CUST_000544,400,ITEM_000058,LMP                           ,LMP05017                      ,LMP05                         ,7,Trade          ,C                             ,76,NET_SALES                     ,Discontinuing,Traditional,5N2,J,J,MED,Metro Electrical Distributors,NA                            ,SP_000001,NOR,Commercial & Industrial,12.0,5.577,10,0,AUD,,INV_001180,LINE_000014,20130227,ORD_001180,20130226,49:58.7
20130204,2013,8,2013,2,4,205,CUST_000337,200,ITEM_000058,LMP                           ,LMP05017                      ,LMP05                         ,7,Trade          ,C                             ,76,NET_SALES                     ,Discontinuing,Traditional,5N2,J,J,ZZZ       ,General Suppliers Pty,NA                            ,SP_000017,NOR,Commercial & Industrial,10.8,5.577,10,0,AUD,,INV_001181,LINE_000014,20130204,ORD_001181,20130204,49:58.7
20130313,2013,9,2013,3,13,205,CUST_000545,200,ITEM_000058,LMP                           ,LMP05017                      ,LMP05                         ,7,Trade          ,C                             ,76,NET_SALES                     ,Discontinuing,Traditional,5N2,J,J,ZZ2       ,Independent Retailers Association,NA                            ,SP_000065,NOR,Commercial & Industrial,12.0,5.577,10,0,AUD,,INV_001182,LINE_000014,20130313,ORD_001182,20130312,49:58.7
20130110,2013,7,2013,1,10,205,CUST_000546,210,ITEM_000058,LMP                           ,LMP05017                      ,LMP05                         ,7,Trade          ,C                             ,76,NET_SALES                     ,Discontinuing,Traditional,5N2,J,J,ZZ2       ,Independent Retailers Association,NA                            ,SP_000017,NOR,Commercial & Industrial,25.5,13.9425,25,0,AUD,,INV_001183,LINE_000014,20130110,ORD_001183,20130109,49:58.7
20130503,2013,11,2013,5,3,205,CUST_000032,200,ITEM_000053,LMP                           ,LMP05025                      ,LMP05                         ,7,Trade          ,C                             ,219,NET_SALES                     ,Discontinuing,Traditional,5N2,C,J,MED,Metro Electrical Distributors,NA                            ,SP_000010,NOR,Commercial & Industrial,3.24,0.9722,2,0,AUD,,INV_001184,LINE_000014,20130503,ORD_001184,20130502,49:58.7
20130411,2013,10,2013,4,11,205,CUST_000288,500,ITEM_000053,LMP                           ,LMP05025                      ,LMP05                         ,7,Trade          ,C                             ,219,NET_SALES                     ,Discontinuing,Traditional,5N2,C,J,ZZ8       ,EndUser Solutions,NA                            ,SP_000059,NOR,Commercial & Industrial,4.13,1.4583,3,0,AUD,,INV_001185,LINE_000014,20130411,ORD_001185,20130411,49:58.7
20130605,2013,12,2013,6,5,205,CUST_000016,300,ITEM_000053,LMP                           ,LMP05025                      ,LMP05                         ,7,Trade          ,C                             ,219,NET_SALES                     ,Discontinuing,Traditional,5N2,C,J,BPS,BrightPower Solutions,NA                            ,SP_000008,NOR,Commercial & Industrial,9.72,2.9166,6,0,AUD,,INV_001186,LINE_000014,20130605,ORD_001186,20130605,49:58.7
20130412,2013,10,2013,4,12,205,CUST_000547,400,ITEM_000053,LMP                           ,LMP05025                      ,LMP05                         ,7,Trade          ,C                             ,219,NET_SALES                     ,Discontinuing,Traditional,5N2,C,J,ZZ1       ,Builders Supply Network,NA                            ,SP_000062,NOR,Commercial & Industrial,8.1,2.4305,5,0,AUD,,INV_001187,LINE_000014,20130412,ORD_001187,20130412,49:58.7
20130409,2013,10,2013,4,9,205,CUST_000442,400,ITEM_000053,LMP                           ,LMP05025                      ,LMP05                         ,7,Trade          ,C                             ,219,NET_SALES                     ,Discontinuing,Traditional,5Q0,D,J,ZZ2       ,Independent Retailers Association,NA                            ,SP_000040,NOR,Commercial & Industrial,1.62,0.4897,1,0,AUD,,INV_001188,LINE_000014,20130409,ORD_001188,20130408,49:58.7
20130205,2013,8,2013,2,5,205,CUST_000295,300,ITEM_000053,LMP                           ,LMP05025                      ,LMP05                         ,7,Trade          ,C                             ,219,NET_SALES                     ,Discontinuing,Traditional,5N2,C,J,ZZ2       ,Independent Retailers Association,NA                            ,SP_000053,NOR,Commercial & Industrial,6.48,1.9444,4,0,AUD,,INV_001189,LINE_000014,20130205,ORD_001189,20130205,49:58.7
20130122,2013,7,2013,1,22,205,CUST_000548,300,ITEM_000053,LMP                           ,LMP05025                      ,LMP05                         ,7,Trade          ,C                             ,219,NET_SALES                     ,Discontinuing,Traditional,5N2,C,J,ZZ2       ,Independent Retailers Association,NA                            ,SP_000033,NOR,Commercial & Industrial,5.83,1.9444,4,0,AUD,,INV_001190,LINE_000014,20130122,ORD_001190,20130121,49:58.7
20130607,2013,12,2013,6,7,205,CUST_000549,200,ITEM_000053,LMP                           ,LMP05025                      ,LMP05                         ,7,Trade          ,C                             ,219,NET_SALES                     ,Discontinuing,Traditional,5N2,C,J,MED,Metro Electrical Distributors,NA                            ,SP_000071,NOR,Commercial & Industrial,16.2,4.861,10,0,AUD,,INV_001191,LINE_000014,20130607,ORD_001191,20130606,49:58.7
20130108,2013,7,2013,1,8,205,CUST_000550,400,ITEM_000053,LMP                           ,LMP05025                      ,LMP05                         ,7,Trade          ,C                             ,219,NET_SALES                     ,Discontinuing,Traditional,5Q0,D,J,ZZ1       ,Builders Supply Network,NA                            ,SP_000015,NOR,Commercial & Industrial,4.86,1.4691,3,0,AUD,,INV_001192,LINE_000014,20130108,ORD_001192,20130108,49:58.7
20130327,2013,9,2013,3,27,205,CUST_000140,600,ITEM_000053,LMP                           ,LMP05025                      ,LMP05                         ,7,Trade          ,C                             ,219,NET_SALES                     ,Discontinuing,Traditional,5W0,D,J,AEG,Aussie Energy Group,NA                            ,SP_000031,NOR,Commercial & Industrial,7.0,2.4305,5,0,AUD,,INV_001193,LINE_000014,20130327,ORD_001193,20130307,49:58.7
20130306,2013,9,2013,3,6,205,CUST_000551,200,ITEM_000059,LMP                           ,LMP04006                      ,LMP04                         ,7,Trade          ,C                             ,78,NET_SALES                     ,Discontinuing,Traditional,5N2,C,J,NES,NextGen Electrical Solutions,NA                            ,SP_000007,NOR,Commercial & Industrial,5.7,2.598,10,0,AUD,,INV_001194,LINE_000014,20130306,ORD_001194,20130305,49:58.7
20130515,2013,11,2013,5,15,205,CUST_000300,710,ITEM_000059,LMP                           ,LMP04006                      ,LMP04                         ,7,Trade          ,C                             ,78,NET_SALES                     ,Discontinuing,Traditional,5N2,C,J,ZZ1       ,Builders Supply Network,NA                            ,SP_000058,NOR,Commercial & Industrial,204.0,100.0,400,0,AUD,,INV_001195,LINE_000014,20130515,ORD_001195,20130515,49:58.7
20130130,2013,7,2013,1,30,205,CUST_000552,200,ITEM_000059,LMP                           ,LMP04006                      ,LMP04                         ,7,Trade          ,C                             ,78,NET_SALES                     ,Discontinuing,Traditional,5N2,C,J,NES,NextGen Electrical Solutions,NA                            ,SP_000007,NOR,Commercial & Industrial,11.4,5.196,20,0,AUD,,INV_001196,LINE_000014,20130130,ORD_001196,20130129,49:58.7
20130130,2013,7,2013,1,30,205,CUST_000521,200,ITEM_000059,LMP                           ,LMP04006                      ,LMP04                         ,7,Trade          ,C                             ,78,NET_SALES                     ,Discontinuing,Traditional,5N2,C,J,ZZ3       ,ProLighting Specialists,NA                            ,SP_000062,NOR,Commercial & Industrial,51.3,25.98,100,0,AUD,,INV_001197,LINE_000014,20130130,ORD_001197,20130130,49:58.7
20130306,2013,9,2013,3,6,205,CUST_000384,200,ITEM_000059,LMP                           ,LMP04006                      ,LMP04                         ,7,Trade          ,C                             ,78,NET_SALES                     ,Discontinuing,Traditional,5N2,C,J,ZZ1       ,Builders Supply Network,NA                            ,SP_000045,NOR,Commercial & Industrial,11.4,5.196,20,0,AUD,,INV_001198,LINE_000014,20130306,ORD_001198,20130304,49:58.7
20130312,2013,9,2013,3,12,205,CUST_000096,200,ITEM_000059,LMP                           ,LMP04006                      ,LMP04                         ,7,Trade          ,C                             ,78,NET_SALES                     ,Discontinuing,Traditional,5N2,C,J,MED,Metro Electrical Distributors,NA                            ,SP_000007,NOR,Commercial & Industrial,5.7,2.598,10,0,AUD,,INV_001199,LINE_000014,20130312,ORD_001199,20130312,49:58.7
20130322,2013,9,2013,3,22,205,CUST_000530,200,ITEM_000052,LMP                           ,LMP05002                      ,LMP05                         ,7,Trade          ,C                             ,76,NET_SALES                     ,Discontinuing,Traditional,5N2,G,J,ZZ1       ,Builders Supply Network,NA                            ,SP_000058,NOR,Commercial & Industrial,3.44,1.5016,4,0,AUD,,INV_001200,LINE_000014,20130322,ORD_001200,20130320,49:58.7
20130408,2013,10,2013,4,8,205,CUST_000528,200,ITEM_000052,LMP                           ,LMP05002                      ,LMP05                         ,7,Trade          ,C                             ,76,NET_SALES                     ,Discontinuing,Traditional,5N2,G,J,ZZ1       ,Builders Supply Network,NA                            ,SP_000058,NOR,Commercial & Industrial,12.9,5.631,15,0,AUD,,INV_001201,LINE_000014,20130408,ORD_001201,20130405,49:58.7
20130124,2013,7,2013,1,24,205,CUST_000553,200,ITEM_000052,LMP                           ,LMP05002                      ,LMP05                         ,7,Trade          ,C                             ,76,NET_SALES                     ,Discontinuing,Traditional,5N2,G,J,ZZ1       ,Builders Supply Network,NA                            ,SP_000058,NOR,Commercial & Industrial,0.86,0.4241,1,0,AUD,,INV_001202,LINE_000014,20130124,ORD_001202,20130123,49:58.7
20130613,2013,12,2013,6,13,205,CUST_000554,200,ITEM_000052,LMP                           ,LMP05002                      ,LMP05                         ,7,Trade          ,C                             ,76,NET_SALES                     ,Discontinuing,Traditional,5N2,G,J,ZZ1       ,Builders Supply Network,NA                            ,SP_000058,NOR,Commercial & Industrial,5.16,2.2734,6,0,AUD,,INV_001203,LINE_000014,20130613,ORD_001203,20130612,49:58.7
20130318,2013,9,2013,3,18,205,CUST_000555,200,ITEM_000052,LMP                           ,LMP05002                      ,LMP05                         ,7,Trade          ,C                             ,76,NET_SALES                     ,Discontinuing,Traditional,5N2,G,J,ZZ1       ,Builders Supply Network,NA                            ,SP_000058,NOR,Commercial & Industrial,5.16,2.2524,6,0,AUD,,INV_001204,LINE_000014,20130318,ORD_001204,20130315,49:58.7
20130327,2013,9,2013,3,27,205,CUST_000306,200,ITEM_000044,LMP                           ,LMP05017                      ,LMP05                         ,7,Trade          ,C                             ,76,NET_SALES                     ,Discontinuing,Traditional,5N2,J,J,ZZ1       ,Builders Supply Network,NA                            ,SP_000048,NOR,Commercial & Industrial,32.4,8.73,20,0,AUD,,INV_001205,LINE_000014,20130327,ORD_001205,20130326,49:58.7
20130502,2013,11,2013,5,2,205,CUST_000200,400,ITEM_000044,LMP                           ,LMP05017                      ,LMP05                         ,7,Trade          ,C                             ,76,NET_SALES                     ,Discontinuing,Traditional,5Q0,J,J,NES,NextGen Electrical Solutions,NA                            ,SP_000041,NOR,Commercial & Industrial,3.24,0.9244,2,0,AUD,,INV_001206,LINE_000014,20130502,ORD_001206,20130502,49:58.7
20130520,2013,11,2013,5,20,205,CUST_000556,400,ITEM_000044,LMP                           ,LMP05017                      ,LMP05                         ,7,Trade          ,C                             ,76,NET_SALES                     ,Discontinuing,Traditional,5N2,J,J,NES,NextGen Electrical Solutions,NA                            ,SP_000006,NOR,Commercial & Industrial,16.2,4.365,10,0,AUD,,INV_001207,LINE_000014,20130520,ORD_001207,20130517,49:58.7
20130108,2013,7,2013,1,8,205,CUST_000557,400,ITEM_000044,LMP                           ,LMP05017                      ,LMP05                         ,7,Trade          ,C                             ,76,NET_SALES                     ,Discontinuing,Traditional,5N2,J,J,MED,Metro Electrical Distributors,NA                            ,SP_000019,NOR,Commercial & Industrial,16.2,4.622,10,0,AUD,,INV_001208,LINE_000014,20130108,ORD_001208,20130108,49:58.7
20130510,2013,11,2013,5,10,205,CUST_000218,400,ITEM_000044,LMP                           ,LMP05017                      ,LMP05                         ,7,Trade          ,C                             ,76,NET_SALES                     ,Discontinuing,Traditional,5N2,J,J,ELC,ElectraCorp Ltd,NA                            ,SP_000018,NOR,Commercial & Industrial,6.48,1.746,4,0,AUD,,INV_001209,LINE_000014,20130510,ORD_001209,20130510,49:58.7
20130527,2013,11,2013,5,27,205,CUST_000558,500,ITEM_000045,COM                           ,COM03002                      ,COM03                         ,5,Trade          ,C                             ,CROM                                    ,NET_SALES                     ,Continuing,Accessories,5N2,A,J,NES,NextGen Electrical Solutions,NA                            ,SP_000047,NOR,Commercial & Industrial,64.12,37.7794,2,0,AUD,,INV_001210,LINE_000014,20130527,ORD_001210,20130516,49:58.7
20130527,2013,11,2013,5,27,205,CUST_000559,300,ITEM_000045,COM                           ,COM03002                      ,COM03                         ,5,Trade          ,C                             ,CROM                                    ,NET_SALES                     ,Continuing,Accessories,5N2,A,J,NES,NextGen Electrical Solutions,NA                            ,SP_000008,NOR,Commercial & Industrial,64.12,37.7794,2,0,AUD,,INV_001211,LINE_000014,20130527,ORD_001211,20130517,49:58.7
20130527,2013,11,2013,5,27,205,CUST_000560,300,ITEM_000045,COM                           ,COM03002                      ,COM03                         ,5,Trade          ,C                             ,CROM                                    ,NET_SALES                     ,Continuing,Accessories,5N2,A,J,NES,NextGen Electrical Solutions,NA                            ,SP_000005,NOR,Commercial & Industrial,64.12,37.7794,2,0,AUD,,INV_001212,LINE_000014,20130527,ORD_001212,20130517,49:58.7
20130108,2013,7,2013,1,8,205,CUST_000105,400,ITEM_000045,COM                           ,COM03002                      ,COM03                         ,5,Trade          ,C                             ,CROM                                    ,NET_SALES                     ,Continuing,Accessories,5Q0,D,J,MED,Metro Electrical Distributors,NA                            ,SP_000020,NOR,Commercial & Industrial,540.0,319.84,16,0,AUD,,INV_001213,LINE_000014,20130108,ORD_001213,20130108,49:58.7
20130503,2013,11,2013,5,3,205,CUST_000561,600,ITEM_000045,COM                           ,COM03002                      ,COM03                         ,5,Trade          ,C                             ,CROM                                    ,NET_SALES                     ,Continuing,Accessories,5W0,D,J,MED,Metro Electrical Distributors,NA                            ,SP_000024,CRR,Commercial & Industrial,-33.75,-19.99,-1,0,AUD,,INV_001214,LINE_000014,20130503,ORD_001214,20130503,49:58.7
20130527,2013,11,2013,5,27,205,CUST_000562,300,ITEM_000045,COM                           ,COM03002                      ,COM03                         ,5,Trade          ,C                             ,CROM                                    ,NET_SALES                     ,Continuing,Accessories,5N2,A,J,NES,NextGen Electrical Solutions,NA                            ,SP_000076,NOR,Commercial & Industrial,160.3,94.4485,5,0,AUD,,INV_001215,LINE_000014,20130527,ORD_001215,20130516,49:58.7
20130306,2013,9,2013,3,6,205,CUST_000490,500,ITEM_000058,LMP                           ,LMP05017                      ,LMP05                         ,7,Trade          ,C                             ,76,NET_SALES                     ,Discontinuing,Traditional,5S0,J,J,ZZ2       ,Independent Retailers Association,NA                            ,SP_000003,NOR,Commercial & Industrial,6.0,2.754,5,0,AUD,,INV_001216,LINE_000014,20130306,ORD_001216,20130306,49:58.7
20130612,2013,12,2013,6,12,205,CUST_000490,500,ITEM_000058,LMP                           ,LMP05017                      ,LMP05                         ,7,Trade          ,C                             ,76,NET_SALES                     ,Discontinuing,Traditional,5S0,J,J,ZZ2       ,Independent Retailers Association,NA                            ,SP_000003,NOR,Commercial & Industrial,6.0,2.503,5,0,AUD,,INV_001217,LINE_000014,20130612,ORD_001217,20130603,49:58.7
20130429,2013,10,2013,4,29,205,CUST_000239,500,ITEM_000058,LMP                           ,LMP05017                      ,LMP05                         ,7,Trade          ,C                             ,76,NET_SALES                     ,Discontinuing,Traditional,5S0,J,J,ZZ2       ,Independent Retailers Association,NA                            ,SP_000046,NOR,Commercial & Industrial,12.0,5.508,10,0,AUD,,INV_001218,LINE_000014,20130429,ORD_001218,20130429,49:58.7
20130515,2013,11,2013,5,15,205,CUST_000459,500,ITEM_000058,LMP                           ,LMP05017                      ,LMP05                         ,7,Trade          ,C                             ,76,NET_SALES                     ,Discontinuing,Traditional,5S0,J,J,ZZ2       ,Independent Retailers Association,NA                            ,SP_000046,NOR,Commercial & Industrial,10.8,5.237,10,0,AUD,,INV_001219,LINE_000014,20130515,ORD_001219,20130515,49:58.7
20130603,2013,12,2013,6,3,205,CUST_000563,300,ITEM_000058,LMP                           ,LMP05017                      ,LMP05                         ,7,Trade          ,C                             ,76,NET_SALES                     ,Discontinuing,Traditional,5N2,J,J,ZZ2       ,Independent Retailers Association,NA                            ,SP_000033,NOR,Commercial & Industrial,7.2,2.9856,6,0,AUD,,INV_001220,LINE_000014,20130603,ORD_001220,20130603,49:58.7
20130606,2013,12,2013,6,6,205,CUST_000246,500,ITEM_000058,LMP                           ,LMP05017                      ,LMP05                         ,7,Trade          ,C                             ,76,NET_SALES                     ,Discontinuing,Traditional,5S0,J,J,ZZ2       ,Independent Retailers Association,NA                            ,SP_000049,NOR,Commercial & Industrial,12.0,5.006,10,0,AUD,,INV_001069,LINE_000014,20130606,ORD_001069,20130606,49:58.7
20130208,2013,8,2013,2,8,205,CUST_000246,500,ITEM_000058,LMP                           ,LMP05017                      ,LMP05                         ,7,Trade          ,C                             ,76,NET_SALES                     ,Discontinuing,Traditional,5S0,J,J,ZZ2       ,Independent Retailers Association,NA                            ,SP_000049,NOR,Commercial & Industrial,12.0,5.508,10,0,AUD,,INV_001221,LINE_000014,20130208,ORD_001221,20130207,49:58.7
20130430,2013,10,2013,4,30,205,CUST_000352,400,ITEM_000059,LMP                           ,LMP04006                      ,LMP04                         ,7,Trade          ,C                             ,78,NET_SALES                     ,Discontinuing,Traditional,5Q0,D,J,NES,NextGen Electrical Solutions,NA                            ,SP_000020,CRD,Commercial & Industrial,-0.57,0.0,0,1,AUD,,INV_001222,LINE_000014,20130430,ORD_001222,20130430,49:58.7
20130416,2013,10,2013,4,16,205,CUST_000497,310,ITEM_000059,LMP                           ,LMP04006                      ,LMP04                         ,7,Trade          ,C                             ,78,NET_SALES                     ,Discontinuing,Traditional,5T0,J,J,ZZ1       ,Builders Supply Network,NA                            ,SP_000033,CRD,Commercial & Industrial,-1.1,0.0,0,1,AUD,,INV_001223,LINE_000014,20130416,ORD_001223,20130416,49:58.7
20130304,2013,9,2013,3,4,205,CUST_000564,400,ITEM_000059,LMP                           ,LMP04006                      ,LMP04                         ,7,Trade          ,C                             ,78,NET_SALES                     ,Discontinuing,Traditional,5Q0,D,J,ELC,ElectraCorp Ltd,NA                            ,SP_000019,NOR,Commercial & Industrial,5.7,2.524,10,0,AUD,,INV_001224,LINE_000014,20130304,ORD_001224,20130301,49:58.7
20130509,2013,11,2013,5,9,205,CUST_000565,400,ITEM_000059,LMP                           ,LMP04006                      ,LMP04                         ,7,Trade          ,C                             ,78,NET_SALES                     ,Discontinuing,Traditional,5N2,C,J,MED,Metro Electrical Distributors,NA                            ,SP_000040,NOR,Commercial & Industrial,5.7,2.5,10,0,AUD,,INV_001225,LINE_000014,20130509,ORD_001225,20130509,49:58.7
20130315,2013,9,2013,3,15,205,CUST_000566,400,ITEM_000059,LMP                           ,LMP04006                      ,LMP04                         ,7,Trade          ,C                             ,78,NET_SALES                     ,Discontinuing,Traditional,5N2,C,J,MED,Metro Electrical Distributors,NA                            ,SP_000006,NOR,Commercial & Industrial,5.7,2.598,10,0,AUD,,INV_001226,LINE_000014,20130315,ORD_001226,20130314,49:58.7
20130328,2013,9,2013,3,28,205,CUST_000565,400,ITEM_000059,LMP                           ,LMP04006                      ,LMP04                         ,7,Trade          ,C                             ,78,NET_SALES                     ,Discontinuing,Traditional,5N2,C,J,MED,Metro Electrical Distributors,NA                            ,SP_000040,NOR,Commercial & Industrial,0.57,0.2598,1,0,AUD,,INV_001227,LINE_000014,20130328,ORD_001227,20130327,49:58.7
20130416,2013,10,2013,4,16,205,CUST_000567,200,ITEM_000059,LMP                           ,LMP04006                      ,LMP04                         ,7,Trade          ,C                             ,78,NET_SALES                     ,Discontinuing,Traditional,5N2,C,J,ELC,ElectraCorp Ltd,NA                            ,SP_000007,NOR,Commercial & Industrial,5.7,2.598,10,0,AUD,,INV_001228,LINE_000014,20130416,ORD_001228,20130415,49:58.7
20130509,2013,11,2013,5,9,205,CUST_000568,300,ITEM_000059,LMP                           ,LMP04006                      ,LMP04                         ,7,Trade          ,C                             ,78,NET_SALES                     ,Discontinuing,Traditional,5N2,C,J,BPS,BrightPower Solutions,NA                            ,SP_000008,NOR,Commercial & Industrial,5.13,2.25,9,0,AUD,,INV_001229,LINE_000014,20130509,ORD_001229,20130509,49:58.7
20130516,2013,11,2013,5,16,205,CUST_000568,300,ITEM_000059,LMP                           ,LMP04006                      ,LMP04                         ,7,Trade          ,C                             ,78,NET_SALES                     ,Discontinuing,Traditional,5N2,C,J,BPS,BrightPower Solutions,NA                            ,SP_000008,NOR,Commercial & Industrial,11.4,5.0,20,0,AUD,,INV_001230,LINE_000014,20130516,ORD_001230,20130516,49:58.7
20130523,2013,11,2013,5,23,205,CUST_000342,400,ITEM_000059,LMP                           ,LMP04006                      ,LMP04                         ,7,Trade          ,C                             ,78,NET_SALES                     ,Discontinuing,Traditional,5Q0,D,J,ZZ1       ,Builders Supply Network,NA                            ,SP_000040,NOR,Commercial & Industrial,11.4,5.18,20,0,AUD,,INV_000846,LINE_000014,20130523,ORD_000846,20130523,49:58.7
20130213,2013,8,2013,2,13,205,CUST_000442,400,ITEM_000059,LMP                           ,LMP04006                      ,LMP04                         ,7,Trade          ,C                             ,78,NET_SALES                     ,Discontinuing,Traditional,5Q0,D,J,ZZ2       ,Independent Retailers Association,NA                            ,SP_000040,NOR,Commercial & Industrial,5.7,2.524,10,0,AUD,,INV_001231,LINE_000014,20130213,ORD_001231,20130213,49:58.7
20130501,2013,11,2013,5,1,205,CUST_000569,300,ITEM_000059,LMP                           ,LMP04006                      ,LMP04                         ,7,Trade          ,C                             ,78,NET_SALES                     ,Discontinuing,Traditional,5N2,C,J,ZZ2       ,Independent Retailers Association,NA                            ,SP_000033,NOR,Commercial & Industrial,20.52,10.0,40,0,AUD,,INV_001232,LINE_000014,20130501,ORD_001232,20130430,49:58.7
20130514,2013,11,2013,5,14,205,CUST_000570,400,ITEM_000059,LMP                           ,LMP04006                      ,LMP04                         ,7,Trade          ,C                             ,78,NET_SALES                     ,Discontinuing,Traditional,5N2,C,J,ZZ1       ,Builders Supply Network,NA                            ,SP_000006,NOR,Commercial & Industrial,5.7,2.5,10,0,AUD,,INV_001233,LINE_000014,20130514,ORD_001233,20130514,49:58.7
20130326,2013,9,2013,3,26,205,CUST_000571,300,ITEM_000059,LMP                           ,LMP04006                      ,LMP04                         ,7,Trade          ,C                             ,78,NET_SALES                     ,Discontinuing,Traditional,5N2,C,J,AEG,Aussie Energy Group,NA                            ,SP_000008,NOR,Commercial & Industrial,5.7,2.598,10,0,AUD,,INV_001234,LINE_000014,20130326,ORD_001234,20130325,49:58.7
20130613,2013,12,2013,6,13,205,CUST_000572,200,ITEM_000059,LMP                           ,LMP04006                      ,LMP04                         ,7,Trade          ,C                             ,78,NET_SALES                     ,Discontinuing,Traditional,5N2,C,J,ZZ1       ,Builders Supply Network,NA                            ,SP_000077,NOR,Commercial & Industrial,5.7,2.5,10,0,AUD,,INV_001235,LINE_000014,20130613,ORD_001235,20130612,49:58.7
20130604,2013,12,2013,6,4,205,CUST_000555,200,ITEM_000052,LMP                           ,LMP05002                      ,LMP05                         ,7,Trade          ,C                             ,76,NET_SALES                     ,Discontinuing,Traditional,5N2,G,J,ZZ1       ,Builders Supply Network,NA                            ,SP_000058,CRR,Commercial & Industrial,-0.86,-0.3789,-1,0,AUD,,INV_001236,LINE_000014,20130604,ORD_001236,20130604,49:58.7
20130111,2013,7,2013,1,11,205,CUST_000573,600,ITEM_000052,LMP                           ,LMP05002                      ,LMP05                         ,7,Trade          ,C                             ,76,NET_SALES                     ,Discontinuing,Traditional,5W0,D,J,ZZ1       ,Builders Supply Network,NA                            ,SP_000056,NOR,Commercial & Industrial,4.3,2.1205,5,0,AUD,,INV_001237,LINE_000014,20130111,ORD_001237,20130103,49:58.7
20130313,2013,9,2013,3,13,205,CUST_000573,600,ITEM_000052,LMP                           ,LMP05002                      ,LMP05                         ,7,Trade          ,C                             ,76,NET_SALES                     ,Discontinuing,Traditional,5W0,D,J,ZZ1       ,Builders Supply Network,NA                            ,SP_000056,NOR,Commercial & Industrial,6.88,3.3928,8,0,AUD,,INV_001238,LINE_000014,20130313,ORD_001238,20130312,49:58.7
20130430,2013,10,2013,4,30,205,CUST_000573,600,ITEM_000052,LMP                           ,LMP05002                      ,LMP05                         ,7,Trade          ,C                             ,76,NET_SALES                     ,Discontinuing,Traditional,5W0,D,J,ZZ1       ,Builders Supply Network,NA                            ,SP_000056,NOR,Commercial & Industrial,4.3,1.877,5,0,AUD,,INV_001239,LINE_000014,20130430,ORD_001239,20130429,49:58.7
20130114,2013,7,2013,1,14,205,CUST_000574,200,ITEM_000052,LMP                           ,LMP05002                      ,LMP05                         ,7,Trade          ,C                             ,76,NET_SALES                     ,Discontinuing,Traditional,5N2,G,J,ZZ1       ,Builders Supply Network,NA                            ,SP_000058,NOR,Commercial & Industrial,4.3,2.1205,5,0,AUD,,INV_001240,LINE_000014,20130114,ORD_001240,20130111,49:58.7
20130306,2013,9,2013,3,6,205,CUST_000442,400,ITEM_000052,LMP                           ,LMP05002                      ,LMP05                         ,7,Trade          ,C                             ,76,NET_SALES                     ,Discontinuing,Traditional,5N2,G,J,ZZ2       ,Independent Retailers Association,NA                            ,SP_000040,NOR,Commercial & Industrial,3.12,1.1262,3,0,AUD,,INV_001241,LINE_000014,20130306,ORD_001241,20130305,49:58.7
20130531,2013,11,2013,5,31,205,CUST_000575,500,ITEM_000045,COM                           ,COM03002                      ,COM03                         ,5,Trade          ,C                             ,CROM                                    ,NET_SALES                     ,Continuing,Accessories,5N2,A,J,NES,NextGen Electrical Solutions,NA                            ,SP_000003,NOR,Commercial & Industrial,64.12,37.7794,2,0,AUD,,INV_001242,LINE_000014,20130531,ORD_001242,20130530,49:58.7
20130529,2013,11,2013,5,29,205,CUST_000576,200,ITEM_000045,COM                           ,COM03002                      ,COM03                         ,5,Trade          ,C                             ,CROM                                    ,NET_SALES                     ,Continuing,Accessories,5N2,A,J,NES,NextGen Electrical Solutions,NA                            ,SP_000007,NOR,Commercial & Industrial,64.12,37.7794,2,0,AUD,,INV_001243,LINE_000014,20130529,ORD_001243,20130522,49:58.7
20130522,2013,11,2013,5,22,205,CUST_000577,400,ITEM_000045,COM                           ,COM03002                      ,COM03                         ,5,Trade          ,C                             ,CROM                                    ,NET_SALES                     ,Continuing,Accessories,5N2,A,J,NES,NextGen Electrical Solutions,NA                            ,SP_000020,NOR,Commercial & Industrial,64.12,37.7794,2,0,AUD,,INV_001244,LINE_000014,20130522,ORD_001244,20130507,49:58.7
20130527,2013,11,2013,5,27,205,CUST_000578,600,ITEM_000045,COM                           ,COM03002                      ,COM03                         ,5,Trade          ,C                             ,CROM                                    ,NET_SALES                     ,Continuing,Accessories,5N2,A,J,NES,NextGen Electrical Solutions,NA                            ,SP_000032,NOR,Commercial & Industrial,64.12,37.7794,2,0,AUD,,INV_001245,LINE_000014,20130527,ORD_001245,20130513,49:58.7
20130404,2013,10,2013,4,4,205,CUST_000394,200,ITEM_000045,COM                           ,COM03002                      ,COM03                         ,5,Trade          ,C                             ,CROM                                    ,NET_SALES                     ,Continuing,Accessories,5N2,A,J,MED,Metro Electrical Distributors,NA                            ,SP_000011,NOR,Commercial & Industrial,101.25,59.97,3,0,AUD,,INV_001246,LINE_000014,20130404,ORD_001246,20130403,49:58.7
20130529,2013,11,2013,5,29,205,CUST_000579,210,ITEM_000045,COM                           ,COM03002                      ,COM03                         ,5,Trade          ,C                             ,CROM                                    ,NET_SALES                     ,Continuing,Accessories,5N2,A,J,NES,NextGen Electrical Solutions,NA                            ,SP_000021,NOR,Commercial & Industrial,64.12,37.7794,2,0,AUD,,INV_001247,LINE_000014,20130529,ORD_001247,20130524,49:58.7
20130410,2013,10,2013,4,10,205,CUST_000580,500,ITEM_000058,LMP                           ,LMP05017                      ,LMP05                         ,7,Trade          ,C                             ,76,NET_SALES                     ,Discontinuing,Traditional,5S0,J,J,ZZ2       ,Independent Retailers Association,NA                            ,SP_000053,NOR,Commercial & Industrial,30.0,13.77,25,0,AUD,,INV_001248,LINE_000014,20130410,ORD_001248,20130410,49:58.7
20130403,2013,10,2013,4,3,205,CUST_000546,210,ITEM_000058,LMP                           ,LMP05017                      ,LMP05                         ,7,Trade          ,C                             ,76,NET_SALES                     ,Discontinuing,Traditional,5N2,J,J,ZZ2       ,Independent Retailers Association,NA                            ,SP_000017,NOR,Commercial & Industrial,51.0,27.885,50,0,AUD,,INV_001249,LINE_000014,20130403,ORD_001249,20130402,49:58.7
20130404,2013,10,2013,4,4,205,CUST_000416,210,ITEM_000058,LMP                           ,LMP05017                      ,LMP05                         ,7,Trade          ,C                             ,76,NET_SALES                     ,Discontinuing,Traditional,5N2,J,J,AEG,Aussie Energy Group,NA                            ,SP_000012,NOR,Commercial & Industrial,7.2,3.3462,6,0,AUD,,INV_001250,LINE_000014,20130404,ORD_001250,20130403,49:58.7
20130604,2013,12,2013,6,4,205,CUST_000581,400,ITEM_000058,LMP                           ,LMP05017                      ,LMP05                         ,7,Trade          ,C                             ,76,NET_SALES                     ,Discontinuing,Traditional,5N2,J,J,ZZ1       ,Builders Supply Network,NA                            ,SP_000067,NOR,Commercial & Industrial,30.0,12.44,25,0,AUD,,INV_001251,LINE_000014,20130604,ORD_001251,20130603,49:58.7
20130313,2013,9,2013,3,13,205,CUST_000582,300,ITEM_000058,LMP                           ,LMP05017                      ,LMP05                         ,7,Trade          ,C                             ,76,NET_SALES                     ,Discontinuing,Traditional,5N2,J,J,ZZ3       ,ProLighting Specialists,NA                            ,SP_000058,NOR,Commercial & Industrial,10.8,5.577,10,0,AUD,,INV_001252,LINE_000014,20130313,ORD_001252,20130313,49:58.7
20130225,2013,8,2013,2,25,205,CUST_000583,600,ITEM_000058,LMP                           ,LMP05017                      ,LMP05                         ,7,Trade          ,C                             ,76,NET_SALES                     ,Discontinuing,Traditional,5W0,J,J,ZZ1       ,Builders Supply Network,NA                            ,SP_000063,NOR,Commercial & Industrial,12.0,5.559,10,0,AUD,,INV_001253,LINE_000014,20130225,ORD_001253,20130206,49:58.7
20130416,2013,10,2013,4,16,205,CUST_000584,300,ITEM_000058,LMP                           ,LMP05017                      ,LMP05                         ,7,Trade          ,C                             ,76,NET_SALES                     ,Discontinuing,Traditional,5V0,J,J,MED,Metro Electrical Distributors,NA                            ,SP_000004,CRR,Commercial & Industrial,-12.0,-5.223,-10,0,AUD,,INV_001254,LINE_000014,20130416,ORD_001254,20130416,49:58.7
20130311,2013,9,2013,3,11,205,CUST_000402,400,ITEM_000058,LMP                           ,LMP05017                      ,LMP05                         ,7,Trade          ,C                             ,76,NET_SALES                     ,Discontinuing,Traditional,5N2,J,J,ZZ1       ,Builders Supply Network,NA                            ,SP_000040,NOR,Commercial & Industrial,12.0,5.577,10,0,AUD,,INV_001255,LINE_000014,20130311,ORD_001255,20130311,49:58.7
20130108,2013,7,2013,1,8,205,CUST_000459,500,ITEM_000058,LMP                           ,LMP05017                      ,LMP05                         ,7,Trade          ,C                             ,76,NET_SALES                     ,Discontinuing,Traditional,5S0,J,J,ZZ2       ,Independent Retailers Association,NA                            ,SP_000046,NOR,Commercial & Industrial,5.4,2.754,5,0,AUD,,INV_001256,LINE_000014,20130108,ORD_001256,20130107,49:58.7
20130523,2013,11,2013,5,23,205,CUST_000453,300,ITEM_000056,LMP                           ,LMP05017                      ,LMP05                         ,7,Trade          ,C                             ,76,NET_SALES                     ,Discontinuing,Traditional,5N2,J,J,ZZ8       ,EndUser Solutions,NA                            ,SP_000004,NOR,Commercial & Industrial,11.05,5.272,10,0,AUD,,INV_001257,LINE_000014,20130523,ORD_001257,20130523,49:58.7
20130522,2013,11,2013,5,22,205,CUST_000285,200,ITEM_000056,LMP                           ,LMP05017                      ,LMP05                         ,7,Trade          ,C                             ,76,NET_SALES                     ,Discontinuing,Traditional,5N2,J,J,ZZ2       ,Independent Retailers Association,NA                            ,SP_000009,NOR,Commercial & Industrial,5.2,2.1088,4,0,AUD,,INV_001258,LINE_000014,20130522,ORD_001258,20130522,49:58.7
20130507,2013,11,2013,5,7,205,CUST_000585,400,ITEM_000056,LMP                           ,LMP05017                      ,LMP05                         ,7,Trade          ,C                             ,76,NET_SALES                     ,Discontinuing,Traditional,5N2,J,J,ZZ1       ,Builders Supply Network,NA                            ,SP_000006,NOR,Commercial & Industrial,25.0,10.544,20,0,AUD,,INV_001259,LINE_000014,20130507,ORD_001259,20130507,49:58.7
20130404,2013,10,2013,4,4,205,CUST_000585,400,ITEM_000056,LMP                           ,LMP05017                      ,LMP05                         ,7,Trade          ,C                             ,76,NET_SALES                     ,Discontinuing,Traditional,5N2,J,J,ZZ1       ,Builders Supply Network,NA                            ,SP_000006,NOR,Commercial & Industrial,12.5,5.272,10,0,AUD,,INV_001260,LINE_000014,20130404,ORD_001260,20130403,49:58.7
20130626,2013,12,2013,6,26,205,CUST_000585,400,ITEM_000056,LMP                           ,LMP05017                      ,LMP05                         ,7,Trade          ,C                             ,76,NET_SALES                     ,Discontinuing,Traditional,5N2,J,J,ZZ1       ,Builders Supply Network,NA                            ,SP_000006,NOR,Commercial & Industrial,12.5,5.272,10,0,AUD,,INV_001261,LINE_000014,20130626,ORD_001261,20130625,49:58.7
20130107,2013,7,2013,1,7,205,CUST_000542,400,ITEM_000056,LMP                           ,LMP05017                      ,LMP05                         ,7,Trade          ,C                             ,76,NET_SALES                     ,Discontinuing,Traditional,5N2,J,J,NES,NextGen Electrical Solutions,NA                            ,SP_000019,NOR,Commercial & Industrial,3.9,1.5816,3,0,AUD,,INV_001262,LINE_000014,20130107,ORD_001262,20130107,49:58.7
20130411,2013,10,2013,4,11,205,CUST_000235,500,ITEM_000056,LMP                           ,LMP05017                      ,LMP05                         ,7,Trade          ,C                             ,76,NET_SALES                     ,Discontinuing,Traditional,5S0,J,J,ZZ8       ,EndUser Solutions,NA                            ,SP_000046,NOR,Commercial & Industrial,4.0,2.1076,4,0,AUD,,INV_001166,LINE_000014,20130411,ORD_001166,20130411,49:58.7
20130614,2013,12,2013,6,14,205,CUST_000174,300,ITEM_000056,LMP                           ,LMP05017                      ,LMP05                         ,7,Trade          ,C                             ,76,NET_SALES                     ,Discontinuing,Traditional,5N2,J,J,AEG,Aussie Energy Group,NA                            ,SP_000008,NOR,Commercial & Industrial,13.0,5.272,10,0,AUD,,INV_001263,LINE_000014,20130614,ORD_001263,20130613,49:58.7
20130404,2013,10,2013,4,4,205,CUST_000235,500,ITEM_000044,LMP                           ,LMP05017                      ,LMP05                         ,7,Trade          ,C                             ,76,NET_SALES                     ,Discontinuing,Traditional,5S0,J,J,ZZ8       ,EndUser Solutions,NA                            ,SP_000046,NOR,Commercial & Industrial,6.88,2.196,5,0,AUD,,INV_001264,LINE_000014,20130404,ORD_001264,20130404,49:58.7
20130518,2013,11,2013,5,18,205,CUST_000586,710,ITEM_000044,LMP                           ,LMP05017                      ,LMP05                         ,7,Trade          ,C                             ,76,NET_SALES                     ,Discontinuing,Traditional,5N2,J,J,ZZ2       ,Independent Retailers Association,NA                            ,SP_000045,EXP,Commercial & Industrial,55.8,13.095,30,0,AUD,,INV_001265,LINE_000014,20130518,ORD_001265,20130426,49:58.7
20130611,2013,12,2013,6,11,205,CUST_000587,400,ITEM_000044,LMP                           ,LMP05017                      ,LMP05                         ,7,Trade          ,C                             ,76,NET_SALES                     ,Discontinuing,Traditional,5N2,J,J,NES,NextGen Electrical Solutions,NA                            ,SP_000015,NOR,Commercial & Industrial,32.4,8.73,20,0,AUD,,INV_001266,LINE_000014,20130611,ORD_001266,20130611,49:58.7
20130530,2013,11,2013,5,30,205,CUST_000235,500,ITEM_000044,LMP                           ,LMP05017                      ,LMP05                         ,7,Trade          ,C                             ,76,NET_SALES                     ,Discontinuing,Traditional,5S0,J,J,ZZ8       ,EndUser Solutions,NA                            ,SP_000046,NOR,Commercial & Industrial,2.75,0.8784,2,0,AUD,,INV_001267,LINE_000014,20130530,ORD_001267,20130529,49:58.7
20130617,2013,12,2013,6,17,205,CUST_000588,400,ITEM_000044,LMP                           ,LMP05017                      ,LMP05                         ,7,Trade          ,C                             ,76,NET_SALES                     ,Discontinuing,Traditional,5N2,J,J,ZZ2       ,Independent Retailers Association,NA                            ,SP_000067,NOR,Commercial & Industrial,16.2,4.365,10,0,AUD,,INV_001268,LINE_000014,20130617,ORD_001268,20130614,49:58.7
20130509,2013,11,2013,5,9,205,CUST_000589,600,ITEM_000052,LMP                           ,LMP05002                      ,LMP05                         ,7,Trade          ,C                             ,76,NET_SALES                     ,Discontinuing,Traditional,5W0,D,J,ZZ3       ,ProLighting Specialists,NA                            ,SP_000056,NOR,Commercial & Industrial,10.4,3.754,10,0,AUD,,INV_001269,LINE_000014,20130509,ORD_001269,20130509,49:58.7
20130327,2013,9,2013,3,27,205,CUST_000398,200,ITEM_000052,LMP                           ,LMP05002                      ,LMP05                         ,7,Trade          ,C                             ,76,NET_SALES                     ,Discontinuing,Traditional,5N2,G,J,ZZ1       ,Builders Supply Network,NA                            ,SP_000058,CRR,Commercial & Industrial,-9.46,-4.1294,-11,0,AUD,,INV_001270,LINE_000014,20130327,ORD_001270,20130327,49:58.7
20130627,2013,12,2013,6,27,205,CUST_000590,400,ITEM_000052,LMP                           ,LMP05002                      ,LMP05                         ,7,Trade          ,C                             ,76,NET_SALES                     ,Discontinuing,Traditional,5N2,G,J,ZZ1       ,Builders Supply Network,NA                            ,SP_000025,NOR,Commercial & Industrial,3.44,1.5156,4,0,AUD,,INV_001271,LINE_000014,20130627,ORD_001271,20130627,49:58.7
20130306,2013,9,2013,3,6,205,CUST_000591,600,ITEM_000052,LMP                           ,LMP05002                      ,LMP05                         ,7,Trade          ,C                             ,76,NET_SALES                     ,Discontinuing,Traditional,5W0,D,J,ZZ1       ,Builders Supply Network,NA                            ,SP_000056,NOR,Commercial & Industrial,8.6,4.241,10,0,AUD,,INV_001272,LINE_000014,20130306,ORD_001272,20130305,49:58.7
20130423,2013,10,2013,4,23,205,CUST_000591,600,ITEM_000052,LMP                           ,LMP05002                      ,LMP05                         ,7,Trade          ,C                             ,76,NET_SALES                     ,Discontinuing,Traditional,5W0,D,J,ZZ1       ,Builders Supply Network,NA                            ,SP_000056,NOR,Commercial & Industrial,8.6,3.754,10,0,AUD,,INV_001273,LINE_000014,20130423,ORD_001273,20130423,49:58.7
20130308,2013,9,2013,3,8,205,CUST_000320,200,ITEM_000052,LMP                           ,LMP05002                      ,LMP05                         ,7,Trade          ,C                             ,76,NET_SALES                     ,Discontinuing,Traditional,5N2,G,J,ZZ1       ,Builders Supply Network,NA                            ,SP_000058,NOR,Commercial & Industrial,1.72,0.7508,2,0,AUD,,INV_001274,LINE_000014,20130308,ORD_001274,20130307,49:58.7
20130408,2013,10,2013,4,8,205,CUST_000320,200,ITEM_000052,LMP                           ,LMP05002                      ,LMP05                         ,7,Trade          ,C                             ,76,NET_SALES                     ,Discontinuing,Traditional,5N2,G,J,ZZ1       ,Builders Supply Network,NA                            ,SP_000058,NOR,Commercial & Industrial,0.86,0.3754,1,0,AUD,,INV_001275,LINE_000014,20130408,ORD_001275,20130405,49:58.7
20130618,2013,12,2013,6,18,205,CUST_000592,200,ITEM_000045,COM                           ,COM03002                      ,COM03                         ,5,Trade          ,C                             ,CROM                                    ,NET_SALES                     ,Continuing,Accessories,5N2,A,J,NES,NextGen Electrical Solutions,NA                            ,SP_000011,NOR,Commercial & Industrial,135.0,77.7596,4,0,AUD,,INV_001276,LINE_000014,20130618,ORD_001276,20130617,49:58.7
20130522,2013,11,2013,5,22,205,CUST_000039,400,ITEM_000045,COM                           ,COM03002                      ,COM03                         ,5,Trade          ,C                             ,CROM                                    ,NET_SALES                     ,Continuing,Accessories,5N2,A,J,MED,Metro Electrical Distributors,NA                            ,SP_000006,NOR,Commercial & Industrial,101.25,56.6691,3,0,AUD,,INV_001277,LINE_000014,20130522,ORD_001277,20130522,49:58.7
20130530,2013,11,2013,5,30,205,CUST_000593,200,ITEM_000045,COM                           ,COM03002                      ,COM03                         ,5,Trade          ,C                             ,CROM                                    ,NET_SALES                     ,Continuing,Accessories,5N2,A,J,NES,NextGen Electrical Solutions,NA                            ,SP_000011,NOR,Commercial & Industrial,320.6,188.897,10,0,AUD,,INV_001278,LINE_000014,20130530,ORD_001278,20130529,49:58.7
20130518,2013,11,2013,5,18,205,CUST_000594,400,ITEM_000045,COM                           ,COM03002                      ,COM03                         ,5,Trade          ,C                             ,CROM                                    ,NET_SALES                     ,Continuing,Accessories,5N2,A,J,NES,NextGen Electrical Solutions,NA                            ,SP_000019,NOR,Commercial & Industrial,64.12,39.98,2,0,AUD,,INV_001279,LINE_000014,20130518,ORD_001279,20130509,49:58.7
20130528,2013,11,2013,5,28,205,CUST_000253,300,ITEM_000045,COM                           ,COM03002                      ,COM03                         ,5,Trade          ,C                             ,CROM                                    ,NET_SALES                     ,Continuing,Accessories,5N2,A,J,NES,NextGen Electrical Solutions,NA                            ,SP_000008,NOR,Commercial & Industrial,64.12,37.7794,2,0,AUD,,INV_001280,LINE_000014,20130528,ORD_001280,20130520,49:58.7
20130411,2013,10,2013,4,11,205,CUST_000332,600,ITEM_000045,COM                           ,COM03002                      ,COM03                         ,5,Trade          ,C                             ,CROM                                    ,NET_SALES                     ,Continuing,Accessories,5W0,D,J,ZZ8       ,EndUser Solutions,NA                            ,SP_000031,NOR,Commercial & Industrial,116.82,79.96,4,0,AUD,,INV_001281,LINE_000014,20130411,ORD_001281,20130410,49:58.7
20130530,2013,11,2013,5,30,205,CUST_000595,200,ITEM_000045,COM                           ,COM03002                      ,COM03                         ,5,Trade          ,C                             ,CROM                                    ,NET_SALES                     ,Continuing,Accessories,5N2,A,J,NES,NextGen Electrical Solutions,NA                            ,SP_000007,NOR,Commercial & Industrial,64.12,37.7794,2,0,AUD,,INV_001282,LINE_000014,20130530,ORD_001282,20130521,49:58.7
20130611,2013,12,2013,6,11,205,CUST_000459,500,ITEM_000058,LMP                           ,LMP05017                      ,LMP05                         ,7,Trade          ,C                             ,76,NET_SALES                     ,Discontinuing,Traditional,5S0,J,J,ZZ2       ,Independent Retailers Association,NA                            ,SP_000046,NOR,Commercial & Industrial,6.48,3.0036,6,0,AUD,,INV_001283,LINE_000014,20130611,ORD_001283,20130611,49:58.7
20130313,2013,9,2013,3,13,205,CUST_000596,300,ITEM_000058,LMP                           ,LMP05017                      ,LMP05                         ,7,Trade          ,C                             ,76,NET_SALES                     ,Discontinuing,Traditional,5N2,J,J,ZZ2       ,Independent Retailers Association,NA                            ,SP_000033,NOR,Commercial & Industrial,24.0,11.154,20,0,AUD,,INV_001284,LINE_000014,20130313,ORD_001284,20130313,49:58.7
20130314,2013,9,2013,3,14,205,CUST_000235,500,ITEM_000058,LMP                           ,LMP05017                      ,LMP05                         ,7,Trade          ,C                             ,76,NET_SALES                     ,Discontinuing,Traditional,5S0,J,J,ZZ8       ,EndUser Solutions,NA                            ,SP_000046,NOR,Commercial & Industrial,1.86,1.1016,2,0,AUD,,INV_001285,LINE_000014,20130314,ORD_001285,20130314,49:58.7
20130212,2013,8,2013,2,12,205,CUST_000597,500,ITEM_000058,LMP                           ,LMP05017                      ,LMP05                         ,7,Trade          ,C                             ,76,NET_SALES                     ,Discontinuing,Traditional,5S0,J,J,ZZ2       ,Independent Retailers Association,NA                            ,SP_000046,NOR,Commercial & Industrial,25.92,13.2192,24,0,AUD,,INV_001286,LINE_000014,20130212,ORD_001286,20130212,49:58.7
20130111,2013,7,2013,1,11,205,CUST_000449,500,ITEM_000058,LMP                           ,LMP05017                      ,LMP05                         ,7,Trade          ,C                             ,76,NET_SALES                     ,Discontinuing,Traditional,5S0,J,J,ZZ2       ,Independent Retailers Association,NA                            ,SP_000046,NOR,Commercial & Industrial,21.6,11.016,20,0,AUD,,INV_001287,LINE_000014,20130111,ORD_001287,20130110,49:58.7
20130506,2013,11,2013,5,6,205,CUST_000449,500,ITEM_000058,LMP                           ,LMP05017                      ,LMP05                         ,7,Trade          ,C                             ,76,NET_SALES                     ,Discontinuing,Traditional,5S0,J,J,ZZ2       ,Independent Retailers Association,NA                            ,SP_000046,NOR,Commercial & Industrial,21.6,11.016,20,0,AUD,,INV_001288,LINE_000014,20130506,ORD_001288,20130506,49:58.7
20130118,2013,7,2013,1,18,205,CUST_000598,300,ITEM_000056,LMP                           ,LMP05017                      ,LMP05                         ,7,Trade          ,C                             ,76,NET_SALES                     ,Discontinuing,Traditional,5N2,J,J,ZZ3       ,ProLighting Specialists,NA                            ,SP_000077,NOR,Commercial & Industrial,23.4,10.544,20,0,AUD,,INV_001289,LINE_000014,20130118,ORD_001289,20130117,49:58.7
20130218,2013,8,2013,2,18,205,CUST_000456,400,ITEM_000056,LMP                           ,LMP05017                      ,LMP05                         ,7,Trade          ,C                             ,76,NET_SALES                     ,Discontinuing,Traditional,5Q0,J,J,ZZ1       ,Builders Supply Network,NA                            ,SP_000067,CRD,Commercial & Industrial,-13.0,0.0,0,1,AUD,,INV_001290,LINE_000014,20130218,ORD_001290,20130218,49:58.7
20130514,2013,11,2013,5,14,205,CUST_000375,400,ITEM_000056,LMP                           ,LMP05017                      ,LMP05                         ,7,Trade          ,C                             ,76,NET_SALES                     ,Discontinuing,Traditional,5N2,J,J,ZZ1       ,Builders Supply Network,NA                            ,SP_000006,NOR,Commercial & Industrial,6.5,2.636,5,0,AUD,,INV_001008,LINE_000014,20130514,ORD_001008,20130514,49:58.7
20130607,2013,12,2013,6,7,205,CUST_000265,300,ITEM_000056,LMP                           ,LMP05017                      ,LMP05                         ,7,Trade          ,C                             ,76,NET_SALES                     ,Discontinuing,Traditional,5N2,J,J,ZZ8       ,EndUser Solutions,NA                            ,SP_000033,NOR,Commercial & Industrial,97.0,52.72,100,0,AUD,,INV_001291,LINE_000014,20130607,ORD_001291,20130606,49:58.7
20130514,2013,11,2013,5,14,205,CUST_000304,200,ITEM_000056,LMP                           ,LMP05017                      ,LMP05                         ,7,Trade          ,C                             ,76,NET_SALES                     ,Discontinuing,Traditional,5N2,J,J,ZZ1       ,Builders Supply Network,NA                            ,SP_000045,NOR,Commercial & Industrial,6.5,2.636,5,0,AUD,,INV_001292,LINE_000014,20130514,ORD_001292,20130513,49:58.7
20130424,2013,10,2013,4,24,205,CUST_000380,200,ITEM_000056,LMP                           ,LMP05017                      ,LMP05                         ,7,Trade          ,C                             ,76,NET_SALES                     ,Discontinuing,Traditional,5N2,J,J,ZZ2       ,Independent Retailers Association,NA                            ,SP_000045,NOR,Commercial & Industrial,13.0,5.272,10,0,AUD,,INV_000905,LINE_000014,20130424,ORD_000905,20130424,49:58.7
20130207,2013,8,2013,2,7,205,CUST_000599,400,ITEM_000044,LMP                           ,LMP05017                      ,LMP05                         ,7,Trade          ,C                             ,76,NET_SALES                     ,Discontinuing,Traditional,5N2,J,J,ZZ1       ,Builders Supply Network,NA                            ,SP_000067,NOR,Commercial & Industrial,16.2,4.365,10,0,AUD,,INV_001293,LINE_000014,20130207,ORD_001293,20130206,49:58.7
20130121,2013,7,2013,1,21,205,CUST_000600,500,ITEM_000044,LMP                           ,LMP05017                      ,LMP05                         ,7,Trade          ,C                             ,76,NET_SALES                     ,Discontinuing,Traditional,5S0,J,J,ZZ2       ,Independent Retailers Association,NA                            ,SP_000059,NOR,Commercial & Industrial,4.37,1.3863,3,0,AUD,,INV_001294,LINE_000014,20130121,ORD_001294,20130121,49:58.7
20130109,2013,7,2013,1,9,205,CUST_000352,400,ITEM_000044,LMP                           ,LMP05017                      ,LMP05                         ,7,Trade          ,C                             ,76,NET_SALES                     ,Discontinuing,Traditional,5N2,J,J,NES,NextGen Electrical Solutions,NA                            ,SP_000020,NOR,Commercial & Industrial,38.88,11.0928,24,0,AUD,,INV_001295,LINE_000014,20130109,ORD_001295,20130108,49:58.7
20130410,2013,10,2013,4,10,205,CUST_000601,200,ITEM_000044,LMP                           ,LMP05017                      ,LMP05                         ,7,Trade          ,C                             ,76,NET_SALES                     ,Discontinuing,Traditional,5N2,J,J,ZZ2       ,Independent Retailers Association,NA                            ,SP_000048,NOR,Commercial & Industrial,29.16,8.73,20,0,AUD,,INV_001296,LINE_000014,20130410,ORD_001296,20130409,49:58.7
20130115,2013,7,2013,1,15,205,CUST_000375,400,ITEM_000044,LMP                           ,LMP05017                      ,LMP05                         ,7,Trade          ,C                             ,76,NET_SALES                     ,Discontinuing,Traditional,5N2,J,J,ZZ1       ,Builders Supply Network,NA                            ,SP_000006,NOR,Commercial & Industrial,8.1,2.311,5,0,AUD,,INV_001297,LINE_000014,20130115,ORD_001297,20130114,49:58.7
20130415,2013,10,2013,4,15,205,CUST_000375,400,ITEM_000044,LMP                           ,LMP05017                      ,LMP05                         ,7,Trade          ,C                             ,76,NET_SALES                     ,Discontinuing,Traditional,5N2,J,J,ZZ1       ,Builders Supply Network,NA                            ,SP_000006,NOR,Commercial & Industrial,4.86,1.3095,3,0,AUD,,INV_001298,LINE_000014,20130415,ORD_001298,20130415,49:58.7
20130116,2013,7,2013,1,16,205,CUST_000382,200,ITEM_000060,LMP                           ,LMP05026                      ,LMP05                         ,7,Trade          ,C                             ,219,NET_SALES                     ,Discontinuing,Traditional,5N2,C,J,AEG,Aussie Energy Group,NA                            ,SP_000007,NOR,Commercial & Industrial,18.0,3.834,10,0,AUD,,INV_001299,LINE_000014,20130116,ORD_001299,20130115,49:58.7
20130508,2013,11,2013,5,8,205,CUST_000602,400,ITEM_000060,LMP                           ,LMP05026                      ,LMP05                         ,7,Trade          ,C                             ,219,NET_SALES                     ,Discontinuing,Traditional,5N2,C,J,ZZ1       ,Builders Supply Network,NA                            ,SP_000067,NOR,Commercial & Industrial,10.8,2.3004,6,0,AUD,,INV_001300,LINE_000014,20130508,ORD_001300,20130507,49:58.7
20130530,2013,11,2013,5,30,205,CUST_000603,200,ITEM_000045,COM                           ,COM03002                      ,COM03                         ,5,Trade          ,C                             ,CROM                                    ,NET_SALES                     ,Continuing,Accessories,5N2,A,J,NES,NextGen Electrical Solutions,NA                            ,SP_000021,NOR,Commercial & Industrial,64.12,37.7794,2,0,AUD,,INV_001301,LINE_000014,20130530,ORD_001301,20130522,49:58.7
20130227,2013,8,2013,2,27,205,CUST_000292,300,ITEM_000045,COM                           ,COM03002                      ,COM03                         ,5,Trade          ,C                             ,CROM                                    ,NET_SALES                     ,Continuing,Accessories,5N2,A,J,MED,Metro Electrical Distributors,NA                            ,SP_000002,NOR,Commercial & Industrial,67.5,39.98,2,0,AUD,,INV_001302,LINE_000014,20130227,ORD_001302,20130227,49:58.7
20130605,2013,12,2013,6,5,205,CUST_000363,500,ITEM_000045,COM                           ,COM03002                      ,COM03                         ,5,Trade          ,C                             ,CROM                                    ,NET_SALES                     ,Continuing,Accessories,5N2,A,J,NES,NextGen Electrical Solutions,NA                            ,SP_000003,NOR,Commercial & Industrial,472.5,264.4558,14,0,AUD,,INV_001303,LINE_000014,20130605,ORD_001303,20130605,49:58.7
20130521,2013,11,2013,5,21,205,CUST_000556,400,ITEM_000045,COM                           ,COM03002                      ,COM03                         ,5,Trade          ,C                             ,CROM                                    ,NET_SALES                     ,Continuing,Accessories,5N2,A,J,NES,NextGen Electrical Solutions,NA                            ,SP_000006,NOR,Commercial & Industrial,64.12,37.7794,2,0,AUD,,INV_001304,LINE_000014,20130521,ORD_001304,20130513,49:58.7
20130521,2013,11,2013,5,21,205,CUST_000405,400,ITEM_000045,COM                           ,COM03002                      ,COM03                         ,5,Trade          ,C                             ,CROM                                    ,NET_SALES                     ,Continuing,Accessories,5N2,A,J,NES,NextGen Electrical Solutions,NA                            ,SP_000020,NOR,Commercial & Industrial,64.12,37.7794,2,0,AUD,,INV_001305,LINE_000014,20130521,ORD_001305,20130509,49:58.7
20130517,2013,11,2013,5,17,205,CUST_000604,400,ITEM_000045,COM                           ,COM03002                      ,COM03                         ,5,Trade          ,C                             ,CROM                                    ,NET_SALES                     ,Continuing,Accessories,5N2,A,J,NES,NextGen Electrical Solutions,NA                            ,SP_000018,NOR,Commercial & Industrial,64.12,39.98,2,0,AUD,,INV_001306,LINE_000014,20130517,ORD_001306,20130515,49:58.7
20130530,2013,11,2013,5,30,205,CUST_000605,210,ITEM_000045,COM                           ,COM03002                      ,COM03                         ,5,Trade          ,C                             ,CROM                                    ,NET_SALES                     ,Continuing,Accessories,5N2,A,J,NES,NextGen Electrical Solutions,NA                            ,SP_000012,NOR,Commercial & Industrial,64.12,37.7794,2,0,AUD,,INV_001307,LINE_000014,20130530,ORD_001307,20130522,49:58.7
20130521,2013,11,2013,5,21,205,CUST_000606,400,ITEM_000045,COM                           ,COM03002                      ,COM03                         ,5,Trade          ,C                             ,CROM                                    ,NET_SALES                     ,Continuing,Accessories,5N2,A,J,NES,NextGen Electrical Solutions,NA                            ,SP_000078,NOR,Commercial & Industrial,64.12,37.7794,2,0,AUD,,INV_001308,LINE_000014,20130521,ORD_001308,20130516,49:58.7
20130529,2013,11,2013,5,29,205,CUST_000607,200,ITEM_000045,COM                           ,COM03002                      ,COM03                         ,5,Trade          ,C                             ,CROM                                    ,NET_SALES                     ,Continuing,Accessories,5N2,A,J,NES,NextGen Electrical Solutions,NA                            ,SP_000010,NOR,Commercial & Industrial,64.12,37.7794,2,0,AUD,,INV_001309,LINE_000014,20130529,ORD_001309,20130523,49:58.7
20130520,2013,11,2013,5,20,205,CUST_000608,510,ITEM_000052,LMP                           ,LMP05002                      ,LMP05                         ,7,Trade          ,C                             ,76,NET_SALES                     ,Discontinuing,Traditional,5N2,G,J,ZZ1       ,Builders Supply Network,NA                            ,SP_000059,NOR,Commercial & Industrial,5.16,2.2734,6,0,AUD,,INV_001310,LINE_000014,20130520,ORD_001310,20130502,49:58.7
20130614,2013,12,2013,6,14,205,CUST_000609,600,ITEM_000052,LMP                           ,LMP05002                      ,LMP05                         ,7,Trade          ,C                             ,76,NET_SALES                     ,Discontinuing,Traditional,5W0,D,J,ZZ1       ,Builders Supply Network,NA                            ,SP_000058,NOR,Commercial & Industrial,8.6,3.775,10,0,AUD,,INV_001311,LINE_000014,20130614,ORD_001311,20130613,49:58.7
20130606,2013,12,2013,6,6,205,CUST_000610,710,ITEM_000052,LMP                           ,LMP05002                      ,LMP05                         ,7,Trade          ,C                             ,76,NET_SALES                     ,Discontinuing,Traditional,5N2,G,J,ZZ1       ,Builders Supply Network,NA                            ,SP_000064,CRD,Commercial & Industrial,-0.86,0.0,0,1,AUD,,INV_001312,LINE_000014,20130606,ORD_001312,20130606,49:58.7
20130408,2013,10,2013,4,8,205,CUST_000611,300,ITEM_000052,LMP                           ,LMP05002                      ,LMP05                         ,7,Trade          ,C                             ,76,NET_SALES                     ,Discontinuing,Traditional,5N2,G,J,ZZ1       ,Builders Supply Network,NA                            ,SP_000033,NOR,Commercial & Industrial,8.6,3.754,10,0,AUD,,INV_001313,LINE_000014,20130408,ORD_001313,20130405,49:58.7
20130118,2013,7,2013,1,18,205,CUST_000612,200,ITEM_000052,LMP                           ,LMP05002                      ,LMP05                         ,7,Trade          ,C                             ,76,NET_SALES                     ,Discontinuing,Traditional,5N2,G,J,ZZ3       ,ProLighting Specialists,NA                            ,SP_000062,NOR,Commercial & Industrial,9.36,4.241,10,0,AUD,,INV_001314,LINE_000014,20130118,ORD_001314,20130117,49:58.7
20130516,2013,11,2013,5,16,205,CUST_000613,210,ITEM_000052,LMP                           ,LMP05002                      ,LMP05                         ,7,Trade          ,C                             ,76,NET_SALES                     ,Discontinuing,Traditional,5N2,G,J,UES,Unified Electrical Suppliers,NA                            ,SP_000012,NOR,Commercial & Industrial,5.2,1.8945,5,0,AUD,,INV_001315,LINE_000014,20130516,ORD_001315,20130515,49:58.7
20130614,2013,12,2013,6,14,205,CUST_000614,300,ITEM_000052,LMP                           ,LMP05002                      ,LMP05                         ,7,Trade          ,C                             ,76,NET_SALES                     ,Discontinuing,Traditional,5N2,G,J,ZZ1       ,Builders Supply Network,NA                            ,SP_000033,NOR,Commercial & Industrial,5.16,2.2734,6,0,AUD,,INV_001316,LINE_000014,20130614,ORD_001316,20130613,49:58.7
20130423,2013,10,2013,4,23,205,CUST_000615,600,ITEM_000052,LMP                           ,LMP05002                      ,LMP05                         ,7,Trade          ,C                             ,76,NET_SALES                     ,Discontinuing,Traditional,5W0,D,J,ZZ1       ,Builders Supply Network,NA                            ,SP_000056,NOR,Commercial & Industrial,10.32,4.5048,12,0,AUD,,INV_001317,LINE_000014,20130423,ORD_001317,20130422,49:58.7
20130116,2013,7,2013,1,16,205,CUST_000246,500,ITEM_000058,LMP                           ,LMP05017                      ,LMP05                         ,7,Trade          ,C                             ,76,NET_SALES                     ,Discontinuing,Traditional,5S0,J,J,ZZ2       ,Independent Retailers Association,NA                            ,SP_000049,NOR,Commercial & Industrial,11.4,5.508,10,0,AUD,,INV_001318,LINE_000014,20130116,ORD_001318,20130115,49:58.7
20130319,2013,9,2013,3,19,205,CUST_000459,500,ITEM_000058,LMP                           ,LMP05017                      ,LMP05                         ,7,Trade          ,C                             ,76,NET_SALES                     ,Discontinuing,Traditional,5S0,J,J,ZZ2       ,Independent Retailers Association,NA                            ,SP_000046,NOR,Commercial & Industrial,10.8,5.508,10,0,AUD,,INV_001319,LINE_000014,20130319,ORD_001319,20130319,49:58.7
20130516,2013,11,2013,5,16,205,CUST_000235,500,ITEM_000058,LMP                           ,LMP05017                      ,LMP05                         ,7,Trade          ,C                             ,76,NET_SALES                     ,Discontinuing,Traditional,5S0,J,J,ZZ8       ,EndUser Solutions,NA                            ,SP_000046,NOR,Commercial & Industrial,1.86,1.0474,2,0,AUD,,INV_001320,LINE_000014,20130516,ORD_001320,20130515,49:58.7
20130325,2013,9,2013,3,25,205,CUST_000313,500,ITEM_000058,LMP                           ,LMP05017                      ,LMP05                         ,7,Trade          ,C                             ,76,NET_SALES                     ,Discontinuing,Traditional,5S0,J,J,ZZ1       ,Builders Supply Network,NA                            ,SP_000059,NOR,Commercial & Industrial,2.4,1.1016,2,0,AUD,,INV_000794,LINE_000014,20130325,ORD_000794,20130325,49:58.7
20130523,2013,11,2013,5,23,205,CUST_000313,500,ITEM_000058,LMP                           ,LMP05017                      ,LMP05                         ,7,Trade          ,C                             ,76,NET_SALES                     ,Discontinuing,Traditional,5S0,J,J,ZZ1       ,Builders Supply Network,NA                            ,SP_000059,NOR,Commercial & Industrial,4.8,2.0144,4,0,AUD,,INV_001321,LINE_000014,20130523,ORD_001321,20130522,49:58.7
20130312,2013,9,2013,3,12,205,CUST_000616,500,ITEM_000058,LMP                           ,LMP05017                      ,LMP05                         ,7,Trade          ,C                             ,76,NET_SALES                     ,Discontinuing,Traditional,5S0,J,J,ZZ2       ,Independent Retailers Association,NA                            ,SP_000077,NOR,Commercial & Industrial,2.16,1.1016,2,0,AUD,,INV_001322,LINE_000014,20130312,ORD_001322,20130312,49:58.7
20130417,2013,10,2013,4,17,205,CUST_000617,310,ITEM_000058,LMP                           ,LMP05017                      ,LMP05                         ,7,Trade          ,C                             ,76,NET_SALES                     ,Discontinuing,Traditional,5N2,J,J,ELC,ElectraCorp Ltd,NA                            ,SP_000005,NOR,Commercial & Industrial,12.0,5.577,10,0,AUD,,INV_001323,LINE_000014,20130417,ORD_001323,20130416,49:58.7
20130321,2013,9,2013,3,21,205,CUST_000235,500,ITEM_000056,LMP                           ,LMP05017                      ,LMP05                         ,7,Trade          ,C                             ,76,NET_SALES                     ,Discontinuing,Traditional,5S0,J,J,ZZ8       ,EndUser Solutions,NA                            ,SP_000046,NOR,Commercial & Industrial,5.0,2.6345,5,0,AUD,,INV_001324,LINE_000014,20130321,ORD_001324,20130321,49:58.7
20130207,2013,8,2013,2,7,205,CUST_000618,400,ITEM_000056,LMP                           ,LMP05017                      ,LMP05                         ,7,Trade          ,C                             ,76,NET_SALES                     ,Discontinuing,Traditional,5N2,J,J,ZZ1       ,Builders Supply Network,NA                            ,SP_000067,NOR,Commercial & Industrial,13.0,5.272,10,0,AUD,,INV_001325,LINE_000014,20130207,ORD_001325,20130206,49:58.7
20130507,2013,11,2013,5,7,205,CUST_000306,200,ITEM_000056,LMP                           ,LMP05017                      ,LMP05                         ,7,Trade          ,C                             ,76,NET_SALES                     ,Discontinuing,Traditional,5N2,J,J,ZZ1       ,Builders Supply Network,NA                            ,SP_000048,NOR,Commercial & Industrial,13.0,5.272,10,0,AUD,,INV_001326,LINE_000014,20130507,ORD_001326,20130506,49:58.7
20130509,2013,11,2013,5,9,205,CUST_000619,400,ITEM_000056,LMP                           ,LMP05017                      ,LMP05                         ,7,Trade          ,C                             ,76,NET_SALES                     ,Discontinuing,Traditional,5N2,J,J,ZZ2       ,Independent Retailers Association,NA                            ,SP_000006,NOR,Commercial & Industrial,2.34,1.0544,2,0,AUD,,INV_001327,LINE_000014,20130509,ORD_001327,20130509,49:58.7
20130305,2013,9,2013,3,5,205,CUST_000620,500,ITEM_000056,LMP                           ,LMP05017                      ,LMP05                         ,7,Trade          ,C                             ,76,NET_SALES                     ,Discontinuing,Traditional,5S0,J,J,ZZ1       ,Builders Supply Network,NA                            ,SP_000050,NOR,Commercial & Industrial,13.0,5.269,10,0,AUD,,INV_001328,LINE_000014,20130305,ORD_001328,20130304,49:58.7
20130625,2013,12,2013,6,25,205,CUST_000038,400,ITEM_000056,LMP                           ,LMP05017                      ,LMP05                         ,7,Trade          ,C                             ,76,NET_SALES                     ,Discontinuing,Traditional,5N2,J,J,ELC,ElectraCorp Ltd,NA                            ,SP_000015,NOR,Commercial & Industrial,39.0,15.816,30,0,AUD,,INV_001329,LINE_000014,20130625,ORD_001329,20130625,49:58.7
20130227,2013,8,2013,2,27,205,CUST_000375,400,ITEM_000060,LMP                           ,LMP05026                      ,LMP05                         ,7,Trade          ,C                             ,219,NET_SALES                     ,Discontinuing,Traditional,5N2,C,J,ZZ1       ,Builders Supply Network,NA                            ,SP_000006,NOR,Commercial & Industrial,9.0,1.917,5,0,AUD,,INV_001330,LINE_000014,20130227,ORD_001330,20130227,49:58.7
20130509,2013,11,2013,5,9,205,CUST_000375,400,ITEM_000060,LMP                           ,LMP05026                      ,LMP05                         ,7,Trade          ,C                             ,219,NET_SALES                     ,Discontinuing,Traditional,5Q0,D,J,ZZ1       ,Builders Supply Network,NA                            ,SP_000006,CRR,Commercial & Industrial,-9.0,-1.917,-5,0,AUD,,INV_001331,LINE_000014,20130509,ORD_001331,20130509,49:58.7
20130520,2013,11,2013,5,20,205,CUST_000621,400,ITEM_000060,LMP                           ,LMP05026                      ,LMP05                         ,7,Trade          ,C                             ,219,NET_SALES                     ,Discontinuing,Traditional,5N2,C,J,ZZ1       ,Builders Supply Network,NA                            ,SP_000067,NOR,Commercial & Industrial,18.0,3.834,10,0,AUD,,INV_001332,LINE_000014,20130520,ORD_001332,20130517,49:58.7
20130131,2013,7,2013,1,31,205,CUST_000622,200,ITEM_000060,LMP                           ,LMP05026                      ,LMP05                         ,7,Trade          ,C                             ,219,NET_SALES                     ,Discontinuing,Traditional,5N2,C,J,ZZ1       ,Builders Supply Network,NA                            ,SP_000065,NOR,Commercial & Industrial,10.8,2.3004,6,0,AUD,,INV_001333,LINE_000014,20130131,ORD_001333,20130130,49:58.7
20130416,2013,10,2013,4,16,205,CUST_000102,200,ITEM_000060,LMP                           ,LMP05026                      ,LMP05                         ,7,Trade          ,C                             ,219,NET_SALES                     ,Discontinuing,Traditional,5N2,C,J,MED,Metro Electrical Distributors,NA                            ,SP_000007,NOR,Commercial & Industrial,18.0,3.834,10,0,AUD,,INV_001334,LINE_000014,20130416,ORD_001334,20130416,49:58.7
20130122,2013,7,2013,1,22,205,CUST_000034,200,ITEM_000060,LMP                           ,LMP05026                      ,LMP05                         ,7,Trade          ,C                             ,219,NET_SALES                     ,Discontinuing,Traditional,5N2,C,J,MED,Metro Electrical Distributors,NA                            ,SP_000010,NOR,Commercial & Industrial,18.0,3.834,10,0,AUD,,INV_001335,LINE_000014,20130122,ORD_001335,20130122,49:58.7
20130518,2013,11,2013,5,18,205,CUST_000326,410,ITEM_000045,COM                           ,COM03002                      ,COM03                         ,5,Trade          ,C                             ,CROM                                    ,NET_SALES                     ,Continuing,Accessories,5N2,A,J,NES,NextGen Electrical Solutions,NA                            ,SP_000001,NOR,Commercial & Industrial,64.12,39.98,2,0,AUD,,INV_001336,LINE_000014,20130518,ORD_001336,20130515,49:58.7
20130522,2013,11,2013,5,22,205,CUST_000623,400,ITEM_000045,COM                           ,COM03002                      ,COM03                         ,5,Trade          ,C                             ,CROM                                    ,NET_SALES                     ,Continuing,Accessories,5N2,A,J,NES,NextGen Electrical Solutions,NA                            ,SP_000006,NOR,Commercial & Industrial,64.12,37.7794,2,0,AUD,,INV_001337,LINE_000014,20130522,ORD_001337,20130513,49:58.7
20130518,2013,11,2013,5,18,205,CUST_000624,400,ITEM_000045,COM                           ,COM03002                      ,COM03                         ,5,Trade          ,C                             ,CROM                                    ,NET_SALES                     ,Continuing,Accessories,5N2,A,J,NES,NextGen Electrical Solutions,NA                            ,SP_000019,NOR,Commercial & Industrial,64.12,39.98,2,0,AUD,,INV_001338,LINE_000014,20130518,ORD_001338,20130515,49:58.7
20130318,2013,9,2013,3,18,205,CUST_000242,300,ITEM_000045,COM                           ,COM03002                      ,COM03                         ,5,Trade          ,C                             ,CROM                                    ,NET_SALES                     ,Continuing,Accessories,5N2,A,J,MED,Metro Electrical Distributors,NA                            ,SP_000002,NOR,Commercial & Industrial,135.0,79.96,4,0,AUD,,INV_001339,LINE_000014,20130318,ORD_001339,20130318,49:58.7
20130528,2013,11,2013,5,28,205,CUST_000625,300,ITEM_000045,COM                           ,COM03002                      ,COM03                         ,5,Trade          ,C                             ,CROM                                    ,NET_SALES                     ,Continuing,Accessories,5N2,A,J,NES,NextGen Electrical Solutions,NA                            ,SP_000004,NOR,Commercial & Industrial,64.12,37.7794,2,0,AUD,,INV_001340,LINE_000014,20130528,ORD_001340,20130516,49:58.7
20130529,2013,11,2013,5,29,205,CUST_000090,200,ITEM_000045,COM                           ,COM03002                      ,COM03                         ,5,Trade          ,C                             ,CROM                                    ,NET_SALES                     ,Continuing,Accessories,5N2,A,J,MED,Metro Electrical Distributors,NA                            ,SP_000007,NOR,Commercial & Industrial,33.75,18.8897,1,0,AUD,,INV_001341,LINE_000014,20130529,ORD_001341,20130529,49:58.7
20130529,2013,11,2013,5,29,205,CUST_000626,500,ITEM_000045,COM                           ,COM03002                      ,COM03                         ,5,Trade          ,C                             ,CROM                                    ,NET_SALES                     ,Continuing,Accessories,5N2,A,J,NES,NextGen Electrical Solutions,NA                            ,SP_000022,NOR,Commercial & Industrial,64.12,37.7794,2,0,AUD,,INV_001342,LINE_000014,20130529,ORD_001342,20130520,49:58.7
20130521,2013,11,2013,5,21,205,CUST_000319,400,ITEM_000058,LMP                           ,LMP05017                      ,LMP05                         ,7,Trade          ,C                             ,76,NET_SALES                     ,Discontinuing,Traditional,5N2,J,J,ZZ1       ,Builders Supply Network,NA                            ,SP_000006,NOR,Commercial & Industrial,12.0,4.976,10,0,AUD,,INV_001343,LINE_000014,20130521,ORD_001343,20130520,49:58.7
20130131,2013,7,2013,1,31,205,CUST_000235,500,ITEM_000058,LMP                           ,LMP05017                      ,LMP05                         ,7,Trade          ,C                             ,76,NET_SALES                     ,Discontinuing,Traditional,5S0,J,J,ZZ8       ,EndUser Solutions,NA                            ,SP_000046,NOR,Commercial & Industrial,3.72,2.2032,4,0,AUD,,INV_001115,LINE_000014,20130131,ORD_001115,20130131,49:58.7
20130131,2013,7,2013,1,31,205,CUST_000235,500,ITEM_000058,LMP                           ,LMP05017                      ,LMP05                         ,7,Trade          ,C                             ,76,NET_SALES                     ,Discontinuing,Traditional,5S0,J,J,ZZ8       ,EndUser Solutions,NA                            ,SP_000046,NOR,Commercial & Industrial,1.86,1.1016,2,0,AUD,,INV_001344,LINE_000014,20130131,ORD_001344,20130131,49:58.7
20130516,2013,11,2013,5,16,205,CUST_000235,500,ITEM_000058,LMP                           ,LMP05017                      ,LMP05                         ,7,Trade          ,C                             ,76,NET_SALES                     ,Discontinuing,Traditional,5S0,J,J,ZZ8       ,EndUser Solutions,NA                            ,SP_000046,NOR,Commercial & Industrial,3.72,2.0948,4,0,AUD,,INV_001345,LINE_000014,20130516,ORD_001345,20130515,49:58.7
20130214,2013,8,2013,2,14,205,CUST_000235,500,ITEM_000058,LMP                           ,LMP05017                      ,LMP05                         ,7,Trade          ,C                             ,76,NET_SALES                     ,Discontinuing,Traditional,5S0,J,J,ZZ8       ,EndUser Solutions,NA                            ,SP_000046,NOR,Commercial & Industrial,3.72,2.2032,4,0,AUD,,INV_001346,LINE_000014,20130214,ORD_001346,20130214,49:58.7
20130104,2013,7,2013,1,4,205,CUST_000311,210,ITEM_000058,LMP                           ,LMP05017                      ,LMP05                         ,7,Trade          ,C                             ,76,NET_SALES                     ,Discontinuing,Traditional,5N2,J,J,UES,Unified Electrical Suppliers,NA                            ,SP_000012,NOR,Commercial & Industrial,4.8,2.2308,4,0,AUD,,INV_001347,LINE_000014,20130104,ORD_001347,20130103,49:58.7
20130108,2013,7,2013,1,8,205,CUST_000247,500,ITEM_000058,LMP                           ,LMP05017                      ,LMP05                         ,7,Trade          ,C                             ,76,NET_SALES                     ,Discontinuing,Traditional,5S0,J,J,ZZ2       ,Independent Retailers Association,NA                            ,SP_000003,NOR,Commercial & Industrial,11.4,5.508,10,0,AUD,,INV_000701,LINE_000014,20130108,ORD_000702,20130107,49:58.7
20130417,2013,10,2013,4,17,205,CUST_000627,310,ITEM_000058,LMP                           ,LMP05017                      ,LMP05                         ,7,Trade          ,C                             ,76,NET_SALES                     ,Discontinuing,Traditional,5N2,J,J,ZZ2       ,Independent Retailers Association,NA                            ,SP_000005,NOR,Commercial & Industrial,21.6,11.154,20,0,AUD,,INV_001348,LINE_000014,20130417,ORD_001348,20130417,49:58.7
20130514,2013,11,2013,5,14,205,CUST_000520,300,ITEM_000056,LMP                           ,LMP05017                      ,LMP05                         ,7,Trade          ,C                             ,76,NET_SALES                     ,Discontinuing,Traditional,5N2,J,J,ZZ8       ,EndUser Solutions,NA                            ,SP_000033,NOR,Commercial & Industrial,13.0,5.272,10,0,AUD,,INV_001349,LINE_000014,20130514,ORD_001349,20130514,49:58.7
20130214,2013,8,2013,2,14,205,CUST_000585,400,ITEM_000056,LMP                           ,LMP05017                      ,LMP05                         ,7,Trade          ,C                             ,76,NET_SALES                     ,Discontinuing,Traditional,5N2,J,J,ZZ1       ,Builders Supply Network,NA                            ,SP_000006,NOR,Commercial & Industrial,25.0,10.544,20,0,AUD,,INV_001350,LINE_000014,20130214,ORD_001350,20130214,49:58.7
20130207,2013,8,2013,2,7,205,CUST_000235,500,ITEM_000056,LMP                           ,LMP05017                      ,LMP05                         ,7,Trade          ,C                             ,76,NET_SALES                     ,Discontinuing,Traditional,5S0,J,J,ZZ8       ,EndUser Solutions,NA                            ,SP_000046,NOR,Commercial & Industrial,3.0,1.5807,3,0,AUD,,INV_001351,LINE_000014,20130207,ORD_001351,20130207,49:58.7
20130605,2013,12,2013,6,5,205,CUST_000439,200,ITEM_000056,LMP                           ,LMP05017                      ,LMP05                         ,7,Trade          ,C                             ,76,NET_SALES                     ,Discontinuing,Traditional,5N2,J,J,ZZ8       ,EndUser Solutions,NA                            ,SP_000011,NOR,Commercial & Industrial,55.25,26.36,50,0,AUD,,INV_001352,LINE_000014,20130605,ORD_001352,20130604,49:58.7
20130603,2013,12,2013,6,3,205,CUST_000407,200,ITEM_000056,LMP                           ,LMP05017                      ,LMP05                         ,7,Trade          ,C                             ,76,NET_SALES                     ,Discontinuing,Traditional,5N2,J,J,ZZ1       ,Builders Supply Network,NA                            ,SP_000068,NOR,Commercial & Industrial,2.6,1.0544,2,0,AUD,,INV_001353,LINE_000014,20130603,ORD_001353,20130603,49:58.7
20130410,2013,10,2013,4,10,205,CUST_000407,200,ITEM_000056,LMP                           ,LMP05017                      ,LMP05                         ,7,Trade          ,C                             ,76,NET_SALES                     ,Discontinuing,Traditional,5N2,J,J,ZZ1       ,Builders Supply Network,NA                            ,SP_000068,NOR,Commercial & Industrial,1.3,0.5272,1,0,AUD,,INV_001354,LINE_000014,20130410,ORD_001354,20130409,49:58.7
20130305,2013,9,2013,3,5,205,CUST_000620,500,ITEM_000060,LMP                           ,LMP05026                      ,LMP05                         ,7,Trade          ,C                             ,219,NET_SALES                     ,Discontinuing,Traditional,5S0,D,J,ZZ1       ,Builders Supply Network,NA                            ,SP_000050,NOR,Commercial & Industrial,9.0,1.918,5,0,AUD,,INV_001328,LINE_000014,20130305,ORD_001328,20130304,49:58.7
20130613,2013,12,2013,6,13,205,CUST_000235,500,ITEM_000060,LMP                           ,LMP05026                      ,LMP05                         ,7,Trade          ,C                             ,219,NET_SALES                     ,Discontinuing,Traditional,5S0,D,J,ZZ8       ,EndUser Solutions,NA                            ,SP_000046,NOR,Commercial & Industrial,9.18,2.3016,6,0,AUD,,INV_001355,LINE_000014,20130613,ORD_001355,20130613,49:58.7
20130416,2013,10,2013,4,16,205,CUST_000628,200,ITEM_000060,LMP                           ,LMP05026                      ,LMP05                         ,7,Trade          ,C                             ,219,NET_SALES                     ,Discontinuing,Traditional,5N2,C,J,ZZ1       ,Builders Supply Network,NA                            ,SP_000048,NOR,Commercial & Industrial,18.0,3.834,10,0,AUD,,INV_001356,LINE_000014,20130416,ORD_001356,20130415,49:58.7
20130501,2013,11,2013,5,1,205,CUST_000629,400,ITEM_000060,LMP                           ,LMP05026                      ,LMP05                         ,7,Trade          ,C                             ,219,NET_SALES                     ,Discontinuing,Traditional,5N2,C,J,ZZ1       ,Builders Supply Network,NA                            ,SP_000067,NOR,Commercial & Industrial,9.0,1.917,5,0,AUD,,INV_001357,LINE_000014,20130501,ORD_001357,20130501,49:58.7
20130405,2013,10,2013,4,5,205,CUST_000215,210,ITEM_000060,LMP                           ,LMP05026                      ,LMP05                         ,7,Trade          ,C                             ,219,NET_SALES                     ,Discontinuing,Traditional,5N2,C,J,MED,Metro Electrical Distributors,NA                            ,SP_000012,NOR,Commercial & Industrial,10.8,2.3004,6,0,AUD,,INV_001358,LINE_000014,20130405,ORD_001358,20130404,49:58.7
20130529,2013,11,2013,5,29,205,CUST_000630,200,ITEM_000045,COM                           ,COM03002                      ,COM03                         ,5,Trade          ,C                             ,CROM                                    ,NET_SALES                     ,Continuing,Accessories,5N2,A,J,NES,NextGen Electrical Solutions,NA                            ,SP_000007,NOR,Commercial & Industrial,64.12,37.7794,2,0,AUD,,INV_001359,LINE_000014,20130529,ORD_001359,20130522,49:58.7
20130617,2013,12,2013,6,17,205,CUST_000227,200,ITEM_000045,COM                           ,COM03002                      ,COM03                         ,5,Trade          ,C                             ,CROM                                    ,NET_SALES                     ,Continuing,Accessories,5N2,A,J,NES,NextGen Electrical Solutions,NA                            ,SP_000010,NOR,Commercial & Industrial,32.06,19.4399,1,0,AUD,,INV_001360,LINE_000014,20130617,ORD_001360,20130614,49:58.7
20130502,2013,11,2013,5,2,205,CUST_000227,200,ITEM_000045,COM                           ,COM03002                      ,COM03                         ,5,Trade          ,C                             ,CROM                                    ,NET_SALES                     ,Continuing,Accessories,5N2,A,J,NES,NextGen Electrical Solutions,NA                            ,SP_000010,NOR,Commercial & Industrial,67.5,39.98,2,0,AUD,,INV_001361,LINE_000014,20130502,ORD_001361,20130502,49:58.7
20130530,2013,11,2013,5,30,205,CUST_000256,200,ITEM_000045,COM                           ,COM03002                      ,COM03                         ,5,Trade          ,C                             ,CROM                                    ,NET_SALES                     ,Continuing,Accessories,5N2,A,J,NES,NextGen Electrical Solutions,NA                            ,SP_000010,NOR,Commercial & Industrial,64.12,37.7794,2,0,AUD,,INV_001362,LINE_000014,20130530,ORD_001362,20130524,49:58.7
20130416,2013,10,2013,4,16,205,CUST_000180,300,ITEM_000045,COM                           ,COM03002                      ,COM03                         ,5,Trade          ,C                             ,CROM                                    ,NET_SALES                     ,Continuing,Accessories,5N2,A,J,MED,Metro Electrical Distributors,NA                            ,SP_000008,NOR,Commercial & Industrial,33.75,19.99,1,0,AUD,,INV_001363,LINE_000014,20130416,ORD_001363,20130416,49:58.7
20130529,2013,11,2013,5,29,205,CUST_000631,210,ITEM_000045,COM                           ,COM03002                      ,COM03                         ,5,Trade          ,C                             ,CROM                                    ,NET_SALES                     ,Continuing,Accessories,5N2,A,J,NES,NextGen Electrical Solutions,NA                            ,SP_000012,NOR,Commercial & Industrial,64.12,37.7794,2,0,AUD,,INV_001364,LINE_000014,20130529,ORD_001364,20130522,49:58.7
20130130,2013,7,2013,1,30,205,CUST_000307,200,ITEM_000052,LMP                           ,LMP05002                      ,LMP05                         ,7,Trade          ,C                             ,76,NET_SALES                     ,Discontinuing,Traditional,5N2,G,J,ZZ1       ,Builders Supply Network,NA                            ,SP_000058,NOR,Commercial & Industrial,1.72,0.8482,2,0,AUD,,INV_001365,LINE_000014,20130130,ORD_001365,20130129,49:58.7
20130521,2013,11,2013,5,21,205,CUST_000500,200,ITEM_000052,LMP                           ,LMP05002                      ,LMP05                         ,7,Trade          ,C                             ,76,NET_SALES                     ,Discontinuing,Traditional,5N2,G,J,NES,NextGen Electrical Solutions,NA                            ,SP_000011,NOR,Commercial & Industrial,4.16,1.5156,4,0,AUD,,INV_001366,LINE_000014,20130521,ORD_001366,20130520,49:58.7
20130325,2013,9,2013,3,25,205,CUST_000632,200,ITEM_000052,LMP                           ,LMP05002                      ,LMP05                         ,7,Trade          ,C                             ,76,NET_SALES                     ,Discontinuing,Traditional,5N2,G,J,ZZ1       ,Builders Supply Network,NA                            ,SP_000058,NOR,Commercial & Industrial,12.9,5.631,15,0,AUD,,INV_001367,LINE_000014,20130325,ORD_001367,20130321,49:58.7
20130507,2013,11,2013,5,7,205,CUST_000633,300,ITEM_000052,LMP                           ,LMP05002                      ,LMP05                         ,7,Trade          ,C                             ,76,NET_SALES                     ,Discontinuing,Traditional,5N2,G,J,ZZ1       ,Builders Supply Network,NA                            ,SP_000033,NOR,Commercial & Industrial,12.9,5.6835,15,0,AUD,,INV_001368,LINE_000014,20130507,ORD_001368,20130506,49:58.7
20130321,2013,9,2013,3,21,205,CUST_000634,410,ITEM_000052,LMP                           ,LMP05002                      ,LMP05                         ,7,Trade          ,C                             ,76,NET_SALES                     ,Discontinuing,Traditional,5N2,G,J,ZZ1       ,Builders Supply Network,NA                            ,SP_000025,NOR,Commercial & Industrial,4.3,1.877,5,0,AUD,,INV_001369,LINE_000014,20130321,ORD_001369,20130319,49:58.7
20130121,2013,7,2013,1,21,205,CUST_000265,300,ITEM_000052,LMP                           ,LMP05002                      ,LMP05                         ,7,Trade          ,C                             ,76,NET_SALES                     ,Discontinuing,Traditional,5N2,G,J,ZZ8       ,EndUser Solutions,NA                            ,SP_000033,NOR,Commercial & Industrial,78.0,42.41,100,0,AUD,,INV_001370,LINE_000014,20130121,ORD_001370,20130121,49:58.7
20130314,2013,9,2013,3,14,205,CUST_000635,200,ITEM_000058,LMP                           ,LMP05017                      ,LMP05                         ,7,Trade          ,C                             ,76,NET_SALES                     ,Discontinuing,Traditional,5N2,J,J,ZZ2       ,Independent Retailers Association,NA                            ,SP_000055,NOR,Commercial & Industrial,10.8,5.577,10,0,AUD,,INV_001371,LINE_000014,20130314,ORD_001371,20130313,49:58.7
20130424,2013,10,2013,4,24,205,CUST_000597,500,ITEM_000058,LMP                           ,LMP05017                      ,LMP05                         ,7,Trade          ,C                             ,76,NET_SALES                     ,Discontinuing,Traditional,5S0,J,J,ZZ2       ,Independent Retailers Association,NA                            ,SP_000046,NOR,Commercial & Industrial,6.48,3.3048,6,0,AUD,,INV_001372,LINE_000014,20130424,ORD_001372,20130424,49:58.7
20130523,2013,11,2013,5,23,205,CUST_000235,500,ITEM_000058,LMP                           ,LMP05017                      ,LMP05                         ,7,Trade          ,C                             ,76,NET_SALES                     ,Discontinuing,Traditional,5S0,J,J,ZZ8       ,EndUser Solutions,NA                            ,SP_000046,NOR,Commercial & Industrial,13.95,7.554,15,0,AUD,,INV_001373,LINE_000014,20130523,ORD_001373,20130523,49:58.7
20130501,2013,11,2013,5,1,205,CUST_000636,500,ITEM_000058,LMP                           ,LMP05017                      ,LMP05                         ,7,Trade          ,C                             ,76,NET_SALES                     ,Discontinuing,Traditional,5S0,J,J,ZZ2       ,Independent Retailers Association,NA                            ,SP_000059,NOR,Commercial & Industrial,4.32,2.2032,4,0,AUD,,INV_001374,LINE_000014,20130501,ORD_001374,20130501,49:58.7
20130305,2013,9,2013,3,5,205,CUST_000519,400,ITEM_000058,LMP                           ,LMP05017                      ,LMP05                         ,7,Trade          ,C                             ,76,NET_SALES                     ,Discontinuing,Traditional,5N2,J,J,MED,Metro Electrical Distributors,NA                            ,SP_000019,NOR,Commercial & Industrial,12.0,5.577,10,0,AUD,,INV_001375,LINE_000014,20130305,ORD_001375,20130304,49:58.7
20130219,2013,8,2013,2,19,205,CUST_000563,300,ITEM_000058,LMP                           ,LMP05017                      ,LMP05                         ,7,Trade          ,C                             ,76,NET_SALES                     ,Discontinuing,Traditional,5N2,J,J,ZZ2       ,Independent Retailers Association,NA                            ,SP_000033,NOR,Commercial & Industrial,6.0,2.7885,5,0,AUD,,INV_001376,LINE_000014,20130219,ORD_001376,20130218,49:58.7
20130502,2013,11,2013,5,2,205,CUST_000311,210,ITEM_000058,LMP                           ,LMP05017                      ,LMP05                         ,7,Trade          ,C                             ,76,NET_SALES                     ,Discontinuing,Traditional,5N2,J,J,UES,Unified Electrical Suppliers,NA                            ,SP_000012,NOR,Commercial & Industrial,12.0,4.976,10,0,AUD,,INV_001107,LINE_000014,20130502,ORD_001107,20130501,49:58.7
20130201,2013,8,2013,2,1,205,CUST_000311,210,ITEM_000058,LMP                           ,LMP05017                      ,LMP05                         ,7,Trade          ,C                             ,76,NET_SALES                     ,Discontinuing,Traditional,5N2,J,J,UES,Unified Electrical Suppliers,NA                            ,SP_000012,NOR,Commercial & Industrial,12.0,5.577,10,0,AUD,,INV_001377,LINE_000014,20130201,ORD_001377,20130201,49:58.7
